master_record_number,agency,agency_tracking_number,county,city,collision_date,vehicles_involved,number_injured,number_dead,latitude,longitude,roadway_name,roadway_suffix,roadway_number,roadway_local_id,distance_from_reference,miles-feet_indicator,direction_from_reference,intersection_road_name,intersection_road_name_suffix,intersection_road_number,intersection_local_id,mile_marker,intersection_indicator,intersect_type,interchange_related_indicator,relation_to_junction,work_zone_type,construction_maintenance_zone,construction_maintenance_zone_location,fatal_case_number,officer_first_name,officer_last_name,weather_condition(s),manner_of_crash,pedestrian,bicycle,scooter,parking,hitrun,mou
103185184,METROPOLITAN NASHVILLE POLICE DEPT,20220004952,Davidson,Nashville,1/4/2022 2:24:00 PM,2,0,0,36.120650,-86.789920,KIRKWOOD AV,,,,194.00,Feet,East,12TH AVS,,,,0.00,N,Not at Intersection, ,,None,,,         ,Samuel,Sundra,,,no,no,no,no,no,False
103185199,METROPOLITAN NASHVILLE POLICE DEPT,20220005005,Davidson,Nashville,1/4/2022 4:00:00 PM,2,0,0,36.134420,-86.726760,I 24,,,,0.00,,,,,,,52.00,N,Not at Intersection, ,,None,,,         ,Timothy,Ward,,,no,no,no,no,no,False
103185202,METROPOLITAN NASHVILLE POLICE DEPT,20220004865,Davidson,Nashville,1/4/2022 2:40:00 PM,2,1,0,36.206440,-86.775830,W TRINITY LN,,,,0.00,,,I65 N ENT RAMP,,,,0.00,Y,T-Intersection,N,Intersection,None,,,         ,Gabriel,Centeno,Clear,Front to Rear,no,no,no,no,no,False
103185208,METROPOLITAN NASHVILLE POLICE DEPT,20220005114,Davidson,Nashville,1/4/2022 2:30:00 PM,2,0,0,36.119590,-86.840670,KENNER AV,,,,163.00,Feet,North,WOODMONT CIR,,,,0.00,N,Not at Intersection,N,Non-Junction,None,,,         ,Heather,Fox,Clear,Front to Rear,no,no,no,yes,yes,False
103185209,METROPOLITAN NASHVILLE POLICE DEPT,20220004939,Davidson,Nashville,1/4/2022 12:00:00 AM,2,0,0,36.166310,-86.764620,I 24,,,,0.00,,,,,,,49.00,N,Not at Intersection,N,Non-Junction,None,,,         ,Esther,Poysti,Cloudy,"Sideswipe, Same Direction",no,no,no,no,yes,False
103185212,METROPOLITAN NASHVILLE POLICE DEPT,20220004932,Davidson,Nashville,1/4/2022 3:19:00 PM,1,1,0,36.211320,-86.925080,ASHLAND CITY HWY,,,,1181.00,Feet,West,OLD HYDES FERRY PKE,,,,0.00,N,Not at Intersection,N,Non-Junction,None,,,         ,Keegan,Winchell,Clear,Not Collision with Motor Vehicle in Transport,no,no,no,no,no,False
103185214,METROPOLITAN NASHVILLE POLICE DEPT,20220004970,Davidson,Nashville,1/4/2022 3:46:00 PM,2,1,0,36.109670,-86.721550,I 24,,,,0.00,,,,,,,53.70,N,Not at Intersection,N,Non-Junction,None,,,         ,Andrew,Brazee,Clear,Front to Rear,no,no,no,no,yes,False
103185215,METROPOLITAN NASHVILLE POLICE DEPT,20220005033,Davidson,Nashville,1/4/2022 3:52:00 PM,2,0,0,36.131010,-86.897780,CHARLOTTE PKE,,,,289.00,Feet,West,I40 E EXT RAMP,,,,0.00,N,Not at Intersection, ,Non-Junction,None,,,         ,Jeremy,Huffine,Clear,Angle,no,no,no,no,no,False
103185241,BERRY HILL POLICE DEPT,22-0027,Davidson,Berry Hill,1/4/2022 5:30:00 PM,2,2,0,36.119910,-86.765830,MELROSE AV,,,,0.00,,,BRANSFORD AV,,,,0.00,Y,T-Intersection,N,Intersection,None,,,         ,Anthony,Russo,Clear,"Sideswipe, Opposite Direction",no,no,no,no,no,False
103185244,METROPOLITAN NASHVILLE POLICE DEPT,20220005100,Davidson,Nashville,1/4/2022 5:15:00 PM,2,0,0,36.096880,-86.708870,I 24,,,,0.00,,,,,,,54.80,N,Not at Intersection,N,Non-Junction,None,,,         ,John,Walden,Clear,Front to Rear,no,no,no,no,no,False
103185254,METROPOLITAN NASHVILLE POLICE DEPT,20220005173,Davidson,Nashville,1/4/2022 6:11:00 PM,2,0,0,36.210920,-86.733110,GREENFIELD AV,,,,0.00,,,GALLATIN PKE,,,,0.00,Y,T-Intersection, ,Intersection,None,,,         ,Zachary,Aldrich,Clear,Front to Rear,no,no,no,no,no,False
103185288,METROPOLITAN NASHVILLE POLICE DEPT,20220005231,Davidson,Nashville,1/4/2022 5:59:00 PM,2,0,0,36.194790,-86.775590,I 65,,,,0.00,,,,,,,86.50,N,Not at Intersection, ,Non-Junction,None,,,         ,James,Harben,Clear,Front to Rear,no,no,no,no,no,False
103185289,METROPOLITAN NASHVILLE POLICE DEPT,20220005176,Davidson,Nashville,1/4/2022 6:15:00 PM,2,1,0,36.051170,-86.646160,BELL RD,,,,273.00,Feet,East,BENT TREE  PVTDR,,,,0.00,N,Not at Intersection,N,Non-Junction,None,,,         ,Gabriel,Hamilton,Clear,Front to Rear,no,no,no,no,no,False
103185295,METROPOLITAN NASHVILLE POLICE DEPT,20220005027,Davidson,Nashville,1/4/2022 4:26:00 PM,2,1,0,36.227130,-86.835800,BRILEY PKWY E EXT RAMP,,,,0.00,Feet,East,BRILEY PKWY E ENT RAMP,,,,0.00,N,Not at Intersection,N,Non-Junction,None,,,         ,Alec,Pellissier,Clear,Front to Rear,no,no,no,no,no,False
103185296,THP District 3 - Nashville,322000184,Davidson,Nashville,1/1/2022 9:55:00 PM,1,0,0,36.146780,-86.742950,I 40,,,,0.00,,,,,,,212.10,N,Not at Intersection,N,Non-Junction,None,,,         ,Jennifer,Hicks,Rain,Not Collision with Motor Vehicle in Transport,no,no,no,no,no,False
103185352,METROPOLITAN NASHVILLE POLICE DEPT,20220005261,Davidson,Nashville,1/4/2022 7:45:00 PM,1,1,0,36.083270,-86.708630,HARDING PL,,,,380.00,Feet,East,LARGO DR,,,,0.00,N,Not at Intersection,N,Non-Junction,None,,,         ,Thomas,Parsons,Clear,Not Collision with Motor Vehicle in Transport,no,no,no,no,no,False
103185354,METROPOLITAN NASHVILLE POLICE DEPT,20220005319,Davidson,Nashville,1/4/2022 8:33:00 PM,1,0,0,36.223750,-86.774540,I 65,,,,0.00,,,,,,,88.50,N,Not at Intersection,N,Non-Junction,None,,,         ,Seth,Wilson,Clear,Not Collision with Motor Vehicle in Transport,no,no,no,no,no,False
103185394,METROPOLITAN NASHVILLE POLICE DEPT,20220005308,Davidson,Nashville,1/4/2022 12:00:00 AM,2,0,0,36.147970,-86.798030,20TH AVS,,,,115.00,Feet,South,ADELICIA ST,,,,0.00,N,Not at Intersection, ,,None,,,         ,Shedie,Herbert III,,,no,no,no,no,no,Campus
103185404,METROPOLITAN NASHVILLE POLICE DEPT,20220005325,Davidson,Nashville,1/4/2022 8:30:00 PM,2,0,0,36.183350,-86.748570,GALLATIN AV,,,,0.00,,,W EASTLAND AV,,,,0.00,Y,Four-Way, ,Intersection,None,,,         ,Kelsey,Hemminger,Clear,Front to Rear,no,no,no,no,no,False
103185410,METROPOLITAN NASHVILLE POLICE DEPT,20220005360,Davidson,Nashville,1/4/2022 9:30:00 PM,2,0,0,36.247150,-86.756690,DICKERSON PKE,,,,179.00,Feet,North,SKYLINE COMMONS PVTDR,,,,0.00,N,Not at Intersection, ,Non-Junction,None,,,         ,Dillon,Deleacaes,Clear,Front to Rear,no,no,no,no,no,False
103185413,METROPOLITAN NASHVILLE POLICE DEPT,20220005306,Davidson,Nashville,1/4/2022 8:10:00 PM,3,0,0,36.044470,-86.650970,HICKORY HOLLOW PKWY,,,,0.00,,,CROSSINGS BLVD,,,,0.00,Y,T-Intersection,N,Intersection,None,,,         ,Steven,Begley,Clear,Angle,no,no,no,no,no,False
103185414,METROPOLITAN NASHVILLE POLICE DEPT,20220005244,Davidson,Nashville,1/4/2022 7:00:00 PM,2,1,0,36.045180,-86.685850,BELL RD,,,,212.00,Feet,East,HARRIS HILLS LN,,,,0.00,N,Not at Intersection,N,Non-Junction,None,,,         ,Megan,Arnett,Clear,Angle,no,no,no,no,no,False
103185420,METROPOLITAN NASHVILLE POLICE DEPT,20220005283,Davidson,Nashville,1/4/2022 12:00:00 AM,1,0,0,36.188960,-86.755360,GRANADA AVE,,,,132.00,Feet,West,APEX ST,,,,0.00,N,Not at Intersection,N,Non-Junction,None,,,         ,James,Harben,Clear,Not Collision with Motor Vehicle in Transport,no,no,no,no,yes,False
103185438,METROPOLITAN NASHVILLE POLICE DEPT,20220005375,Davidson,Nashville,1/4/2022 9:48:00 PM,2,1,0,36.143910,-86.738540,I 40,,,,0.00,,,,,,,212.40,N,Not at Intersection,N,Non-Junction,None,,,         ,Reagan,Heath,Clear,Front to Rear,no,no,no,no,no,False
103185492,METROPOLITAN NASHVILLE POLICE DEPT,20220005434,Davidson,Nashville,1/4/2022 11:30:00 PM,2,0,0,36.148760,-86.746360,I 40,,,,0.00,,,,,,,211.85,N,Not at Intersection, ,Non-Junction,None,,,         ,Dallas,Johnson,Clear,"Sideswipe, Same Direction",no,no,no,no,yes,False
103185508,METROPOLITAN NASHVILLE POLICE DEPT,20220005501,Davidson,Nashville,1/4/2022 12:00:00 AM,2,0,0,36.209350,-86.776130,I65 S EXT RAMP,,,,0.00,Feet,East,I 65,,,,0.00,N,Not at Intersection,N,Non-Junction,None,,,         ,Jacob,Ross,Clear,"Sideswipe, Same Direction",no,no,no,no,yes,False
103185511,METROPOLITAN NASHVILLE POLICE DEPT,20220005449,Davidson,Nashville,1/4/2022 10:14:00 PM,2,0,0,36.152830,-86.634190,I 40,,,,0.00,,,,,,,218.60,N,Not at Intersection,N,Non-Junction,Work Zone,Laneclosure,Activity Area,         ,Corey,Ethridge,Clear,Front to Rear,no,no,no,no,yes,False
103185515,METROPOLITAN NASHVILLE POLICE DEPT,20220005519,Davidson,Nashville,1/5/2022 12:33:00 AM,1,1,0,36.093070,-86.682170,HARDING PL,,,,487.00,Feet,West,AIRPARK CENTER DR,,,,0.00,N,Not at Intersection,N,Non-Junction,None,,,         ,Dillon,Gann,Clear,Not Collision with Motor Vehicle in Transport,no,no,no,no,no,False
103185530,METROPOLITAN NASHVILLE POLICE DEPT,20220005559,Davidson,Not in City Limit,1/5/2022 1:30:00 AM,2,0,0,36.000240,-86.635890,OLD HICKORY BLVD,,,,0.00,Feet,East,CANE RIDGE RD,,,,0.00,N,Not at Intersection,N,Non-Junction,None,,,         ,Jack,Burke,Clear,Front to Rear,no,no,no,no,no,False
103185556,METROPOLITAN NASHVILLE POLICE DEPT,20220005510,Davidson,Nashville,1/4/2022 8:30:00 PM,2,0,0,36.058790,-86.650430,PIPPIN DR,,,,153.00,Feet,West,TOOK DR,,,,0.00,N,Not at Intersection,N,Non-Junction,None,,,         ,Sullivan,Souksanh,Clear,Angle,no,no,no,no,yes,False
103185587,METROPOLITAN NASHVILLE POLICE DEPT,20220005761,Davidson,Nashville,1/5/2022 12:00:00 AM,1,1,0,36.172740,-86.768910,I24 W EXT RAMP,,,,0.00,,,,,,,0.00,,,N,Entrance/Exit Ramp Related,None,,,         ,Hunter,Levan,Clear,Not Collision with Motor Vehicle in Transport,no,no,no,no,no,False
103185625,METROPOLITAN NASHVILLE POLICE DEPT,20220005822,Davidson,Madison,1/5/2022 6:40:00 AM,2,0,0,36.286080,-86.704690,SHAKESPEARE AV,,,,324.00,Feet,East,GALLATIN PKEN,,,,0.00,N,Not at Intersection,N,Non-Junction,None,,,         ,Christopher,Littles,Clear,Front to Rear,no,no,no,no,no,False
103185642,METROPOLITAN NASHVILLE POLICE DEPT,20220005881,Davidson,Nashville,1/5/2022 7:35:00 AM,2,1,0,36.062590,-86.626080,MURFREESBORO PKE,,,,1072.00,Feet,South,HAMILTON CHURCH RD,,,,0.00,N,Not at Intersection,N,Non-Junction,None,,,         ,Lee,Davis,Clear,Front to Rear,no,no,no,no,no,False
103185650,METROPOLITAN NASHVILLE POLICE DEPT,20220005880,Davidson,Nashville,1/5/2022 7:35:00 AM,2,1,0,36.206620,-86.777900,W TRINITY LN,,,,0.00,Feet,,BRICK CHURCH PKE,,,,0.00,Y,Four-Way,Y,Intersection,None,,,         ,Ryan,Worstall,Clear,Angle,no,no,no,no,no,False
103185653,METROPOLITAN NASHVILLE POLICE DEPT,20220005926,Davidson,Not in City Limit,1/5/2022 8:08:00 AM,2,2,0,36.262820,-86.680970,STATE RT 45,,,,0.00,,,RIO VISTA DR,,,,0.00,Y,Four-Way,N,Intersection,None,,,         ,Christopher,Littles,Cloudy,Angle,no,no,no,no,no,False
103185656,METROPOLITAN NASHVILLE POLICE DEPT,20220005814,Davidson,Nashville,1/5/2022 6:46:00 AM,3,0,0,36.195890,-86.776120,I 65,,,,0.00,,,,,,,86.55,N,Not at Intersection, ,Non-Junction,None,,,         ,Michael,Richardson,Clear,Front to Rear,no,no,no,no,no,False
103185665,METROPOLITAN NASHVILLE POLICE DEPT,20220005918,Davidson,Nashville,1/5/2022 8:01:00 AM,2,0,0,36.135110,-86.726900,I24E,,,,540.00,Feet,South,I24E,,,,0.00,N,Not at Intersection,N,Non-Junction,None,,,         ,Patrick,Martin,Clear,Front to Rear,no,no,no,no,no,False
103185678,METROPOLITAN NASHVILLE POLICE DEPT,20220005915,Davidson,Nashville,1/5/2022 7:56:00 AM,2,0,0,36.044760,-86.660430,I24 E ENT RAMP,,,,0.00,Feet,East,BELL RD,,,,0.00,N,Not at Intersection, ,Entrance/Exit Ramp Related,None,,,         ,Stanley,Collins,Clear,"Sideswipe, Same Direction",no,no,no,no,no,False
103185684,METROPOLITAN NASHVILLE POLICE DEPT,20220005977,Davidson,Nashville,1/5/2022 8:45:00 AM,2,0,0,36.081970,-86.761340,HARDING PL,,,,125.00,Feet,East,SIDCO DR,,,,0.00,N,Not at Intersection,N,Non-Junction,None,,,         ,Earl,Davis,Cloudy,"Sideswipe, Same Direction",no,no,no,no,no,False
103185718,METROPOLITAN NASHVILLE POLICE DEPT,20220006084,Davidson,Nashville,1/5/2022 10:04:00 AM,1,1,0,36.180310,-86.804820,11TH AVN,,,,0.00,,,BUCHANAN ST,,,,0.00,Y,T-Intersection,Y,Intersection-Related,None,,,         ,Michael,Richardson,Clear,Not Collision with Motor Vehicle in Transport,yes,no,no,no,no,False
103185723,VANDERBILT UNIVERSITY POLICE,20220004843,Davidson,Nashville,1/4/2022 1:45:00 PM,2,0,0,36.142760,-86.804780,24TH AVS,,,,168.00,Feet,North,HIGHLAND AV,,,,0.00,N,Not at Intersection,N,Non-Junction,None,,,         ,Ray,Stanard,,Rear to Side,no,no,no,yes,yes,Campus
103185729,METROPOLITAN NASHVILLE POLICE DEPT,20220006123,Davidson,Nashville,1/5/2022 10:15:00 AM,3,0,0,36.176510,-86.769720,SPRING ST,,,,0.00,Feet,,I24 W EXT RAMP,,,,0.00,Y,Four-Way,N,Intersection,None,,,         ,Brandon,Evans,Clear,Front to Rear,no,no,no,no,no,False
103185764,METROPOLITAN NASHVILLE POLICE DEPT,20220006195,Davidson,Goodlettsville,1/5/2022 11:25:00 AM,2,2,0,36.298140,-86.699850,RIVERGATE PKWY,,,,0.00,,,GLEAVES ST,,,,0.00,Y,Four-Way,N,Intersection,None,,,         ,Christopher,Littles,Clear,Angle,no,no,no,no,no,False
103185767,METROPOLITAN NASHVILLE POLICE DEPT,20220006227,Davidson,Nashville,1/5/2022 11:48:00 AM,2,1,0,36.131760,-86.778970,8TH AVS,,,,0.00,,,SOUTH DOUGLAS AV,,,,0.00,Y,T-Intersection,N,Intersection,None,,,         ,Earl,Davis,Clear,Angle,no,no,no,no,no,False
103185769,METROPOLITAN NASHVILLE POLICE DEPT,20220006196,Davidson,Nashville,1/5/2022 11:10:00 AM,1,0,0,36.107550,-86.922160,OLD HICKORY BLVD,,,,0.00,,,,,,,0.00,,, ,Non-Junction,None,,,         ,Jared,Dick,Unknown,Not Collision with Motor Vehicle in Transport,no,no,no,yes,yes,False
103185809,METROPOLITAN NASHVILLE POLICE DEPT,20220006243,Davidson,Nashville,1/5/2022 12:04:00 PM,2,0,0,36.130210,-86.900250,CHARLOTTE PKE,,,,96.00,Feet,West,I40 W EXT RAMP,,,,0.00,N,Not at Intersection, ,,None,,,         ,Corey,Stromatt,,,no,no,no,no,no,False
103185810,METROPOLITAN NASHVILLE POLICE DEPT,20220006242,Davidson,Nashville,1/5/2022 11:55:00 AM,2,0,0,36.024860,-86.632040,I 24,,,,0.00,,,,,,,61.60,N,Not at Intersection,N,Non-Junction,None,,,         ,Nicholas,Hoffmann,Clear,Front to Rear,no,no,no,no,yes,False
103185817,METROPOLITAN NASHVILLE POLICE DEPT,20220006153,Davidson,Nashville,1/5/2022 10:45:00 AM,3,0,0,36.146540,-86.767720,4TH AVS,,,,0.00,,,MILDRED SHUTE AV,,,,0.00,Y,T-Intersection,N,Intersection,None,,,         ,Todd,Watson,Cloudy,Angle,no,no,no,no,no,False
103185819,BELLE MEADE POLICE DEPT,22-004,Davidson,Belle Meade,1/5/2022 10:32:00 AM,3,0,0,36.108400,-86.865750,HARDING PKE,,,,1280.00,Feet,North,LEAKE AV,,,,0.00,N,Not at Intersection, ,Non-Junction,None,,,         ,Katelyn,Cloxton,Clear,Front to Rear,no,no,no,no,no,False
103185836,METROPOLITAN NASHVILLE POLICE DEPT,20220006296,Davidson,Nashville,1/5/2022 12:45:00 PM,2,0,0,36.147390,-86.779070,8TH AVS,,,,0.00,,,BASS ST,,,,0.00,Y,T-Intersection,N,Intersection,None,,,         ,Earl,Davis,Clear,Front to Rear,no,no,no,no,no,False
103185848,METROPOLITAN NASHVILLE POLICE DEPT,20220006274,Davidson,Nashville,1/5/2022 11:51:00 AM,2,0,0,36.172000,-86.764350,WOODLAND ST,,,,134.00,Feet,East,S 5TH ST,,,,0.00,N,Not at Intersection, ,,None,,,         ,William,Clemons,,,no,no,no,no,no,False
103185918,METROPOLITAN NASHVILLE POLICE DEPT,20220006286,Davidson,Nashville,1/5/2022 12:34:00 PM,2,1,0,36.180930,-86.773900,DICKERSON PKE ENT RAMP,,,,0.00,,,I 24,,,,0.00,Y,T-Intersection,N,Intersection,None,,,         ,Brandon,Evans,Clear,HeadOn,no,no,no,no,no,False
103186034,METROPOLITAN NASHVILLE POLICE DEPT,20220006389,Davidson,Nashville,1/5/2022 2:11:00 PM,2,2,0,36.193030,-86.830190,CLARKSVILLE PKE,,,,379.00,Feet,East,BUENA VISTA PKE,,,,0.00,N,Not at Intersection,N,Non-Junction,None,,,         ,Alec,Pellissier,Clear,Angle,no,no,no,no,no,False
103186035,METROPOLITAN NASHVILLE POLICE DEPT,20220006459,Davidson,Nashville,1/5/2022 2:56:00 PM,2,0,0,36.229940,-86.725050,RICHMOND DR,,,,0.00,Feet,,GALLATIN PKE,,,,0.00,Y,T-Intersection, ,Non-Junction,None,,,         ,Jason,Milyaro Lucas,Clear,Front to Rear,no,no,no,no,no,False
103186061,METROPOLITAN NASHVILLE POLICE DEPT,20220006479,Davidson,Nashville,1/5/2022 2:15:00 PM,2,0,0,36.149000,-86.863620,CHARLOTTE PKE,,,,434.00,Feet,South,LELLYETT ST,,,,0.00,N,Not at Intersection,N,Non-Junction,None,,,         ,Eric,Westbrook,Clear,Angle,no,no,no,no,yes,False
103186070,METROPOLITAN NASHVILLE POLICE DEPT,20220006511,Davidson,Nashville,1/5/2022 3:11:00 PM,2,0,0,36.065940,-86.629690,MURFREESBORO PKE,,,,0.00,,,,,,,0.00,,,N,Non-Junction,None,,,         ,Joseph,Hurst,Clear,Angle,no,no,no,no,yes,False
103186071,METROPOLITAN NASHVILLE POLICE DEPT,20220006429,Davidson,Nashville,1/5/2022 2:48:00 PM,2,1,0,36.089560,-86.642690,NASHBORO BLVD,,,,0.00,,,LONGHUNTER CT,,,,0.00,Y,Four-Way,N,Intersection,None,,,         ,Rami,Rouhi,Clear,Angle,no,no,no,no,yes,False
103186072,METROPOLITAN NASHVILLE POLICE DEPT,20220006517,Davidson,Nashville,1/5/2022 2:47:00 PM,2,0,0,36.151480,-86.756700,FAIRFIELD AV,,,,54.00,Feet,South,FAIN ST,,,,0.00,N,Not at Intersection,N,Non-Junction,None,,,         ,Douglas,Mann,Clear,Angle,no,no,no,no,yes,False
103186085,METROPOLITAN NASHVILLE POLICE DEPT,20220006476,Davidson,Not in City Limit,1/5/2022 2:49:00 PM,2,0,0,36.264450,-86.732280,OLD HICKORY BLVDW,,,,0.00,Feet,,N GRAYCROFT AV,,,,0.00,Y,Four-Way,N,Intersection,None,,,         ,Seth,Wilson,Clear,Angle,no,no,no,no,yes,False
103186086,GOODLETTSVILLE POLICE DEPT,22-00443,Davidson,Goodlettsville,1/5/2022 3:27:00 PM,2,1,0,36.323430,-86.706510,I65 S EXT RAMP,,,,0.00,,,I 65,,,,0.00,Y,OTHER,N,Non-Junction,None,,,         ,Rico,Jones,Clear,Front to Rear,no,no,no,no,no,False
103186106,METROPOLITAN NASHVILLE POLICE DEPT,20220006534,Davidson,Nashville,1/5/2022 2:15:00 PM,2,0,0,36.179670,-86.786340,2ND AVN,,,,24.00,Feet,South,TAYLOR ST,,,,0.00,N,Not at Intersection, ,Non-Junction,None,,,         ,Michael,Moss,Clear,Front to Rear,no,no,no,no,no,False
103186110,METROPOLITAN NASHVILLE POLICE DEPT,20220006551,Davidson,Nashville,1/5/2022 3:45:00 PM,2,0,0,36.255420,-86.715670,MADISON SQ,,,,198.00,Feet,North,GALLATIN PKES,,,,0.00,N,Not at Intersection, ,Non-Junction,None,,,         ,Joshua,Dodge,Clear,"Sideswipe, Same Direction",no,no,no,yes,no,False
103186140,VANDERBILT UNIVERSITY POLICE,20220006618,Davidson,Nashville,1/5/2022 4:08:00 PM,2,0,0,36.106540,-86.764560,POWELL AV,,,,0.00,,,,,,,0.00,,, ,Non-Junction,None,,,         ,Nancy,Douglas,Clear,"Sideswipe, Opposite Direction",no,no,no,yes,no,False
103186143,METROPOLITAN NASHVILLE POLICE DEPT,20220006598,Davidson,Nashville,1/5/2022 4:16:00 PM,2,2,0,36.045250,-86.714510,OLD HICKORY BLVD,,,,84.00,Feet,East,BRENTWOOD EAST DR,,,,0.00,N,Not at Intersection,N,Non-Junction,None,,,         ,Matthew,Hogan,Clear,Angle,no,no,no,no,no,False
103186157,METROPOLITAN NASHVILLE POLICE DEPT,20220006639,Davidson,Antioch,1/5/2022 4:44:00 PM,2,0,0,36.012890,-86.610870,HEIL QUAKER BLVD,,,,19.00,Feet,East,FIRESTONE PKWY,,,,0.00,N,Not at Intersection, ,Non-Junction,None,,,         ,Beri,Scott,Clear,Angle,no,no,no,no,no,False
103186164,METROPOLITAN NASHVILLE POLICE DEPT,20220006693,Davidson,Nashville,1/5/2022 5:18:00 PM,2,0,0,36.168420,-86.687960,LEBANON PKE,,,,0.00,,,BRILEY PKWY N ENT RAMP,,,,0.00,Y,Four-Way,N,Intersection-Related,None,,,         ,Douglas,Mann,Clear,Angle,no,no,no,no,no,False
103186167,METROPOLITAN NASHVILLE POLICE DEPT,20220006702,Davidson,Nashville,1/5/2022 5:30:00 PM,2,1,0,36.050730,-86.646910,BELL FORGE LNE,,,,0.00,,,BELL RD,,,,0.00,Y,Four-Way,N,Intersection-Related,None,,,         ,Joseph,Hurst,Clear,Front to Rear,no,no,no,no,no,False
103186170,METROPOLITAN NASHVILLE POLICE DEPT,20220006731,Davidson,Nashville,1/5/2022 5:43:00 PM,2,0,0,36.078810,-86.726090,NOLENSVILLE PKE,,,,295.00,Feet,South,HARDING PL,,,,0.00,N,Not at Intersection, ,Non-Junction,None,,,         ,John,Braun,Clear,Front to Rear,no,no,no,no,no,False
103186180,METROPOLITAN NASHVILLE POLICE DEPT,20220006705,Davidson,Nashville,1/5/2022 12:00:00 AM,2,1,0,36.140130,-86.879250,CHARLOTTE PKE,,,,8.00,Feet,West,RUSSLEO DR,,,,0.00,N,Not at Intersection,N,Non-Junction,None,,,         ,Maria,Reynolds,Clear,Angle,no,no,no,no,no,False
103186183,METROPOLITAN NASHVILLE POLICE DEPT,20220005195,Davidson,Nashville,1/4/2022 6:20:00 PM,3,0,0,36.094710,-86.736940,US HWY 31 ALT,,,,403.00,Feet,South,WHEELER AVE,,,,0.00,N,Not at Intersection,N,Non-Junction,None,,,         ,Eric,Knight,Clear,"Sideswipe, Same Direction",no,no,no,no,no,False
103186200,METROPOLITAN NASHVILLE POLICE DEPT,20220006750,Davidson,Nashville,1/5/2022 12:00:00 AM,2,1,0,36.151820,-86.768090,I 40,,,,0.00,,,,,,,210.50,N,Not at Intersection,N,Non-Junction,None,,,         ,Trevor,Taylor,Clear,Front to Rear,no,no,no,no,yes,False
103186207,METROPOLITAN NASHVILLE POLICE DEPT,20220006759,Davidson,Nashville,1/5/2022 6:00:00 PM,3,0,0,36.133610,-86.828000,WEST END AV,,,,94.00,Feet,West,CRAIGHEAD AV,,,,0.00,N,Not at Intersection,N,Non-Junction,None,,,         ,Heather,Fox,Clear,Front to Rear,no,no,no,no,no,False
103186212,METROPOLITAN NASHVILLE POLICE DEPT,20220006655,Davidson,Not in City Limit,1/5/2022 4:52:00 PM,2,1,0,36.272980,-86.729770,NESBITT LN,,,,0.00,,,N GRAYCROFT AV,,,,0.00,Y,Four-Way,N,Non-Junction,None,,,         ,Seth,Wilson,Clear,Angle,no,no,no,no,no,False
103186215,METROPOLITAN NASHVILLE POLICE DEPT,20220006808,Davidson,Nashville,1/5/2022 6:33:00 PM,2,0,0,36.079790,-86.644950,MURFREESBORO PKE,,,,151.00,Feet,North,EDGE O LAKE DR,,,,0.00,N,Not at Intersection, ,Non-Junction,None,,,         ,Rami,Rouhi,Clear,"Sideswipe, Same Direction",no,no,no,no,no,False
103186217,METROPOLITAN NASHVILLE POLICE DEPT,20220006777,Davidson,Nashville,1/5/2022 6:05:00 PM,2,0,0,36.087070,-86.730420,NOLENSVILLE PKE,,,,0.00,,,,,,,0.00,,, ,,None,,,         ,Joseph,Hurst,,,no,no,no,no,no,False
103186225,METROPOLITAN NASHVILLE POLICE DEPT,20220006809,Davidson,Nashville,1/5/2022 6:40:00 PM,2,0,0,36.063320,-86.637390,BELL CREST DR,,,,0.00,,,BELL RD,,,,0.00,Y,Four-Way,N,Intersection,None,,,         ,Steven,Begley,Clear,"Sideswipe, Opposite Direction",no,no,no,no,yes,False
103186239,METROPOLITAN NASHVILLE POLICE DEPT,20220006814,Davidson,Nashville,1/5/2022 6:46:00 PM,2,1,0,36.254500,-86.715720,GALLATIN PKES,,,,235.00,Feet,South,MADISON BLVD,,,,0.00,N,Not at Intersection,N,Non-Junction,None,,,         ,Derek,Sibley,Clear,Front to Rear,no,no,no,no,no,False
103186242,METROPOLITAN NASHVILLE POLICE DEPT,20220006863,Davidson,Nashville,1/5/2022 7:18:00 PM,2,0,0,36.086580,-86.771970,FRANKLIN PKE,,,,0.00,,,HARDING PL,,,,0.00,Y,Four-Way,N,Intersection,None,,,         ,Steven,Powers,Clear,Angle,no,no,no,no,no,False
103186247,METROPOLITAN NASHVILLE POLICE DEPT,20220006773,Davidson,Nashville,1/5/2022 6:15:00 PM,2,1,0,36.193870,-86.831560,CLARKSVILLE PKE,,,,127.00,Feet,West,BUENA VISTA PKE,,,,0.00,N,Not at Intersection,N,Non-Junction,None,,,         ,Scarlett,Collins,Clear,Angle,no,no,no,no,yes,False
103186252,METROPOLITAN NASHVILLE POLICE DEPT,20220006825,Davidson,Antioch,1/5/2022 6:21:00 PM,2,0,0,36.047840,-86.612050,MURFREESBORO PKE,,,,1284.00,Feet,North,MOUNTAIN SPRINGS RD,,,,0.00,N,Not at Intersection,N,Non-Junction,None,,,         ,Beri,Scott,Clear,Angle,no,no,no,no,no,False
103186253,METROPOLITAN NASHVILLE POLICE DEPT,20220006888,Davidson,Antioch,1/5/2022 6:21:00 PM,1,0,0,36.047840,-86.612050,MURFREESBORO PKE,,,,1284.00,Feet,North,MOUNTAIN SPRINGS RD,,,,0.00,N,Not at Intersection, ,Non-Junction,None,,,         ,Beri,Scott,Clear,Not Collision with Motor Vehicle in Transport,no,no,no,no,no,False