master_record_number,agency,agency_tracking_number,county,city,collision_date,vehicles_involved,number_injured,number_dead,latitude,longitude,roadway_name,roadway_suffix,roadway_number,roadway_local_id,distance_from_reference,miles-feet_indicator,direction_from_reference,intersection_road_name,intersection_road_name_suffix,intersection_road_number,intersection_local_id,mile_marker,intersection_indicator,intersect_type,interchange_related_indicator,relation_to_junction,work_zone_type,construction_maintenance_zone,construction_maintenance_zone_location,fatal_case_number,officer_first_name,officer_last_name,weather_condition(s),manner_of_crash,pedestrian,bicycle,scooter,parking,hitrun,mou
103186254,METROPOLITAN NASHVILLE POLICE DEPT,20220006880,Davidson,Goodlettsville,1/5/2022 7:03:00 PM,2,0,0,36.296920,-86.699170,RIVERGATE PKWY,,,,4.00,Feet,North,GALLATIN PKEN,,,,0.00,N,Not at Intersection, ,Non-Junction,None,,,         ,Brandon,Lopez,Clear,Angle,no,no,no,no,no,False
103186255,METROPOLITAN NASHVILLE POLICE DEPT,20220006864,Davidson,Nashville,1/5/2022 7:17:00 PM,2,1,0,36.161150,-86.792660,GEORGE L DAVIS BLVD,,,,18.00,Feet,South,CHARLOTTE AV,,,,0.00,N,Not at Intersection,N,Non-Junction,None,,,         ,Lucas,Thomas,Clear,Angle,no,no,no,no,no,False
103186268,GOODLETTSVILLE POLICE DEPT,22-00453,Davidson,Goodlettsville,1/5/2022 12:00:00 AM,1,0,0,36.326110,-86.717910,OLD BRICK CHURCH PKE,,,,127.00,Feet,North,CAFE RD,,,,0.00,N,Not at Intersection,N,Non-Junction,None,,,         ,Austin,Herendeen,Clear,Not Collision with Motor Vehicle in Transport,no,no,no,no,yes,False
103186286,METROPOLITAN NASHVILLE POLICE DEPT,20220006894,Davidson,Nashville,1/5/2022 7:36:00 PM,2,0,0,36.170400,-86.768450,INTERSTATE DR,,,,0.00,,,WOODLAND ST,,,,0.00,Y,Four-Way,N,Intersection,None,,,         ,Roy,Sain Jr.,Clear,"Sideswipe, Opposite Direction",no,no,no,no,yes,False
103186298,METROPOLITAN NASHVILLE POLICE DEPT,20220006749,Davidson,Nashville,1/5/2022 6:00:00 PM,2,0,0,36.168680,-86.776190,JAMES ROBERTSON PKWY,,,,412.00,Feet,East,GAY ST,,,,0.00,N,Not at Intersection,N,Non-Junction,None,,,         ,Maximillian,Goldberg,Clear,Front to Rear,no,no,no,no,no,False
103186300,METROPOLITAN NASHVILLE POLICE DEPT,20220006846,Davidson,Nashville,1/5/2022 7:08:00 PM,3,0,0,36.151070,-86.670570,ELM HILL PKE,,,,0.00,,,OLD ELM HILL PKE,,,,0.00,Y,T-Intersection,N,Intersection-Related,None,,,         ,Douglas,Mann,Clear,Angle,no,no,no,no,no,False
103186306,METROPOLITAN NASHVILLE POLICE DEPT,20220006841,Davidson,Nashville,1/5/2022 7:06:00 PM,2,1,0,36.074020,-86.923310,HIGHWAY 70S,,,,3.00,Feet,West,OLD HARDING PKE RAMP,,,,0.00,N,Not at Intersection,N,Non-Junction,None,,,         ,Jeremy,Huffine,Clear,Angle,no,no,no,no,no,False
103186307,METROPOLITAN NASHVILLE POLICE DEPT,20220006770,Davidson,Nashville,1/5/2022 3:13:00 PM,2,0,0,36.130140,-86.900500,CHARLOTTE PKE,,,,84.00,Feet,East,CABOT DR,,,,0.00,N,Not at Intersection,N,Non-Junction,None,,,         ,Zacarias,Brito Jr.,Clear,"Sideswipe, Same Direction",no,no,no,no,yes,False
103186322,METROPOLITAN NASHVILLE POLICE DEPT,20220006945,Davidson,OTHER,1/5/2022 6:39:00 PM,2,0,0,36.050620,-86.606180,GROVEDALE TRC,,,,201.00,Feet,North,PIN HOOK RD,,,,0.00,N,Not at Intersection,N,Non-Junction,None,,,         ,Joseph,Hurst,Clear,HeadOn,no,no,no,no,no,False
103186338,METROPOLITAN NASHVILLE POLICE DEPT,20220007017,Davidson,Nashville,1/5/2022 9:04:00 PM,1,0,0,36.253990,-86.739060,I 65,,,,0.00,,,,,,,91.50,N,Not at Intersection, ,Non-Junction,None,,,         ,Seth,Wilson,Clear,Not Collision with Motor Vehicle in Transport,no,no,no,no,no,False
103186351,GOODLETTSVILLE POLICE DEPT,22-00457,Davidson,Goodlettsville,1/5/2022 12:00:00 AM,2,0,0,36.304360,-86.700970,RIVERGATE MALL PVTDR,,,,0.00,,,RIVERGATE PKWY,,,,0.00,Y,T-Intersection, ,Intersection,None,,,         ,William,Monaghan,Clear,Angle,no,no,no,no,no,False
103186356,METROPOLITAN NASHVILLE POLICE DEPT,20220006992,Davidson,Nashville,1/5/2022 8:49:00 PM,3,0,0,36.140160,-86.818210,WEST END AV,,,,345.00,Feet,South,PARK DR,,,,0.00,N,Not at Intersection, ,Non-Junction,None,,,         ,Travis,Pemberton,Clear,Angle,no,no,no,no,yes,False
103186369,METROPOLITAN NASHVILLE POLICE DEPT,20220007056,Davidson,OTHER,1/5/2022 9:37:00 PM,3,3,0,36.012710,-86.618450,I 24,,,,0.00,,,,,,,62.70,N,Not at Intersection,N,Non-Junction,None,,,         ,Joseph,Hurst,Clear,Front to Rear,no,no,no,no,no,False
103186377,METROPOLITAN NASHVILLE POLICE DEPT,20220007024,Davidson,Nashville,1/5/2022 8:41:00 PM,2,0,0,36.171060,-86.773290,N 1ST ST,,,,316.00,Feet,North,MAIN ST,,,,0.00,N,Not at Intersection,N,OtherLocation,None,,,         ,Roy,Sain Jr.,Clear,"Sideswipe, Same Direction",no,no,no,yes,yes,False
103186379,METROPOLITAN NASHVILLE POLICE DEPT,20220006745,Davidson,Nashville,1/5/2022 6:00:00 PM,2,0,0,36.151850,-86.678900,ELM HILL PKE,,,,562.00,Feet,West,AIRWAYS CIR,,,,0.00,N,Not at Intersection, ,Non-Junction,None,,,         ,Donovan,Coble,Clear,Not Collision with Motor Vehicle in Transport,no,no,no,no,no,False
103186380,METROPOLITAN NASHVILLE POLICE DEPT,20220006946,Davidson,Nashville,1/5/2022 8:10:00 PM,2,0,0,36.206860,-86.693800,OPRY MILLS DR,,,,1325.00,Feet,West,OPRYLAND DR,,,,0.00,N,Not at Intersection, ,,None,,,         ,Andrew,Richey,,,no,no,no,yes,no,False
103186384,METROPOLITAN NASHVILLE POLICE DEPT,20220007031,Davidson,Nashville,1/5/2022 8:51:00 PM,2,0,0,36.158760,-86.818890,CLIFTON AV,,,,105.00,Feet,West,28TH AVN,,,,0.00,N,Not at Intersection, ,,None,,,         ,Daniel,Kallman,,,no,no,no,yes,no,False
103186385,METROPOLITAN NASHVILLE POLICE DEPT,20220006993,Davidson,Nashville,1/5/2022 8:51:00 PM,2,2,0,36.229380,-86.759280,BROADMOOR DR,,,,0.00,,,DICKERSON PKE,,,,0.00,Y,Four-Way,N,Intersection,None,,,         ,Fady,Aziz,Clear,Angle,no,no,no,no,no,False
103186400,METROPOLITAN NASHVILLE POLICE DEPT,20220007121,Davidson,Nashville,1/5/2022 10:39:00 PM,1,0,0,36.069640,-86.687580,I24 W ENT RAMP,,,,0.00,Feet,East,I 24,,,,0.00,N,Not at Intersection,N,Entrance/Exit Ramp Related,None,,,         ,Garrett,Latham,Clear,Not Collision with Motor Vehicle in Transport,no,no,no,no,no,False
103186401,METROPOLITAN NASHVILLE POLICE DEPT,20220007070,Davidson,Nashville,1/5/2022 9:47:00 PM,2,0,0,36.202350,-86.727350,GLENMEADE DR,,,,238.00,Feet,North,MURRAY CIR,,,,0.00,N,Not at Intersection,N,Non-Junction,None,,,         ,Zachary,Aldrich,Clear,"Sideswipe, Same Direction",no,no,no,no,yes,False
103186428,METROPOLITAN NASHVILLE POLICE DEPT,20220007223,Davidson,Nashville,1/5/2022 11:42:00 PM,2,2,0,36.169470,-86.806620,DR D B TODD JR BLVD,,,,0.00,,,JEFFERSON ST,,,,0.00,Y,Four-Way,N,Intersection-Related,None,,,         ,Chad,Connors,Clear,Front to Rear,no,no,no,no,no,False
103186438,METROPOLITAN NASHVILLE POLICE DEPT,20220007354,Davidson,Nashville,1/6/2022 12:00:00 AM,1,0,0,36.077430,-86.657900,PICCADILLY ROW,,,,4.00,Feet,North,UNA ANTIOCH PKE,,,,0.00,N,Not at Intersection,N,Non-Junction,None,,,         ,Alex,DiBernardo,Clear,Not Collision with Motor Vehicle in Transport,no,no,no,no,yes,False
103186449,METROPOLITAN NASHVILLE POLICE DEPT,20220007295,Davidson,Nashville,1/6/2022 12:50:00 AM,1,1,0,36.135830,-86.727710,I24 E EXT RAMP,,,,0.00,,,I 24,,,,0.00,Y,OTHER,Y,Entrance/Exit Ramp Related,None,,,         ,Jonathan,Handley,Clear,Not Collision with Motor Vehicle in Transport,no,no,no,no,no,False
103186463,METROPOLITAN NASHVILLE POLICE DEPT,20220007462,Davidson,Nashville,1/6/2022 12:00:00 AM,1,0,0,36.127260,-86.803810,21ST AVS,,,,102.00,Feet,North,BEECHWOOD AV,,,,0.00,N,Not at Intersection,N,Non-Junction,None,,,         ,Michael,Hodges,Clear,Unknown,no,no,no,no,yes,False
103186466,METROPOLITAN NASHVILLE POLICE DEPT,20220007450,Davidson,Nashville,1/6/2022 3:47:00 AM,1,0,0,36.238530,-86.783910,I24 W ENT RAMP,,,,0.00,Feet,East,I 24,,,,0.00,N,Not at Intersection,Y,Entrance/Exit Ramp Related,None,,,         ,Derrick,Toney,Clear,Not Collision with Motor Vehicle in Transport,no,no,no,no,no,False
103186475,VANDERBILT UNIVERSITY POLICE,20220007460,Davidson,Nashville,1/6/2022 3:47:00 AM,1,0,0,36.143360,-86.806450,GARLAND AV,,,,0.00,,,25TH AVS,,,,0.00,Y,T-Intersection, ,Intersection,None,,,         ,Michael,Knupp,Clear,Not Collision with Motor Vehicle in Transport,no,no,no,no,no,Campus
103186506,METROPOLITAN NASHVILLE POLICE DEPT,20220006397,Davidson,Nashville,1/5/2022 2:18:00 PM,2,1,0,36.134280,-86.779090,WEDGEWOOD AV,,,,0.00,,,8TH AVS,,,,0.00,Y,Four-Way,N,Intersection,None,,,         ,Earl,Davis,Clear,Angle,no,no,no,no,no,False
103186512,METROPOLITAN NASHVILLE POLICE DEPT,20220007516,Davidson,Nashville,1/6/2022 5:48:00 AM,2,0,0,36.045370,-86.713260,OLD HICKORY BLVD,,,,0.00,Feet,,NOLENSVILLE PKE,,,,0.00,Y,Four-Way,Y,Intersection,None,,,         ,Sierra,Walker,Clear,Angle,no,no,no,no,no,False
103186541,METROPOLITAN NASHVILLE POLICE DEPT,20220007582,Davidson,Nashville,1/6/2022 7:04:00 AM,2,0,0,36.168720,-86.685360,LEBANON PKE,,,,0.00,,,THE CROSSINGS PVTDR,,,,0.00,Y,T-Intersection,N,Intersection,None,,,         ,Patrick,Lancaster,Cloudy,Angle,no,no,no,no,no,False
103186562,METROPOLITAN NASHVILLE POLICE DEPT,20220007707,Davidson,Not in City Limit,1/6/2022 8:35:00 AM,1,0,0,36.109390,-86.925460,I 40,,,,0.00,,,,,,,199.10,N,Not at Intersection,N,Non-Junction,None,,,         ,Wesley,Tilley,Snow,Not Collision with Motor Vehicle in Transport,no,no,no,no,no,False
103186565,METROPOLITAN NASHVILLE POLICE DEPT,20220007676,Davidson,Antioch,1/6/2022 8:20:00 AM,2,0,0,36.047840,-86.612050,MURFREESBORO PKE,,,,1284.00,Feet,North,MOUNTAIN SPRINGS RD,,,,0.00,N,Not at Intersection,N,Non-Junction,None,,,         ,Lee,Davis,Snow,HeadOn,no,no,no,no,no,False
103186577,METROPOLITAN NASHVILLE POLICE DEPT,20220007714,Davidson,Nashville,1/6/2022 8:30:00 AM,2,0,0,36.094420,-86.653390,MURFREESBORO PKE,,,,0.00,,,FRANKLIN LIMESTONE RD,,,,0.00,Y,T-Intersection,N,Intersection,None,,,         ,Adam,Kauffman,"Cloudy, Snow",Front to Rear,no,no,no,no,yes,False
103186578,METROPOLITAN NASHVILLE POLICE DEPT,20220007679,Davidson,Nashville,1/6/2022 8:26:00 AM,1,0,0,36.137570,-86.800760,WEDGEWOOD AV,,,,0.00,,,21ST AVS,,,,0.00,Y,Four-Way, ,Intersection-Related,None,,,         ,Nicholas,Smith,Snow,Not Collision with Motor Vehicle in Transport,no,no,no,no,no,Campus
103186580,METROPOLITAN NASHVILLE POLICE DEPT,20220007709,Davidson,Nashville,1/6/2022 8:41:00 AM,2,0,0,36.235500,-86.711210,BRILEY PKWYW,,,,209.00,Feet,West,BRILEY PKWYE,,,,0.00,N,Not at Intersection,N,Non-Junction,None,,,         ,Patrick,Lancaster,"Cloudy, Snow",Angle,no,no,no,no,no,False
103186581,GOODLETTSVILLE POLICE DEPT,22-00511,Davidson,Goodlettsville,1/6/2022 9:08:00 AM,1,1,0,36.308700,-86.704130,I 65,,,,0.00,,,,,,,95.90,N,Not at Intersection,N,Non-Junction,None,,,         ,Rico,Jones,Snow,Not Collision with Motor Vehicle in Transport,no,no,no,no,no,False
103186585,METROPOLITAN NASHVILLE POLICE DEPT,20220007694,Davidson,Nashville,1/6/2022 8:32:00 AM,2,0,0,36.188030,-86.793950,I 65,,,,0.00,,,,,,,85.45,N,Not at Intersection,N,Non-Junction,None,,,         ,Kaitlyn,Powell,Snow,Front to Rear,no,no,no,no,no,False
103186588,METROPOLITAN NASHVILLE POLICE DEPT,20220007706,Davidson,Nashville,1/6/2022 8:37:00 AM,2,0,0,36.123690,-86.747610,I440 E ENT RAMP,,,,0.00,Feet,East,I 440,,,,0.00,N,Not at Intersection,N,Non-Junction,None,,,         ,Darrin,Hardin,"Snow, Blowing Snow","Sideswipe, Same Direction",no,no,no,no,yes,False
103186590,THP District 3 - Nashville,322001168,Davidson,Nashville,1/6/2022 9:00:00 AM,1,0,0,36.248050,-86.742750,I 65,,,,0.00,,,,,,,91.00,N,Not at Intersection,N,Non-Junction,None,,,         ,Matthew,Priest,Snow,Not Collision with Motor Vehicle in Transport,no,no,no,no,no,False
103186594,METROPOLITAN NASHVILLE POLICE DEPT,20220007758,Davidson,Nashville,1/6/2022 9:04:00 AM,1,0,0,36.189410,-86.717700,PAFFORD DR,,,,0.00,,,PRESTON DR,,,,0.00,Y,T-Intersection, ,Intersection,None,,,         ,Nathan,Mayo,Snow,Not Collision with Motor Vehicle in Transport,no,no,no,no,no,False
103186595,METROPOLITAN NASHVILLE POLICE DEPT,20220007692,Davidson,Nashville,1/6/2022 8:34:00 AM,1,0,0,36.151010,-86.863070,I 40,,,,0.00,,,,,,,203.60,N,Not at Intersection,N,Non-Junction,None,,,         ,Matthew,Carson,Snow,Not Collision with Motor Vehicle in Transport,no,no,no,no,no,False
103186597,METROPOLITAN NASHVILLE POLICE DEPT,20220007751,Davidson,Not in City Limit,1/6/2022 9:00:00 AM,2,1,0,35.991420,-86.649030,BURKITT RD,,,,1724.00,Feet,East,WHITTEMORE LN,,,,0.00,N,Not at Intersection,N,Non-Junction,None,,,         ,Nicholas,Carter,Snow,"Sideswipe, Opposite Direction",no,no,no,no,yes,False
103186599,METROPOLITAN NASHVILLE POLICE DEPT,20220007765,Davidson,Nashville,1/6/2022 9:00:00 AM,2,0,0,36.152220,-86.841590,CHARLOTTE AV,,,,185.00,Feet,East,46TH AVN,,,,0.00,N,Not at Intersection,N,Non-Junction,None,,,         ,Robert,Crow,Snow,Not Collision with Motor Vehicle in Transport,no,no,no,no,no,False
103186600,METROPOLITAN NASHVILLE POLICE DEPT,20220007779,Davidson,Not in City Limit,1/6/2022 9:31:00 AM,2,1,0,36.271970,-86.736200,I 65,,,,0.00,,,,,,,92.80,N,Not at Intersection,N,Non-Junction,None,,,         ,Christopher,Littles,"Cloudy, Snow","Sideswipe, Same Direction",no,no,no,no,no,False
103186607,METROPOLITAN NASHVILLE POLICE DEPT,20220007739,Davidson,Nashville,1/6/2022 8:50:00 AM,2,0,0,36.229620,-86.737930,BROADMOOR DR,,,,0.00,,,GRAYCROFT AV,,,,0.00,Y,Four-Way,N,Intersection,None,,,         ,Matthew,Cammarn,Blowing Snow,Front to Rear,no,no,no,no,yes,False
103186611,METROPOLITAN NASHVILLE POLICE DEPT,20220007749,Davidson,Nashville,1/6/2022 8:49:00 AM,2,0,0,36.161140,-86.832990,TSU CONNECTOR,,,,0.00,,,CLARE AV,,,,0.00,Y,OTHER,N,Non-Junction,None,,,         ,Robert,Allen,Blowing Snow,Angle,no,no,no,no,yes,False
103186612,METROPOLITAN NASHVILLE POLICE DEPT,20220007810,Davidson,Goodlettsville,1/6/2022 9:50:00 AM,1,0,0,36.293180,-86.719250,I 65,,,,0.00,,,,,,,94.50,N,Not at Intersection,N,Non-Junction,None,,,         ,Ronald,Bright,Snow,Not Collision with Motor Vehicle in Transport,no,no,no,no,no,False
103186619,METROPOLITAN NASHVILLE POLICE DEPT,20220007703,Davidson,Not in City Limit,1/6/2022 8:38:00 AM,1,0,0,36.082290,-86.954960,I40 W EXT RAMP,,,,0.00,Feet,East,I 40,,,,0.00,N,Not at Intersection, ,Entrance/Exit Ramp Related,None,,,         ,Jack,Crouch,Cloudy,Not Collision with Motor Vehicle in Transport,no,no,no,no,no,False
103186624,METROPOLITAN NASHVILLE POLICE DEPT,20220007668,Davidson,Nashville,1/6/2022 8:14:00 AM,2,0,0,36.071140,-86.769880,I 65,,,,0.00,,,,,,,77.00,N,Not at Intersection,N,Non-Junction,None,,,         ,Earl,Davis,Snow,"Sideswipe, Same Direction",no,no,no,no,no,False
103186625,METROPOLITAN NASHVILLE POLICE DEPT,20220007725,Davidson,Nashville,1/6/2022 8:45:00 AM,2,0,0,36.140290,-86.886890,I 40,,,,0.00,,,,,,,202.05,N,Not at Intersection, ,Non-Junction,None,,,         ,Alex,Lampley,Snow,Front to Rear,no,no,no,no,no,False
103186628,METROPOLITAN NASHVILLE POLICE DEPT,20220007796,Davidson,Nashville,1/6/2022 9:43:00 AM,2,0,0,36.130630,-86.898790,CHARLOTTE PKE,,,,22.00,Feet,East,I40 W EXT RAMP,,,,0.00,N,Not at Intersection,N,Non-Junction,None,,,         ,Arend,Groeneweg,"Snow, Blowing Snow",Front to Rear,no,no,no,no,no,False
103186640,METROPOLITAN NASHVILLE POLICE DEPT,2022-0007753,Davidson,Nashville,1/6/2022 9:00:00 AM,1,0,0,36.042340,-86.782230,I 65,,,,0.00,,,,,,,74.90,N,Not at Intersection,N,Non-Junction,None,,,         ,Po,Cheng,Blowing Snow,Not Collision with Motor Vehicle in Transport,no,no,no,no,no,False
103186642,METROPOLITAN NASHVILLE POLICE DEPT,20220007713,Davidson,Nashville,1/6/2022 8:34:00 AM,2,0,0,36.045340,-86.779460,I 65,,,,0.00,,,,,,,75.05,N,Not at Intersection, ,Non-Junction,None,,,         ,Earl,Davis,Snow,"Sideswipe, Same Direction",no,no,no,no,no,False
103186649,METROPOLITAN NASHVILLE POLICE DEPT,20220007746,Davidson,Nashville,1/6/2022 9:15:00 AM,3,0,0,36.166810,-86.869440,BRILEY PKWYN,,,,520.00,Feet,South,BRILEY PKWYS,,,,0.00,N,Not at Intersection, ,Non-Junction,None,,,         ,George,Spencer,Snow,Front to Rear,no,no,no,no,no,False
103186654,METROPOLITAN NASHVILLE POLICE DEPT,20220007868,Davidson,Nashville,1/6/2022 10:11:00 AM,2,0,0,36.202420,-86.739150,LITTON AV,,,,0.00,Feet,,GALLATIN PKE,,,,0.00,Y,T-Intersection,N,Intersection-Related,None,,,         ,Lindsey,Anderson,Blowing Snow,Front to Rear,no,no,no,no,yes,False
103186655,METROPOLITAN NASHVILLE POLICE DEPT,20220007764,Davidson,Nashville,1/6/2022 9:14:00 AM,2,0,0,36.229660,-86.738650,BROADMOOR DR,,,,212.00,Feet,West,GRAYCROFT AV,,,,0.00,N,Not at Intersection,N,Non-Junction,None,,,         ,Jarret,Sonnenberg,Snow,"Sideswipe, Same Direction",no,no,no,no,no,False
103186656,METROPOLITAN NASHVILLE POLICE DEPT,20220007834,Davidson,Not in City Limit,1/6/2022 10:02:00 AM,2,0,0,36.077360,-87.033280,I 40,,,,0.00,,,,,,,191.80,N,Not at Intersection, ,Non-Junction,None,,,         ,Wesley,Tilley,Snow,Angle,no,no,no,no,no,False
103186658,METROPOLITAN NASHVILLE POLICE DEPT,20220007711,Davidson,Nashville,1/6/2022 8:44:00 AM,2,0,0,36.142710,-86.883630,I 40,,,,0.00,,,,,,,202.30,N,Not at Intersection,N,Non-Junction,None,,,         ,Ryan,Allen,Snow,Angle,no,no,no,no,no,False
103186662,METROPOLITAN NASHVILLE POLICE DEPT,20220007822,Davidson,Nashville,1/6/2022 9:42:00 AM,2,1,0,36.038750,-86.659320,MOUNTAINHIGH DR,,,,112.00,Feet,South,CANE RIDGE RD,,,,0.00,N,Not at Intersection,N,Non-Junction,None,,,         ,Patrick,Martin,"Cloudy, Snow",HeadOn,no,no,no,no,no,False
103186663,METROPOLITAN NASHVILLE POLICE DEPT,20220007756,Davidson,Nashville,1/6/2022 9:06:00 AM,1,1,0,36.049980,-86.649500,BELL RD,,,,0.00,,,MT VIEW RD,,,,0.00,Y,Four-Way,N,Intersection,None,,,         ,Patrick,Martin,"Cloudy, Snow",Not Collision with Motor Vehicle in Transport,yes,no,no,no,no,False
103186682,METROPOLITAN NASHVILLE POLICE DEPT,20220007830,Davidson,Nashville,1/6/2022 9:53:00 AM,3,0,0,36.070200,-86.685710,BAKERTOWN RD,,,,88.00,Feet,North,HAYWOOD LN,,,,0.00,N,Not at Intersection, ,Non-Junction,None,,,         ,Stanley,Collins,"Snow, Blowing Snow",Angle,no,no,no,no,no,False
103186687,METROPOLITAN NASHVILLE POLICE DEPT,20220007809,Davidson,Nashville,1/6/2022 9:48:00 AM,2,1,0,36.188690,-86.688690,BRILEY PKWYS,,,,220.00,Feet,North,BRILEY PKWY S ENT RAMP,,,,0.00,N,Not at Intersection,N,Non-Junction,None,,,         ,Patrick,Lancaster,"Cloudy, Blowing Snow",HeadOn,no,no,no,no,yes,False
103186718,METROPOLITAN NASHVILLE POLICE DEPT,20220007760,Davidson,Nashville,1/6/2022 9:20:00 AM,2,0,0,36.193640,-86.809890,GRANSTAFF APTS @ METROCENTER P,,,,0.00,,,ROSA L PARKS BLVD,,,,0.00,Y,Four-Way,N,Non-Junction,None,,,         ,Gretta,Ireland,Snow,"Sideswipe, Same Direction",no,no,no,no,yes,False
103186720,METROPOLITAN NASHVILLE POLICE DEPT,20220007864,Davidson,Nashville,1/6/2022 10:24:00 AM,2,0,0,36.172840,-86.765340,S 5TH ST,,,,0.00,,,SPRING ST,,,,0.00,Y,Four-Way,N,Non-Junction,None,,,         ,Michael,Agee,Snow,Angle,no,no,no,no,yes,False
103186723,METROPOLITAN NASHVILLE POLICE DEPT,20220007808,Davidson,Nashville,1/6/2022 9:50:00 AM,2,1,0,36.121810,-86.755600,,,I440 W,,5.00,Miles,West,,,,,49.00,N,Not at Intersection,N,Non-Junction,None,,,         ,Nicholas,Smith,Snow,Angle,no,no,no,no,no,False
103186725,METROPOLITAN NASHVILLE POLICE DEPT,20220007856,Davidson,Not in City Limit,1/6/2022 10:15:00 AM,1,1,0,36.006970,-86.695290,RED SUNSET CT,,,,125.00,Feet,North,SCARLET RIDGE DR,,,,0.00,N,Not at Intersection,N,Non-Junction,None,,,         ,Steven,Williams,Snow,Not Collision with Motor Vehicle in Transport,yes,no,no,no,no,False
103186727,METROPOLITAN NASHVILLE POLICE DEPT,20220007866,Davidson,Nashville,1/6/2022 10:15:00 AM,2,1,0,36.140590,-86.721930,I 40,,,,0.00,,,,,,,213.50,N,Not at Intersection,N,Non-Junction,None,,,         ,Tyler,Hall,Snow,"Sideswipe, Same Direction",no,no,no,no,no,False
103186730,METROPOLITAN NASHVILLE POLICE DEPT,20220007750,Davidson,Nashville,1/6/2022 8:50:00 AM,1,1,0,36.103070,-86.741200,NOLENSVILLE PKE,,,,61.00,Feet,North,PATTERSON ST,,,,0.00,N,Not at Intersection,N,Non-Junction,None,,,         ,Alexander,Perry,Snow,Not Collision with Motor Vehicle in Transport,no,no,no,no,no,False
103186731,GOODLETTSVILLE POLICE DEPT,22-00524,Davidson,Goodlettsville,1/6/2022 10:36:00 AM,2,0,0,36.315040,-86.713620,RIVERGATE PKWY,,,,0.00,,,S MAIN ST,,,,0.00,Y,T-Intersection, ,Intersection,None,,,         ,Rico,Jones,Snow,Angle,no,no,no,no,no,False
103186740,METROPOLITAN NASHVILLE POLICE DEPT,20220007911,Davidson,Nashville,1/6/2022 12:00:00 AM,2,0,0,36.172590,-86.762800,S 6TH ST,,,,0.00,,,WOODLAND ST,,,,0.00,Y,OTHER,N,Intersection-Related,None,,,         ,Eric,Hall,Snow,HeadOn,no,no,no,no,no,False
103186750,METROPOLITAN NASHVILLE POLICE DEPT,20220008001,Davidson,Nashville,1/6/2022 11:30:00 AM,1,0,0,36.144110,-86.647800,I 40,,,,0.00,,,,,,,217.70,N,Not at Intersection,N,Non-Junction,None,,,         ,Shawn,Taylor,Snow,Not Collision with Motor Vehicle in Transport,no,no,no,no,no,False
103186751,METROPOLITAN NASHVILLE POLICE DEPT,20220007797,Davidson,Nashville,1/6/2022 9:42:00 AM,3,1,0,36.211400,-86.817540,BUENA VISTA PKE,,,,0.00,,,STOKERS LN,,,,0.00,Y,Four-Way,N,Intersection-Related,None,,,         ,William,Coy,Snow,Angle,yes,no,no,no,no,False
103186753,METROPOLITAN NASHVILLE POLICE DEPT,20220007800,Davidson,Nashville,1/6/2022 12:00:00 AM,2,1,0,36.187620,-86.862600,BRILEY PKWYS,,,,4.00,Feet,North,COUNTY HOSPITAL RD,,,,0.00,N,Not at Intersection,N,Non-Junction,None,,,         ,Ron,Longino,"Cloudy, Snow",Front to Rear,no,no,no,no,no,False
103186767,METROPOLITAN NASHVILLE POLICE DEPT,20220008054,Davidson,Nashville,1/6/2022 12:40:00 PM,1,0,0,36.056490,-86.774310,I 65,,,,0.00,,,,,,,75.00,N,Not at Intersection, ,Non-Junction,None,,,         ,Sekou,Samassi,Blowing Snow,Not Collision with Motor Vehicle in Transport,no,no,no,no,no,False
103186774,METROPOLITAN NASHVILLE POLICE DEPT,20220007824,Davidson,Nashville,1/6/2022 9:59:00 AM,2,0,0,36.241500,-86.756870,BRILEY PKWY W ENT RAMP,,,,0.00,Feet,East,BRILEY PKWYW,,,,0.00,N,Not at Intersection, ,Entrance/Exit Ramp Related,None,,,         ,Mena,Mahros,"Cloudy, Snow",Front to Rear,no,no,no,no,no,False
103186780,METROPOLITAN NASHVILLE POLICE DEPT,20220007768,Davidson,Nashville,1/6/2022 9:13:00 AM,2,1,0,36.148760,-86.640740,I 40,,,,0.00,,,,,,,218.20,N,Not at Intersection,N,Non-Junction,None,,,         ,Kaytlin,huyler,Snow,Front to Rear,no,no,no,no,yes,False
103186794,METROPOLITAN NASHVILLE POLICE DEPT,20220007951,Davidson,Nashville,1/6/2022 11:20:00 AM,2,0,0,36.169680,-86.821300,W HEIMAN ST,,,,0.00,,,ED TEMPLE BLVD,,,,0.00,Y,Four-Way, ,Non-Junction,None,,,         ,Isaac,Wood,Snow,"Sideswipe, Opposite Direction",no,no,no,no,no,False
103186802,METROPOLITAN NASHVILLE POLICE DEPT,20220007996,Davidson,Nashville,1/6/2022 12:30:00 PM,1,0,0,36.129760,-86.899700,I 40,,,,0.00,,,,,,,201.00,N,Not at Intersection, ,Non-Junction,None,,,         ,Michael,Brickman,Snow,Not Collision with Motor Vehicle in Transport,no,no,no,no,no,False
103186806,METROPOLITAN NASHVILLE POLICE DEPT,20220007701,Davidson,Nashville,1/6/2022 8:38:00 AM,5,2,0,36.187610,-86.862600,COUNTY HOSPITAL RD,,,,0.00,,,BRILEY PKWYS,,,,0.00,Y,OTHER,N,Non-Junction,None,,,         ,James,Wray,"Snow, Blowing Snow",Front to Rear,no,no,no,no,no,False