master_record_number,agency,agency_tracking_number,county,city,collision_date,vehicles_involved,number_injured,number_dead,latitude,longitude,roadway_name,roadway_suffix,roadway_number,roadway_local_id,distance_from_reference,miles-feet_indicator,direction_from_reference,intersection_road_name,intersection_road_name_suffix,intersection_road_number,intersection_local_id,mile_marker,intersection_indicator,intersect_type,interchange_related_indicator,relation_to_junction,work_zone_type,construction_maintenance_zone,construction_maintenance_zone_location,fatal_case_number,officer_first_name,officer_last_name,weather_condition(s),manner_of_crash,pedestrian,bicycle,scooter,parking,hitrun,mou
103186818,METROPOLITAN NASHVILLE POLICE DEPT,20220007991,Davidson,Nashville,1/6/2022 12:05:00 PM,2,0,0,36.147020,-86.643080,I 40,,,,0.00,,,,,,,218.00,N,Not at Intersection,N,Non-Junction,None,,,         ,Adam,Kauffman,"Cloudy, Snow",Angle,no,no,no,no,no,False
103186855,METROPOLITAN NASHVILLE POLICE DEPT,20220007921,Davidson,Nashville,1/6/2022 11:09:00 AM,2,0,0,36.049980,-86.649500,BELL RD,,,,0.00,,,MT VIEW RD,,,,0.00,Y,Four-Way, ,Intersection,None,,,         ,Tyler,Heckaman,"Cloudy, Snow",Angle,no,no,no,no,no,False
103186865,METROPOLITAN NASHVILLE POLICE DEPT,20220007975,Davidson,Nashville,1/6/2022 11:23:00 AM,2,0,0,36.136750,-86.727240,I 24,,,,0.00,,,,,,,51.30,N,Not at Intersection,N,Non-Junction,None,,,         ,Alex,Moore,Snow,Front to Rear,no,no,no,no,no,False
103186868,METROPOLITAN NASHVILLE POLICE DEPT,20220007927,Davidson,Not in City Limit,1/6/2022 11:11:00 AM,2,1,0,36.034670,-86.981030,HIGHWAY 100,,,,435.00,Feet,East,OLD HARDING PKE,,,,0.00,N,Not at Intersection,N,Non-Junction,None,,,         ,Robert,Laboy,Snow,Angle,no,no,no,no,no,False
103186871,METROPOLITAN NASHVILLE POLICE DEPT,20220008061,Davidson,Not in City Limit,1/6/2022 12:48:00 PM,2,0,0,36.007800,-86.666710,PETTUS RD,,,,249.00,Feet,West,OLD HICKORY BLVD,,,,0.00,N,Not at Intersection,N,Non-Junction,None,,,         ,Patrick,Martin,"Cloudy, Snow","Sideswipe, Opposite Direction",no,no,no,no,no,False
103186877,METROPOLITAN NASHVILLE POLICE DEPT,20220008096,Davidson,Nashville,1/6/2022 1:30:00 PM,2,0,0,36.031460,-86.673260,BLUE HOLE RD,,,,724.00,Feet,South,OAK CHASE DR,,,,0.00,N,Not at Intersection, ,Non-Junction,None,,,         ,Nicholas,Hoffmann,"Snow, Blowing Snow",Not Collision with Motor Vehicle in Transport,no,no,no,no,no,False
103186880,METROPOLITAN NASHVILLE POLICE DEPT,20220008071,Davidson,Nashville,1/6/2022 1:04:00 PM,2,0,0,36.156110,-86.824730,EXIT 206,,,,0.00,Feet,East,I 40,,,,0.00,N,Not at Intersection,N,Entrance/Exit Ramp Related,None,,,         ,Alexis,Pond,Blowing Snow,Front to Rear,no,no,no,no,no,False
103186883,GOODLETTSVILLE POLICE DEPT,22-00529,Davidson,Goodlettsville,1/6/2022 12:40:00 PM,2,0,0,36.319830,-86.698710,PRESTON RUN CIR,,,,0.00,,,NORTHCREEK BLVD,,,,0.00,Y,T-Intersection, ,Intersection,None,,,         ,Rico,Jones,Snow,Angle,no,no,no,no,no,False
103186891,METROPOLITAN NASHVILLE POLICE DEPT,20220008073,Davidson,Nashville,1/6/2022 1:05:00 PM,3,0,0,36.172770,-86.821910,ED TEMPLE BLVD,,,,418.00,Feet,South,SCHRADER ACRES DR,,,,0.00,N,Not at Intersection,N,Non-Junction,None,,,         ,Robert,Kerpka,Snow,Front to Rear,no,no,no,no,yes,False
103186913,GOODLETTSVILLE POLICE DEPT,22-00532,Davidson,Not in City Limit,1/6/2022 1:04:00 PM,2,0,0,36.312000,-86.680640,VIETNAM VETERANS BLVDS,,,,0.85,Miles,East,CONFERENCE DR,,,,0.00,N,Not at Intersection, ,Non-Junction,None,,,         ,Rico,Jones,Snow,Front to Rear,no,no,no,no,no,False
103186915,METROPOLITAN NASHVILLE POLICE DEPT,20220008102,Davidson,Nashville,1/6/2022 1:43:00 PM,2,1,0,36.042450,-86.712940,SWISS AV,,,,0.00,,,NOLENSVILLE PKE,,,,0.00,Y,Four-Way,N,Intersection,None,,,         ,Earl,Davis,Snow,Angle,no,no,no,no,yes,False
103186917,METROPOLITAN NASHVILLE POLICE DEPT,20220008094,Davidson,Nashville,1/6/2022 1:00:00 PM,3,1,0,36.206500,-86.776490,W TRINITY LN,,,,10.00,Feet,South,I65 S ENT RAMP,,,,0.00,N,Not at Intersection,N,Non-Junction,None,,,         ,Kaitlyn,Qualls,Snow,HeadOn,no,no,no,no,no,False
103186941,METROPOLITAN NASHVILLE POLICE DEPT,20220007708,Davidson,Nashville,1/6/2022 8:42:00 AM,3,6,0,36.175010,-86.784680,JEFFERSON ST,,,,0.00,,,3RD AVN,,,,0.00,Y,Four-Way,N,Intersection,None,,,         ,Samuel,White,,Angle,no,no,no,no,no,False
103186975,METROPOLITAN NASHVILLE POLICE DEPT,20220008068,Davidson,Nashville,1/6/2022 12:51:00 PM,2,0,0,36.059150,-86.679010,I 24,,,,0.00,,,,,,,57.90,N,Not at Intersection,N,Non-Junction,None,,,         ,Tyler,Heckaman,"Cloudy, Snow","Sideswipe, Same Direction",no,no,no,no,no,False
103186982,METROPOLITAN NASHVILLE POLICE DEPT,20220008033,Davidson,Nashville,1/6/2022 12:33:00 PM,2,1,0,36.152470,-86.634760,I 40,,,,0.00,,,,,,,218.60,N,Not at Intersection,N,Non-Junction,None,,,         ,Kaytlin,huyler,Snow,Angle,no,no,no,no,no,False
103187010,METROPOLITAN NASHVILLE POLICE DEPT,20220007928,Davidson,Nashville,1/6/2022 11:06:00 AM,2,0,0,36.153120,-86.764700,I 40,,,,0.00,,,,,,,210.70,N,Not at Intersection, ,Non-Junction,None,,,         ,Christopher,Augustin,"Cloudy, Snow","Sideswipe, Same Direction",no,no,no,no,no,False
103187020,METROPOLITAN NASHVILLE POLICE DEPT,20220008021,Davidson,Not in City Limit,1/6/2022 12:27:00 PM,2,1,0,36.317640,-86.836160,I 24,,,,0.00,,,,,,,36.90,N,Not at Intersection,N,Non-Junction,None,,,         ,William,Coy,Snow,Front to Rear,no,no,no,no,no,False
103187022,METROPOLITAN NASHVILLE POLICE DEPT,20220008289,Davidson,Not in City Limit,1/6/2022 1:49:00 PM,2,0,0,36.303860,-86.813620,I 24,,,,0.00,,,,,,,38.50,N,Not at Intersection,N,Non-Junction,None,,,         ,William,Coy,Snow,"Sideswipe, Same Direction",no,no,no,no,yes,False
103187023,METROPOLITAN NASHVILLE POLICE DEPT,20220008108,Davidson,Not in City Limit,1/6/2022 1:49:00 PM,2,1,0,36.303940,-86.813680,I 24,,,,0.00,,,,,,,38.45,N,Not at Intersection,N,Non-Junction,None,,,         ,William,Coy,Snow,Front to Rear,no,no,no,no,no,False
103187039,METROPOLITAN NASHVILLE POLICE DEPT,20220008200,Davidson,Nashville,1/6/2022 3:02:00 PM,2,4,0,36.230570,-86.828970,BRILEY PKWYE,,,,255.00,Feet,East,BRILEY PKWYW,,,,0.00,N,Not at Intersection,N,Non-Junction,None,,,         ,Gabriel,Centeno,Snow,Front to Rear,no,no,no,no,no,False
103187076,METROPOLITAN NASHVILLE POLICE DEPT,20220008365,Davidson,Nashville,1/6/2022 5:35:00 PM,2,0,0,36.120650,-86.801990,PRIMROSE CIR,,,,416.00,Feet,South,PRIMROSE AV,,,,0.00,N,Not at Intersection, ,,None,,,         ,Heather,Fox,,,no,no,no,no,no,False
103187082,METROPOLITAN NASHVILLE POLICE DEPT,20220008223,Davidson,Nashville,1/6/2022 3:18:00 PM,2,0,0,36.141040,-86.717440,I 40,,,,0.00,,,,,,,213.20,N,Not at Intersection,N,Non-Junction,None,,,         ,Rami,Rouhi,Snow,Angle,no,no,no,no,no,False
103187089,METROPOLITAN NASHVILLE POLICE DEPT,2022-0008100,Davidson,Nashville,1/6/2022 1:30:00 PM,2,0,0,36.086810,-86.699950,I24 W ENT RAMP,,,,0.00,,,I 24,,,,0.00,Y,OTHER,N,Non-Junction,None,,,         ,Jacob,West,"Snow, Blowing Snow",Front to Rear,no,no,no,no,yes,False
103187105,METROPOLITAN NASHVILLE POLICE DEPT,20220008393,Davidson,Antioch,1/6/2022 6:18:00 PM,3,0,0,36.103440,-86.551540,HOBSON PKE,,,,96.00,Feet,North,BAKERS GROVE LN,,,,0.00,N,Not at Intersection,N,Non-Junction,None,,,         ,Beri,Scott,Snow,Front to Rear,no,no,no,no,no,False
103187116,METROPOLITAN NASHVILLE POLICE DEPT,20220008171,Davidson,Goodlettsville,1/6/2022 2:26:00 PM,2,1,0,36.296910,-86.699160,MYATT DR,,,,0.00,,,GALLATIN PKEN,,,,0.00,Y,Four-Way,Y,Intersection-Related,None,,,         ,Derek,Sibley,Snow,Angle,no,no,no,no,no,False
103187128,METROPOLITAN NASHVILLE POLICE DEPT,20220008476,Davidson,Nashville,1/6/2022 7:59:00 PM,1,1,0,36.170190,-86.599210,I 40,,,,0.00,,,,,,,220.95,N,Not at Intersection,N,Non-Junction,None,,,         ,Evan,Grace,Snow,Not Collision with Motor Vehicle in Transport,no,no,no,no,no,False
103187129,METROPOLITAN NASHVILLE POLICE DEPT,20220008444,Davidson,Nashville,1/6/2022 7:17:00 PM,1,0,0,36.236310,-86.744190,ELLINGTON PKWYS,,,,118.00,Feet,West,ELLINGTON PKWYN,,,,0.00,N,Not at Intersection, ,Entrance/Exit Ramp Related,None,,,         ,Dylan,Colquhoun,Snow,Not Collision with Motor Vehicle in Transport,no,no,no,no,no,False
103187145,METROPOLITAN NASHVILLE POLICE DEPT,20220008429,Davidson,Antioch,1/6/2022 6:21:00 PM,2,0,0,36.021260,-86.628420,I 24,,,,0.00,,,,,,,61.90,N,Not at Intersection,N,Non-Junction,None,,,         ,Beri,Scott,Snow,Front to Rear,no,no,no,no,yes,False
103187158,METROPOLITAN NASHVILLE POLICE DEPT,20220008554,Davidson,Nashville,1/6/2022 9:36:00 PM,2,0,0,36.170940,-86.791160,LOCKLAYER ST,,,,43.00,Feet,West,9TH AVN,,,,0.00,N,Not at Intersection, ,,None,,,         ,Mary,Hall,,,no,no,no,no,no,False
103187159,METROPOLITAN NASHVILLE POLICE DEPT,20220008558,Davidson,Not in City Limit,1/6/2022 9:56:00 PM,2,0,0,36.361380,-86.875650,JACKMAN RD,,,,2484.00,Feet,East,WHITES CREEK PKE,,,,0.00,N,Not at Intersection,N,Non-Junction,None,,,         ,Anna,Clayton,Snow,Front to Rear,no,no,no,no,yes,False
103187163,METROPOLITAN NASHVILLE POLICE DEPT,20220007520,Davidson,Nashville,1/6/2022 5:27:00 AM,2,0,0,36.215120,-86.597670,LEBANON PKE,,,,0.00,,,ANDREW JACKSON PKWY,,,,0.00,Y,Four-Way,N,Non-Junction,None,,,         ,Ryan,Malone,Clear,Angle,no,no,no,no,yes,False
103187166,GOODLETTSVILLE POLICE DEPT,22-00550,Davidson,Goodlettsville,1/6/2022 8:20:00 PM,1,0,0,36.332890,-86.709660,I 65,,,,0.00,,,,,,,97.60,N,Not at Intersection,N,Non-Junction,None,,,         ,Austin,Herendeen,Snow,Not Collision with Motor Vehicle in Transport,no,no,no,no,no,False
103187180,METROPOLITAN NASHVILLE POLICE DEPT,20220007681,Davidson,Nashville,1/6/2022 8:27:00 AM,2,0,0,36.082640,-86.763960,I 65,,,,0.00,,,,,,,77.85,N,Not at Intersection,Y,Entrance/Exit Ramp Related,None,,,         ,Jeffrey,Mathes,Blowing Snow,Front to Rear,no,no,no,no,no,False
103187204,METROPOLITAN NASHVILLE POLICE DEPT,20220008669,Davidson,Nashville,1/7/2022 12:40:00 AM,1,0,0,36.225130,-86.774450,I 65,,,,0.00,,,,,,,88.60,N,Not at Intersection, ,Non-Junction,None,,,         ,Coleman,McKellar,Snow,Not Collision with Motor Vehicle in Transport,no,no,no,no,no,False
103187211,METROPOLITAN NASHVILLE POLICE DEPT,20220008780,Davidson,Nashville,1/7/2022 3:25:00 AM,1,0,0,36.081830,-86.764070,I 65,,,,0.00,,,,,,,77.80,N,Not at Intersection,N,Non-Junction,None,,,         ,Ricardo,Cruz,Snow,Not Collision with Motor Vehicle in Transport,no,no,no,no,no,False
103187213,BELLE MEADE POLICE DEPT,2022-0006,Davidson,Belle Meade,1/6/2022 6:55:00 PM,1,0,0,36.096680,-86.861360,HARDING PL,,,,0.00,,,WESTOVER AV,,,,0.00,Y,Y-Intersection,N,Non-Junction,None,,,         ,Hayley,Doty,Snow,Not Collision with Motor Vehicle in Transport,no,no,no,no,no,False
103187217,GOODLETTSVILLE POLICE DEPT,22-00561,Davidson,Goodlettsville,1/7/2022 3:52:00 AM,2,0,0,36.318260,-86.703040,S CARTWRIGHT ST,,,,11.00,Feet,North,S CARTWRIGHT PVTDR ST,,,,0.00,N,Not at Intersection, ,Non-Junction,None,,,         ,Austin,Herendeen,Snow,Front to Rear,no,no,no,no,no,False
103187218,METROPOLITAN NASHVILLE POLICE DEPT,20220008810,Davidson,Nashville,1/7/2022 4:25:00 AM,1,1,0,36.163330,-86.616780,I 40,,,,0.00,,,,,,,219.85,N,Not at Intersection,N,Non-Junction,None,,,         ,Torry,Hill,,Not Collision with Motor Vehicle in Transport,no,no,no,no,no,False
103187234,METROPOLITAN NASHVILLE POLICE DEPT,20220008840,Davidson,Nashville,1/7/2022 12:00:00 AM,1,0,0,36.220860,-86.604010,SHUTE LN,,,,458.00,Feet,North,MILL SPRINGS CT,,,,0.00,N,Not at Intersection,N,Non-Junction,None,,,         ,Timothy,Kearney,,Not Collision with Motor Vehicle in Transport,no,no,no,no,yes,False
103187236,METROPOLITAN NASHVILLE POLICE DEPT,20220008857,Davidson,Nashville,1/7/2022 5:40:00 AM,1,1,0,36.149470,-86.639130,I 40,,,,0.00,,,,,,,218.30,N,Not at Intersection,N,Non-Junction,None,,,         ,Bryson,Wilkins,,Not Collision with Motor Vehicle in Transport,no,no,no,no,no,False
103187332,METROPOLITAN NASHVILLE POLICE DEPT,20220007895,Davidson,Not in City Limit,1/6/2022 10:38:00 AM,2,1,0,36.296200,-86.811310,I 24,,,,0.00,,,,,,,39.00,N,Not at Intersection,N,Non-Junction,None,,,         ,James,Wray,"Cloudy, Snow","Sideswipe, Same Direction",no,no,no,no,no,False
103187350,METROPOLITAN NASHVILLE POLICE DEPT,20220008942,Davidson,Not in City Limit,1/7/2022 8:10:00 AM,2,0,0,36.323970,-86.865310,I 24,,,,0.00,,,,,,,35.10,N,Not at Intersection, ,Non-Junction,None,,,         ,Michael,Richardson,Clear,Front to Rear,no,no,no,no,no,False
103187373,METROPOLITAN NASHVILLE POLICE DEPT,20220009067,Davidson,Nashville,1/7/2022 10:25:00 AM,1,0,0,36.117960,-86.891260,DAVIDSON RD,,,,88.00,Feet,East,DAVIDSON DR,,,,0.00,N,Not at Intersection,N,Non-Junction,None,,,         ,Corey,Stromatt,Snow,Not Collision with Motor Vehicle in Transport,no,no,no,no,no,False
103187376,METROPOLITAN NASHVILLE POLICE DEPT,20220009030,Davidson,Nashville,1/7/2022 9:46:00 AM,1,0,0,36.041460,-86.652620,I 24,,,,0.00,,,,,,,59.85,N,Not at Intersection,N,Non-Junction,None,,,         ,Patrick,Martin,Clear,Not Collision with Motor Vehicle in Transport,no,no,no,no,no,False
103187383,METROPOLITAN NASHVILLE POLICE DEPT,20220009059,Davidson,Nashville,1/7/2022 10:10:00 AM,2,0,0,36.152240,-86.625070,BLACKWOOD DR,,,,0.00,Feet,,STEWARTS FERRY PKE,,,,0.00,Y,Four-Way,Y,Intersection-Related,None,,,         ,Rex,Engelbert,Clear,Angle,no,no,no,no,yes,False
103187395,METROPOLITAN NASHVILLE POLICE DEPT,20220009117,Davidson,Nashville,1/7/2022 11:04:00 AM,1,1,0,36.104820,-86.669800,MURFREESBORO PKE,,,,470.00,Feet,West,OLD MURFREESBORO PKE,,,,0.00,N,Not at Intersection,N,Non-Junction,None,,,         ,Marcus,Darden,Clear,Not Collision with Motor Vehicle in Transport,no,no,no,no,no,False
103187435,METROPOLITAN NASHVILLE POLICE DEPT,20220009125,Davidson,Not in City Limit,1/7/2022 10:40:00 AM,2,0,0,35.989200,-86.625480,BATTLE RD,,,,385.00,Feet,South,BURKITT RD,,,,0.00,N,Not at Intersection, ,Non-Junction,None,,,         ,Nicholas,Hoffmann,Clear,"Sideswipe, Same Direction",no,no,no,no,no,False
103187438,METROPOLITAN NASHVILLE POLICE DEPT,20220009049,Davidson,Nashville,1/7/2022 10:02:00 AM,2,0,0,36.084750,-86.706100,LINBAR DR,,,,0.00,,,EISENHOWER DR,,,,0.00,Y,Four-Way,N,Intersection,None,,,         ,Tyler,Heckaman,Clear,Angle,no,no,no,no,no,False
103187447,METROPOLITAN NASHVILLE POLICE DEPT,20220009116,Davidson,Nashville,1/7/2022 11:00:00 AM,1,0,0,36.081240,-86.696950,I 24,,,,0.00,,,,,,,56.10,N,Not at Intersection,N,Non-Junction,None,,,         ,Gerald,Gomes,Clear,Not Collision with Motor Vehicle in Transport,no,no,no,no,no,False
103187457,METROPOLITAN NASHVILLE POLICE DEPT,20220009176,Davidson,Nashville,1/7/2022 12:10:00 PM,2,0,0,36.152120,-86.858300,I 40,,,,0.00,,,,,,,203.90,N,Not at Intersection,N,Non-Junction,None,,,         ,Douglas,Atwood,Clear,Angle,no,no,no,no,no,False
103187469,METROPOLITAN NASHVILLE POLICE DEPT,20220009190,Davidson,Nashville,1/7/2022 11:47:00 AM,4,0,0,36.060420,-86.633280,HAMILTON CHURCH RD,,,,807.00,Feet,East,ASHBY DR,,,,0.00,N,Not at Intersection, ,Non-Junction,None,,,         ,Patrick,Martin,Clear,Front to Rear,no,no,no,no,yes,False
103187474,METROPOLITAN NASHVILLE POLICE DEPT,20220009207,Davidson,Nashville,1/7/2022 12:38:00 PM,1,0,0,36.125360,-86.905230,I 40,,,,0.00,,,,,,,200.55,N,Not at Intersection,N,Non-Junction,None,,,         ,Wesley,Tilley,Snow,Not Collision with Motor Vehicle in Transport,no,no,no,no,no,False
103187475,METROPOLITAN NASHVILLE POLICE DEPT,20220009231,Davidson,Nashville,1/7/2022 12:38:00 PM,1,1,0,36.124960,-86.906010,I 40,,,,0.00,,,,,,,200.50,N,Not at Intersection,N,Non-Junction,None,,,         ,Corey,Stromatt,Snow,Not Collision with Motor Vehicle in Transport,no,no,no,no,no,False
103187486,METROPOLITAN NASHVILLE POLICE DEPT,20220009195,Davidson,Nashville,1/7/2022 12:15:00 PM,1,0,0,36.152430,-86.856910,I 40,,,,0.00,,,,,,,204.00,N,Not at Intersection,N,Non-Junction,None,,,         ,George,Spencer,Snow,Not Collision with Motor Vehicle in Transport,no,no,no,no,no,False
103187487,METROPOLITAN NASHVILLE POLICE DEPT,20220009148,Davidson,Nashville,1/7/2022 11:45:00 AM,2,0,0,36.081390,-86.696760,I 24,,,,0.00,,,,,,,56.10,N,Not at Intersection,N,Non-Junction,None,,,         ,Gerald,Gomes,Clear,Angle,no,no,no,no,no,False
103187488,METROPOLITAN NASHVILLE POLICE DEPT,20220009224,Davidson,Nashville,1/7/2022 12:50:00 PM,2,0,0,36.240730,-86.751820,I 65,,,,0.00,,,,,,,90.30,N,Not at Intersection, ,Non-Junction,None,,,         ,Brian,Otto,Clear,Front to Rear,no,no,no,no,no,False
103187497,METROPOLITAN NASHVILLE POLICE DEPT,20220009189,Davidson,Nashville,1/7/2022 12:22:00 PM,1,1,0,36.076560,-86.767050,I 65,,,,0.00,,,,,,,77.40,N,Not at Intersection,N,Non-Junction,None,,,         ,Earl,Davis,Clear,Not Collision with Motor Vehicle in Transport,no,no,no,no,no,False
103187498,METROPOLITAN NASHVILLE POLICE DEPT,20220009194,Davidson,Nashville,1/7/2022 12:25:00 PM,1,1,0,36.157210,-86.823170,I 40,,,,0.00,,,,,,,205.90,N,Not at Intersection,N,Non-Junction,None,,,         ,Malik,Burriss,Snow,Not Collision with Motor Vehicle in Transport,no,no,no,no,no,False
103187499,METROPOLITAN NASHVILLE POLICE DEPT,20220009162,Davidson,Nashville,1/7/2022 11:43:00 AM,2,0,0,36.207970,-86.777740,BRICK CHURCH PKE,,,,9.00,Feet,North,I65 S EXT RAMP,,,,0.00,N,Not at Intersection,N,Entrance/Exit Ramp Related,None,,,         ,James,Wray,Clear,Angle,no,no,no,no,yes,False
103187503,METROPOLITAN NASHVILLE POLICE DEPT,20220009266,Davidson,Nashville,1/7/2022 1:00:00 PM,1,0,0,36.125360,-86.905230,I 40,,,,0.00,,,,,,,200.55,N,Not at Intersection,N,Non-Junction,None,,,         ,Wesley,Tilley,Snow,Not Collision with Motor Vehicle in Transport,no,no,no,no,no,False
103187529,METROPOLITAN NASHVILLE POLICE DEPT,20220009212,Davidson,Nashville,1/7/2022 12:40:00 PM,1,0,0,36.034290,-86.783370,I 65,,,,0.00,,,,,,,74.25,N,Not at Intersection,N,Non-Junction,None,,,         ,Zachary,Wilbanks,Clear,Not Collision with Motor Vehicle in Transport,no,no,no,no,no,False
103187531,METROPOLITAN NASHVILLE POLICE DEPT,20220009221,Davidson,Nashville,1/7/2022 12:55:00 PM,1,1,0,36.068480,-86.674510,RICHARDS RD,,,,50.00,Feet,West,ARTELIA DR,,,,0.00,N,Not at Intersection,N,Non-Junction,None,,,         ,Lee,Davis,Clear,Not Collision with Motor Vehicle in Transport,yes,no,no,no,yes,False
103187535,METROPOLITAN NASHVILLE POLICE DEPT,20220009020,Davidson,Nashville,1/7/2022 9:40:00 AM,2,0,0,36.054920,-86.636560,ZELIDA AV,,,,0.00,,,HAMILTON CHURCH RD,,,,0.00,Y,T-Intersection, ,,None,,,         ,Steven,Williams,,,no,no,no,no,no,False
103187538,METROPOLITAN NASHVILLE POLICE DEPT,20220008857,Davidson,Nashville,1/7/2022 11:47:00 AM,2,0,0,36.134190,-86.726760,I 24,,,,0.00,,,,,,,52.00,N,Not at Intersection, ,Non-Junction,None,,,         ,Adam,Kauffman,Clear,"Sideswipe, Same Direction",no,no,no,no,no,False
103187549,METROPOLITAN NASHVILLE POLICE DEPT,20220009235,Davidson,Nashville,1/7/2022 1:16:00 PM,2,0,0,36.123690,-86.747140,,,I440,,6.00,Miles,East,,,,,6.00,N,Not at Intersection,N,Non-Junction,None,,,         ,Nicholas,Smith,Clear,Angle,no,no,no,no,yes,False
103187550,METROPOLITAN NASHVILLE POLICE DEPT,20220009236,Davidson,Nashville,1/7/2022 1:18:00 PM,1,0,0,36.144260,-86.698190,I 40,,,,0.00,,,,,,,214.80,N,Not at Intersection,N,Non-Junction,None,,,         ,Larry,Benz,Clear,Not Collision with Motor Vehicle in Transport,no,no,no,no,no,False
103187556,METROPOLITAN NASHVILLE POLICE DEPT,20220009260,Davidson,Nashville,1/7/2022 1:30:00 PM,2,0,0,36.060420,-86.633280,HAMILTON CHURCH RD,,,,807.00,Feet,East,ASHBY DR,,,,0.00,N,Not at Intersection,N,Non-Junction,None,,,         ,Patrick,Martin,Clear,Front to Rear,no,no,no,no,no,False
103187567,METROPOLITAN NASHVILLE POLICE DEPT,20220009256,Davidson,Nashville,1/7/2022 1:30:00 PM,2,0,0,36.144350,-86.697190,I 40,,,,0.00,,,,,,,214.85,N,Not at Intersection,N,Non-Junction,None,,,         ,Patrick,Lancaster,Clear,Front to Rear,no,no,no,no,no,False
103187594,METROPOLITAN NASHVILLE POLICE DEPT,20220009244,Davidson,Nashville,1/7/2022 1:31:00 PM,2,0,0,36.144280,-86.697990,I 40,,,,0.00,,,,,,,214.80,N,Not at Intersection, ,Entrance/Exit Ramp Related,None,,,         ,Christopher,Augustin,Clear,Angle,no,no,no,no,no,False
103187645,METROPOLITAN NASHVILLE POLICE DEPT,20220009352,Davidson,Nashville,1/7/2022 3:27:00 PM,1,0,0,36.244930,-86.746910,I65 S EXT RAMP,,,,0.00,Feet,East,I 65,,,,0.00,N,Not at Intersection,N,Non-Junction,None,,,         ,Seth,Wilson,Clear,Not Collision with Motor Vehicle in Transport,no,no,no,no,no,False
103187669,METROPOLITAN NASHVILLE POLICE DEPT,20220009398,Davidson,Nashville,1/7/2022 4:00:00 PM,1,1,0,36.136140,-86.727250,I24 E EXT RAMP,,,,0.00,Feet,East,I 24,,,,0.00,N,Not at Intersection,N,Entrance/Exit Ramp Related,None,,,         ,Dalton,Crum,Snow,Not Collision with Motor Vehicle in Transport,no,no,no,no,no,False
103187671,METROPOLITAN NASHVILLE POLICE DEPT,20220009410,Davidson,Nashville,1/7/2022 4:19:00 PM,1,2,0,36.238390,-86.780910,BRICK CHURCH PKE,,,,0.00,Feet,North,BRILEY PKWYW,,,,0.00,N,Not at Intersection,N,Non-Junction,None,,,         ,Dillon,Deleacaes,Snow,Not Collision with Motor Vehicle in Transport,no,no,no,no,no,False
103187673,METROPOLITAN NASHVILLE POLICE DEPT,20220009297,Davidson,Goodlettsville,1/7/2022 2:39:00 PM,2,0,0,36.286790,-86.705450,W MONTICELLO AV,,,,2.00,Feet,West,GALLATIN PKEN,,,,0.00,N,Not at Intersection,N,Non-Junction,None,,,         ,Austin,Bowles,Clear,Front to Rear,no,no,no,no,yes,False
103187675,METROPOLITAN NASHVILLE POLICE DEPT,20220009349,Davidson,Nashville,1/7/2022 3:25:00 PM,2,0,0,36.134460,-86.820170,I440 E ENT RAMP,,,,0.00,,,I 440,,,,0.00,Y,Y-Intersection,Y,Entrance/Exit Ramp Related,None,,,         ,Heather,Fox,Snow,Angle,no,no,no,no,no,False
103187692,METROPOLITAN NASHVILLE POLICE DEPT,20220009412,Davidson,Nashville,1/7/2022 4:20:00 PM,1,0,0,36.239620,-86.753590,I 65,,,,0.00,,,,,,,90.20,N,Not at Intersection, ,Non-Junction,None,,,         ,Seth,Wilson,Clear,Not Collision with Motor Vehicle in Transport,no,no,no,no,no,False
103187694,METROPOLITAN NASHVILLE POLICE DEPT,20220009423,Davidson,Nashville,1/7/2022 3:33:00 PM,2,0,0,36.071870,-86.636180,BELL RD,,,,0.00,,,MURFREESBORO PKE,,,,0.00,Y,Four-Way,Y,Intersection,None,,,         ,Taylor,Blackwelder,Snow,Angle,no,no,no,no,yes,False
103187696,METROPOLITAN NASHVILLE POLICE DEPT,20220009392,Davidson,Nashville,1/7/2022 2:27:00 PM,1,0,0,36.166390,-86.611520,I40 E EXT RAMP,,,,0.00,Feet,East,I 40,,,,0.00,N,Not at Intersection,N,Entrance/Exit Ramp Related,None,,,         ,William,Boler,Snow,Not Collision with Motor Vehicle in Transport,no,no,no,no,no,False
103187785,METROPOLITAN NASHVILLE POLICE DEPT,20220009581,Davidson,Nashville,1/7/2022 2:28:00 PM,2,0,0,36.150250,-86.857530,CHARLOTTE PKE,,,,48.00,Feet,West,ORLANDO AV,,,,0.00,N,Not at Intersection,N,Non-Junction,None,,,         ,Matthew,Mrowiec,Clear,Angle,no,no,no,no,no,False
103187799,METROPOLITAN NASHVILLE POLICE DEPT,20220009525,Davidson,Nashville,1/7/2022 12:00:00 AM,2,0,0,36.174220,-86.740110,RUSSELL ST,,,,118.00,Feet,West,S 17TH ST,,,,0.00,N,Not at Intersection,N,Non-Junction,None,,,         ,Esther,Poysti,Unknown,Unknown,no,no,no,no,yes,False
103187801,METROPOLITAN NASHVILLE POLICE DEPT,20220008213,Davidson,Not in City Limit,1/6/2022 2:45:00 PM,2,0,0,36.077140,-87.030990,I 40,,,,0.00,,,,,,,191.95,N,Not at Intersection,N,Non-Junction,None,,,         ,Peyton,Wheatley,Snow,Angle,no,no,no,no,no,False