master_record_number,agency,agency_tracking_number,county,city,collision_date,vehicles_involved,number_injured,number_dead,latitude,longitude,roadway_name,roadway_suffix,roadway_number,roadway_local_id,distance_from_reference,miles-feet_indicator,direction_from_reference,intersection_road_name,intersection_road_name_suffix,intersection_road_number,intersection_local_id,mile_marker,intersection_indicator,intersect_type,interchange_related_indicator,relation_to_junction,work_zone_type,construction_maintenance_zone,construction_maintenance_zone_location,fatal_case_number,officer_first_name,officer_last_name,weather_condition(s),manner_of_crash,pedestrian,bicycle,scooter,parking,hitrun,mou
103188547,METROPOLITAN NASHVILLE POLICE DEPT,20220011186,Davidson,Nashville,1/9/2022 1:50:00 AM,1,1,0,36.189600,-86.738500,GREENWOOD AV,,,,34.00,Feet,East,CHAPEL AV,,,,0.00,N,Not at Intersection,N,Non-Junction,None,,,         ,Zachary,Cooper,Rain,Not Collision with Motor Vehicle in Transport,no,no,no,no,no,False
103188563,METROPOLITAN NASHVILLE POLICE DEPT,20220011187,Davidson,Nashville,1/9/2022 1:00:00 AM,2,0,0,36.156530,-86.787620,BROADWAY,,,,61.00,Feet,West,12TH AVS,,,,0.00,N,Not at Intersection,N,Non-Junction,None,,,         ,Nathaniel,Jones,Clear,Front to Rear,no,no,no,yes,yes,False
103188570,METROPOLITAN NASHVILLE POLICE DEPT,20220011292,Davidson,Nashville,1/9/2022 3:44:00 AM,1,1,0,36.221390,-86.773760,I 65,,,,0.00,,,,,,,88.35,N,Not at Intersection,N,Non-Junction,None,,,         ,David,Rehm,Rain,Not Collision with Motor Vehicle in Transport,no,no,no,no,no,False
103188598,METROPOLITAN NASHVILLE POLICE DEPT,20220011233,Davidson,Nashville,1/9/2022 2:05:00 AM,1,1,0,36.089400,-86.628850,NASHBORO BLVD,,,,130.00,Feet,East,FAIRWAY POINTE PVTDR,,,,0.00,N,Not at Intersection,N,Non-Junction,None,,,         ,Roger,Luther,Cloudy,Not Collision with Motor Vehicle in Transport,no,no,no,no,no,False
103188607,GOODLETTSVILLE POLICE DEPT,22-00762,Davidson,Goodlettsville,1/9/2022 5:39:00 AM,2,0,0,36.323010,-86.713370,W CEDAR ST,,,,0.00,,,N MAIN ST,,,,0.00,Y,T-Intersection, ,Intersection-Related,None,,,         ,Nicholas,Given,Rain,Angle,no,no,no,no,no,False
103188609,METROPOLITAN NASHVILLE POLICE DEPT,20220011171,Davidson,Nashville,1/8/2022 6:30:00 PM,4,0,0,36.161630,-86.631010,STONES RIVER CV,,,,220.00,Feet,East,ROYAL CREST AV,,,,0.00,N,Not at Intersection, ,Non-Junction,None,,,         ,Nelson,Hemingway,Rain,Not Collision with Motor Vehicle in Transport,no,no,no,yes,yes,False
103188625,METROPOLITAN NASHVILLE POLICE DEPT,20220011402,Davidson,Nashville,1/9/2022 6:28:00 AM,1,1,0,36.205480,-86.776590,I 65,,,,0.00,,,,,,,87.20,N,Not at Intersection,N,Non-Junction,None,,,         ,William,Coy,"Cloudy, Rain",Not Collision with Motor Vehicle in Transport,no,no,no,no,no,False
103188655,METROPOLITAN NASHVILLE POLICE DEPT,20220011461,Davidson,Nashville,1/9/2022 7:46:00 AM,1,0,0,36.102690,-86.713970,I 24,,,,0.00,,,,,,,54.35,N,Not at Intersection,N,Non-Junction,None,,,         ,Eric,Burford,Rain,Not Collision with Motor Vehicle in Transport,no,no,no,no,no,False
103188656,METROPOLITAN NASHVILLE POLICE DEPT,20220011413,Davidson,Nashville,1/9/2022 6:53:00 AM,2,2,0,36.174680,-86.771190,I 24,,,,0.00,,,,,,,48.10,N,Not at Intersection,N,Non-Junction,None,,,         ,James,Thornton,Rain,Not Collision with Motor Vehicle in Transport,no,no,no,no,no,False
103188657,METROPOLITAN NASHVILLE POLICE DEPT,20220011424,Davidson,Nashville,1/9/2022 6:50:00 AM,1,0,0,36.188590,-86.776330,I24 E ENT RAMP,,,,0.00,Feet,East,I 24,,,,0.00,N,Not at Intersection,N,Non-Junction,None,,,         ,Jaren,Breece,Rain,Not Collision with Motor Vehicle in Transport,no,no,no,no,no,False
103188663,METROPOLITAN NASHVILLE POLICE DEPT,20220011448,Davidson,Nashville,1/9/2022 7:34:00 AM,1,1,0,36.139320,-86.775940,I 65,,,,0.00,,,,,,,81.80,N,Not at Intersection,N,Non-Junction,None,,,         ,Cecelia,Brown,Rain,Not Collision with Motor Vehicle in Transport,no,no,no,no,no,False
103188668,METROPOLITAN NASHVILLE POLICE DEPT,20220011509,Davidson,Nashville,1/9/2022 8:30:00 AM,2,0,0,36.147500,-86.744050,I 40,,,,0.00,,,,,,,212.00,N,Not at Intersection,N,Non-Junction,None,,,         ,Ian,Wilson,Rain,"Sideswipe, Same Direction",no,no,no,no,yes,False
103188677,METROPOLITAN NASHVILLE POLICE DEPT,20220011526,Davidson,Nashville,1/9/2022 8:55:00 AM,1,0,0,36.148610,-86.745750,I 40,,,,0.00,,,,,,,211.90,N,Not at Intersection,N,Non-Junction,None,,,         ,William,Sutherland,"Cloudy, Rain",Not Collision with Motor Vehicle in Transport,no,no,no,no,no,False
103188678,METROPOLITAN NASHVILLE POLICE DEPT,20220011485,Davidson,Nashville,1/9/2022 8:10:00 AM,3,1,0,36.140660,-86.725600,I 40,,,,0.00,,,,,,,213.70,N,Not at Intersection,N,Non-Junction,None,,,         ,Tyler,Hall,Rain,Front to Rear,no,no,no,no,no,False
103188689,METROPOLITAN NASHVILLE POLICE DEPT,20220011489,Davidson,Nashville,1/9/2022 8:00:00 AM,1,1,0,36.120170,-86.773890,I440 ENT RAMP,,,,0.00,Feet,East,I 65,,,,0.00,N,Not at Intersection,N,Non-Junction,None,,,         ,Cecelia,Brown,Rain,Not Collision with Motor Vehicle in Transport,no,no,no,no,no,False
103188703,METROPOLITAN NASHVILLE POLICE DEPT,20220011549,Davidson,Nashville,1/9/2022 9:47:00 AM,1,0,0,36.157760,-86.861600,BRILEY PKWY N ENT RAMP,,,,0.00,Feet,East,BRILEY PKWYN,,,,0.00,N,Not at Intersection,Y,Entrance/Exit Ramp Related,None,,,         ,Darren,Key,Rain,Not Collision with Motor Vehicle in Transport,no,no,no,no,no,False
103188706,METROPOLITAN NASHVILLE POLICE DEPT,20220011481,Davidson,Nashville,1/9/2022 8:10:00 AM,1,2,0,36.065890,-86.686020,I 24,,,,0.00,,,,,,,57.30,N,Not at Intersection,N,Non-Junction,None,,,         ,Lee,Davis,Rain,Not Collision with Motor Vehicle in Transport,no,no,no,no,no,False
103188711,METROPOLITAN NASHVILLE POLICE DEPT,20220011519,Davidson,Nashville,1/9/2022 9:02:00 AM,2,2,0,36.142090,-86.679030,I 40,,,,0.00,,,,,,,215.90,N,Not at Intersection,N,Non-Junction,None,,,         ,Rachael,Robinson,"Cloudy, Rain",Front to Rear,no,no,no,no,no,False
103188721,METROPOLITAN NASHVILLE POLICE DEPT,20220011553,Davidson,Nashville,1/9/2022 9:52:00 AM,2,4,0,36.202500,-86.776850,I 65,,,,0.00,,,,,,,87.00,N,Not at Intersection,N,Non-Junction,None,,,         ,William,Coy,"Cloudy, Rain",Front to Rear,no,no,no,no,no,False
103188723,METROPOLITAN NASHVILLE POLICE DEPT,20220011560,Davidson,Nashville,1/9/2022 9:00:00 AM,2,2,0,36.141950,-86.677390,I 40,,,,0.00,,,,,,,216.00,N,Not at Intersection,N,Non-Junction,None,,,         ,Michael,Raash,Rain,Front to Rear,no,no,no,no,no,False
103188726,METROPOLITAN NASHVILLE POLICE DEPT,20220011579,Davidson,Nashville,1/9/2022 10:23:00 AM,2,7,0,36.058470,-86.678310,I 24,,,,0.00,,,,,,,58.00,N,Not at Intersection,N,Non-Junction,None,,,         ,Daniel,Russett,Rain,"Sideswipe, Same Direction",no,no,no,no,no,False
103188727,METROPOLITAN NASHVILLE POLICE DEPT,20220011561,Davidson,Nashville,1/9/2022 9:59:00 AM,3,1,0,36.120870,-86.727110,I 24,,,,0.00,,,,,,,52.85,N,Not at Intersection,N,Non-Junction,None,,,         ,Eric,Burford,Rain,Not Collision with Motor Vehicle in Transport,no,no,no,no,no,False
103188731,METROPOLITAN NASHVILLE POLICE DEPT,20220011570,Davidson,Nashville,1/9/2022 9:50:00 AM,1,0,0,36.210320,-86.776000,I 65,,,,0.00,,,,,,,87.60,N,Not at Intersection,N,Non-Junction,None,,,         ,Rachel,Susee,Rain,Not Collision with Motor Vehicle in Transport,no,no,no,no,no,False
103188735,METROPOLITAN NASHVILLE POLICE DEPT,20220011597,Davidson,Nashville,1/9/2022 10:59:00 AM,1,0,0,36.051520,-86.669430,I 24,,,,0.00,,,,,,,58.70,N,Not at Intersection,N,Non-Junction,None,,,         ,Andre,Williams,Rain,Not Collision with Motor Vehicle in Transport,no,no,no,no,yes,False
103188752,GOODLETTSVILLE POLICE DEPT,22-00772,Davidson,Goodlettsville,1/9/2022 10:30:00 AM,1,0,0,36.301570,-86.709960,VIETNAM VETERANS BLVDN,,,,1567.00,Feet,West,VIETNAM VETERANS BLVDS,,,,0.00,N,Not at Intersection,N,Non-Junction,None,,,         ,George,Henry,Rain,Not Collision with Motor Vehicle in Transport,no,no,no,no,no,False
103188762,METROPOLITAN NASHVILLE POLICE DEPT,20220011607,Davidson,Nashville,1/9/2022 11:17:00 AM,2,0,0,36.182660,-86.748470,STRATTON AV,,,,109.00,Feet,East,GALLATIN AV,,,,0.00,N,Not at Intersection, ,,None,,,         ,William,Clemons,,,no,no,no,no,no,False
103188764,METROPOLITAN NASHVILLE POLICE DEPT,2022-0011562,Davidson,Nashville,1/9/2022 9:56:00 AM,1,1,0,36.079490,-86.764520,I65 N EXT RAMP,,,,0.00,Feet,East,I 65,,,,0.00,N,Not at Intersection,N,Non-Junction,None,,,         ,Sean,Williams,Rain,Not Collision with Motor Vehicle in Transport,no,no,no,no,no,False
103188765,METROPOLITAN NASHVILLE POLICE DEPT,20220011581,Davidson,Nashville,1/9/2022 10:23:00 AM,2,0,0,36.169850,-86.763510,FATHERLAND ST,,,,0.00,,,S 5TH ST,,,,0.00,Y,Four-Way, ,Non-Junction,None,,,         ,Michael,Agee,Rain,Angle,no,no,no,no,no,False
103188770,METROPOLITAN NASHVILLE POLICE DEPT,20220011631,Davidson,Not in City Limit,1/9/2022 11:38:00 AM,2,0,0,36.077280,-86.945020,SAWYER BROWN RD,,,,153.00,Feet,North,HIGHWAY 70S,,,,0.00,N,Not at Intersection, ,Non-Junction,None,,,         ,Jeffery,Leiser,Rain,"Sideswipe, Opposite Direction",no,no,no,yes,no,False
103188771,GOODLETTSVILLE POLICE DEPT,22-00667,Davidson,Goodlettsville,1/8/2022 10:54:00 AM,2,1,0,36.306840,-86.694360,CONFERENCE DR,,,,0.00,,,VIETNAM VETERANS BLVD NB ENT R,,,,0.00,Y,T-Intersection,Y,Intersection,None,,,         ,Benny,Alexander,Clear,Angle,no,no,no,no,no,False
103188776,METROPOLITAN NASHVILLE POLICE DEPT,20220011673,Davidson,Nashville,1/9/2022 12:39:00 PM,1,0,0,36.038590,-86.677370,BLUE HOLE RD,,,,0.00,,,CRYSTAL BROOK DR,,,,0.00,,Not at Intersection,N,Non-Junction,None,,,         ,Brian,Smith,Rain,Not Collision with Motor Vehicle in Transport,no,no,no,no,no,False
103188798,METROPOLITAN NASHVILLE POLICE DEPT,20220011632,Davidson,Nashville,1/9/2022 11:30:00 AM,1,0,0,36.121840,-86.727420,I 24,,,,0.00,,,,,,,52.80,N,Not at Intersection,N,Non-Junction,None,,,         ,Alexander,Perry,Rain,Not Collision with Motor Vehicle in Transport,no,no,no,no,no,False
103188803,METROPOLITAN NASHVILLE POLICE DEPT,20220011705,Davidson,Goodlettsville,1/9/2022 1:23:00 PM,2,0,0,36.303900,-86.692630,CONFERENCE DR,,,,11.00,Feet,North,THE SHOPPES AT RIVERGATE PVTDR,,,,0.00,N,Not at Intersection, ,Non-Junction,None,,,         ,Ian,Wilson,Rain,Angle,no,no,no,no,no,False
103188816,METROPOLITAN NASHVILLE POLICE DEPT,20220011535,Davidson,Nashville,1/9/2022 9:23:00 AM,1,0,0,36.116080,-86.725310,I 24,,,,0.00,,,,,,,53.20,N,Not at Intersection,N,Non-Junction,None,,,         ,Robert,Higgins,Rain,Not Collision with Motor Vehicle in Transport,no,no,no,no,no,False
103188817,METROPOLITAN NASHVILLE POLICE DEPT,20220011632,Davidson,Nashville,1/9/2022 11:48:00 AM,2,0,0,36.124270,-86.728060,I 24,,,,0.00,,,,,,,52.60,N,Not at Intersection,N,Non-Junction,None,,,         ,Robert,Higgins,Rain,Angle,no,no,no,no,no,False
103188818,METROPOLITAN NASHVILLE POLICE DEPT,20220011714,Davidson,Nashville,1/9/2022 1:00:00 PM,2,0,0,36.156010,-86.788850,13TH AVS,,,,0.00,,,GEORGE L DAVIS BLVD,,,,0.00,Y,T-Intersection,N,Intersection,None,,,         ,Jaren,Breece,"Cloudy, Rain",Angle,no,no,no,no,no,False
103188822,GOODLETTSVILLE POLICE DEPT,22-00770,Davidson,Goodlettsville,1/9/2022 9:49:00 AM,2,0,0,36.312120,-86.679200,VIETNAM VETERANS BLVDS,,,,1230.00,Feet,East,VIETNAM VETERANS BLVDN,,,,0.00,N,Not at Intersection, ,Non-Junction,None,,,         ,Nicholas,Given,Rain,Not Collision with Motor Vehicle in Transport,no,no,no,no,no,False
103188865,METROPOLITAN NASHVILLE POLICE DEPT,20220011763,Davidson,Nashville,1/8/2022 12:00:00 AM,2,0,0,36.068200,-86.719110,NOLENSVILLE PKE,,,,0.00,,,HAYWOOD LN,,,,0.00,Y,Four-Way,Y,Intersection,None,,,         ,Taylor,Blackwelder,Unknown,"Sideswipe, Same Direction",no,no,no,no,yes,False
103188873,METROPOLITAN NASHVILLE POLICE DEPT,20220011796,Davidson,Nashville,1/9/2022 1:15:00 PM,2,0,0,36.175190,-86.761310,N 7TH ST,,,,158.00,Feet,South,RAMSEY ST,,,,0.00,N,Not at Intersection,N,Non-Junction,None,,,         ,Tyler,Lewis,Cloudy,Angle,no,no,no,yes,yes,False
103188881,METROPOLITAN NASHVILLE POLICE DEPT,20220011828,Davidson,Nashville,1/9/2022 3:58:00 PM,1,0,0,36.121610,-86.742870,FOSTER AV,,,,141.00,Feet,North,VALERIA ST,,,,0.00,N,Not at Intersection, ,Non-Junction,None,,,         ,Phillip,Lovell,Cloudy,Not Collision with Motor Vehicle in Transport,no,no,no,no,no,False
103188885,METROPOLITAN NASHVILLE POLICE DEPT,20220011768,Davidson,Nashville,1/9/2022 2:53:00 PM,2,0,0,36.110720,-86.683850,MURFREESBORO PKE,,,,361.00,Feet,West,AIR FREIGHT BLVD,,,,0.00,N,Not at Intersection,N,Non-Junction,None,,,         ,Robert,Marquez,Rain,Not Collision with Motor Vehicle in Transport,no,no,no,no,no,False
103188927,METROPOLITAN NASHVILLE POLICE DEPT,20220011903,Davidson,Nashville,1/9/2022 4:49:00 PM,2,3,0,36.155040,-86.627080,STEWARTS FERRY PKE,,,,0.00,,,I40 E ENT RAMP,,,,0.00,Y,Four-Way,N,Intersection,None,,,         ,Theodore,Flick,Cloudy,Angle,no,no,no,no,no,False
103188967,METROPOLITAN NASHVILLE POLICE DEPT,20220012049,Davidson,Nashville,1/9/2022 7:10:00 PM,1,0,0,36.203670,-86.779860,ARTIC AV,,,,800.00,Feet,West,BRICK CHURCH PKE,,,,0.00,N,Not at Intersection, ,Non-Junction,None,,,         ,Keegan,Winchell,Clear,Not Collision with Motor Vehicle in Transport,no,no,no,no,no,False
103189004,METROPOLITAN NASHVILLE POLICE DEPT,20220011942,Davidson,Nashville,1/9/2022 5:34:00 PM,2,1,0,36.105240,-86.742310,RADNOR ST,,,,0.00,,,NOLENSVILLE PKE,,,,0.00,Y,Four-Way,N,Non-Junction,None,,,         ,Dylan,Motes,Cloudy,Not Collision with Motor Vehicle in Transport,no,no,no,no,no,False
103189005,METROPOLITAN NASHVILLE POLICE DEPT,20220012077,Davidson,Nashville,1/9/2022 3:00:00 PM,2,0,0,36.226400,-86.603180,SHUTE LN,,,,31.00,Feet,North,SAUNDERSVILLE RD,,,,0.00,N,Not at Intersection,N,Non-Junction,None,,,         ,Crockett,Bruce,Clear,Front to Rear,no,no,no,no,yes,False
103189016,METROPOLITAN NASHVILLE POLICE DEPT,20220011859,Davidson,Nashville,1/9/2022 3:44:00 PM,2,1,0,36.043930,-86.693300,BELL RD,,,,0.00,,,BROOK VIEW ESTATES DR,,,,0.00,Y,Four-Way,N,Intersection,None,,,         ,Brian,Sherman,Rain,Front to Rear,no,no,no,no,no,False
103189017,METROPOLITAN NASHVILLE POLICE DEPT,20220011789,Davidson,Nashville,1/9/2022 12:00:00 AM,2,0,0,36.172890,-86.810350,21ST AVN,,,,49.00,Feet,South,UNDERWOOD ST,,,,0.00,N,Not at Intersection,N,Non-Junction,None,,,         ,Michael,Intrieri,Unknown,Other,no,no,no,no,yes,False
103189022,METROPOLITAN NASHVILLE POLICE DEPT,20220012122,Davidson,Nashville,1/9/2022 6:28:00 PM,2,0,0,36.153750,-86.757720,I 40,,,,0.00,,,,,,,211.10,N,Not at Intersection,N,Non-Junction,None,,,         ,William,Boler,Clear,Front to Rear,no,no,no,no,yes,False
103189040,METROPOLITAN NASHVILLE POLICE DEPT,20220011986,Davidson,Nashville,1/9/2022 6:17:00 PM,1,2,0,36.153080,-86.837080,42ND AVN,,,,142.00,Feet,South,ALABAMA AV,,,,0.00,N,Not at Intersection,N,Non-Junction,None,,,         ,Kevin,Coleman,Clear,Not Collision with Motor Vehicle in Transport,no,no,no,yes,no,False
103189050,METROPOLITAN NASHVILLE POLICE DEPT,20220012127,Davidson,Nashville,1/9/2022 8:47:00 PM,2,3,0,36.229380,-86.759280,BROADMOOR DR,,,,0.00,,,DICKERSON PKE,,,,0.00,Y,Four-Way,N,Intersection,None,,,         ,Fady,Aziz,Clear,Angle,no,no,no,no,no,False
103189058,METROPOLITAN NASHVILLE POLICE DEPT,20220012071,Davidson,Nashville,1/9/2022 7:37:00 PM,2,2,0,36.109450,-86.728050,BRILEY PKWYN,,,,0.00,,,BRILEY PKWYS,,,,0.00,Y,Four-Way,Y,Intersection,None,,,         ,Phillip,Lovell,Clear,Angle,no,no,no,no,no,False
103189071,METROPOLITAN NASHVILLE POLICE DEPT,20220012194,Davidson,Nashville,1/9/2022 10:15:00 PM,1,0,0,36.155900,-86.789090,BROADWAY,,,,5.00,Feet,East,I40 W EXT RAMP,,,,0.00,N,Not at Intersection,N,Non-Junction,None,,,         ,Kency,Le,Clear,Not Collision with Motor Vehicle in Transport,no,no,no,no,no,False
103189093,METROPOLITAN NASHVILLE POLICE DEPT,20220012006,Davidson,Not in City Limit,1/9/2022 6:25:00 AM,2,0,0,36.020830,-86.647980,BLAIRFIELD DR,,,,138.00,Feet,East,OHARA DR,,,,0.00,N,Not at Intersection,N,Non-Junction,None,,,         ,Nadine,Klemenz,Clear,HeadOn,no,no,no,no,no,False
103189094,METROPOLITAN NASHVILLE POLICE DEPT,20220012201,Davidson,Nashville,1/9/2022 10:30:00 PM,1,0,0,36.154430,-86.760160,I 40,,,,0.00,,,,,,,210.95,N,Not at Intersection,N,Non-Junction,None,,,         ,William,Boler,Clear,Not Collision with Motor Vehicle in Transport,no,no,no,no,no,False
103189105,METROPOLITAN NASHVILLE POLICE DEPT,20220012282,Davidson,Nashville,1/9/2022 1:00:00 PM,2,0,0,36.152940,-86.759160,GREEN ST,,,,0.00,,,MAURY ST,,,,0.00,Y,Four-Way,N,Non-Junction,None,,,         ,Bryson,Wilkins,,Unknown,no,no,no,no,yes,False
103189113,METROPOLITAN NASHVILLE POLICE DEPT,20220012338,Davidson,Nashville,1/10/2022 12:00:00 AM,1,0,0,36.077500,-86.671030,FRANKLIN LIMESTONE RD,,,,381.00,Feet,South,BILLINGSGATE RD,,,,0.00,N,Not at Intersection,N,Non-Junction,None,,,         ,Alex,DiBernardo,Unknown,Not Collision with Motor Vehicle in Transport,no,no,no,no,yes,False
103189115,METROPOLITAN NASHVILLE POLICE DEPT,20220012267,Davidson,Nashville,1/9/2022 11:39:00 PM,1,1,0,36.135960,-86.727360,I24 E EXT RAMP,,,,0.00,Feet,East,I 24,,,,0.00,N,Not at Intersection,N,Non-Junction,None,,,         ,Dillon,Gann,Clear,Not Collision with Motor Vehicle in Transport,no,no,no,no,no,False
103189133,METROPOLITAN NASHVILLE POLICE DEPT,20220012411,Davidson,Nashville,1/9/2022 12:00:00 AM,1,0,0,36.064700,-86.687180,VILLAS OF BAVARIA PVTDR,,,,93.00,Feet,North,PACKARD DR,,,,0.00,N,Not at Intersection,N,OtherLocation,None,,,         ,Alex,DiBernardo,Clear,Not Collision with Motor Vehicle in Transport,no,no,no,yes,yes,False
103189146,METROPOLITAN NASHVILLE POLICE DEPT,20220012346,Davidson,Nashville,1/9/2022 12:00:00 AM,2,0,0,36.151310,-86.857770,WHITE BRIDGE PKE,,,,53.00,Feet,South,I40 E ENT RAMP,,,,0.00,N,Not at Intersection,N,Non-Junction,None,,,         ,Theodore,Meskers,Clear,Angle,no,no,no,no,yes,False
103189151,METROPOLITAN NASHVILLE POLICE DEPT,20220012493,Davidson,Nashville,1/10/2022 12:00:00 AM,1,0,0,36.140880,-86.730260,I 24,,,,0.00,,,,,,,51.50,N,Not at Intersection,N,Non-Junction,None,,,         ,Samuel,Fredericks,Clear,Not Collision with Motor Vehicle in Transport,no,no,no,no,yes,False
103189173,METROPOLITAN NASHVILLE POLICE DEPT,20220012579,Davidson,Nashville,1/10/2022 6:00:00 AM,2,0,0,36.150900,-86.750430,I 40,,,,0.00,,,,,,,211.60,N,Not at Intersection,N,Non-Junction,None,,,         ,Bryson,Wilkins,Clear,Front to Rear,no,no,no,no,yes,False
103189192,METROPOLITAN NASHVILLE POLICE DEPT,20220012574,Davidson,Nashville,1/10/2022 5:50:00 AM,1,0,0,36.043930,-86.693300,BELL RD,,,,0.00,Feet,,BROOK VIEW ESTATES DR,,,,0.00,Y,Four-Way,N,Intersection,None,,,         ,Paul,Hughes II,Clear,Not Collision with Motor Vehicle in Transport,no,no,no,no,no,False
103189204,METROPOLITAN NASHVILLE POLICE DEPT,20220012706,Davidson,Nashville,1/10/2022 7:52:00 AM,2,0,0,36.236930,-86.773410,CRISLYNNDALE DR,,,,0.00,,,MOOREWOOD DR,,,,0.00,Y,T-Intersection, ,Intersection,None,,,         ,Christopher,Littles,Clear,Angle,no,no,no,no,no,False
103189217,METROPOLITAN NASHVILLE POLICE DEPT,20220012632,Davidson,Nashville,1/10/2022 7:02:00 AM,1,0,0,36.203330,-86.722670,RIVERSIDE DR,,,,0.00,,,EVELYN AV,,,,0.00,Y,T-Intersection,N,Non-Junction,None,,,         ,William,Clemons,Cloudy,Not Collision with Motor Vehicle in Transport,no,no,no,no,no,False
103189221,METROPOLITAN NASHVILLE POLICE DEPT,20220012663,Davidson,Not in City Limit,1/10/2022 7:24:00 AM,2,0,0,36.079990,-86.954230,HIGHWAY 70S,,,,207.00,Feet,East,I40 E ENT RAMP,,,,0.00,N,Not at Intersection, ,Non-Junction,None,,,         ,Robert,Laboy,Clear,Angle,no,no,no,no,no,False
103189237,METROPOLITAN NASHVILLE POLICE DEPT,20220012649,Davidson,Nashville,1/10/2022 7:23:00 AM,3,1,0,36.043790,-86.693050,BELL RD,,,,75.00,Feet,East,BROOK VIEW ESTATES DR,,,,0.00,N,Not at Intersection,N,Non-Junction,None,,,         ,Eric,Burford,Clear,Front to Rear,no,no,no,no,no,False
103189241,METROPOLITAN NASHVILLE POLICE DEPT,20220012777,Davidson,Not in City Limit,1/10/2022 8:20:00 AM,4,0,0,36.279680,-86.873890,CLARKSVILLE PKE,,,,154.00,Feet,West,OLD HICKORY BLVD,,,,0.00,N,Not at Intersection,N,Non-Junction,None,,,         ,Benjamin,Cantrell,Clear,Front to Rear,no,no,no,no,no,False
103189244,WILLIAMSON CO SHERIFFS OFFICE,22503,Davidson,Nashville,1/10/2022 8:26:00 AM,1,0,0,36.034510,-86.863010,BEECH CREEK RDN,,,,918.00,Feet,South,MURRAY LN,,,,0.00,N,Not at Intersection, ,Non-Junction,None,,,         ,Keith,Bennett,Clear,Not Collision with Motor Vehicle in Transport,no,no,no,no,no,False
103189245,METROPOLITAN NASHVILLE POLICE DEPT,20220012709,Davidson,Nashville,1/10/2022 7:58:00 AM,2,1,0,36.189040,-86.792750,I 65,,,,0.00,,,,,,,85.55,N,Not at Intersection,N,Non-Junction,None,,,         ,Jedidayah,Merriweather,Clear,Front to Rear,no,no,no,no,no,False
103189246,WILLIAMSON CO SHERIFFS OFFICE,22502,Davidson,Nashville,1/10/2022 9:00:00 AM,1,0,0,36.034810,-86.863190,BEECH CREEK RDN,,,,813.00,Feet,South,MURRAY LN,,,,0.00,N,Not at Intersection, ,Non-Junction,None,,,         ,Cody,Richardson,"Snow, Freezing Rain ",Not Collision with Motor Vehicle in Transport,no,no,no,no,no,False
103189250,METROPOLITAN NASHVILLE POLICE DEPT,20220012679,Davidson,Nashville,1/10/2022 7:25:00 AM,2,0,0,36.166310,-86.764770,I 24,,,,0.00,,,,,,,49.00,N,Not at Intersection, ,Non-Junction,None,,,         ,Jerrod,Kalinsky,Clear,"Sideswipe, Same Direction",no,no,no,no,yes,False
103189256,METROPOLITAN NASHVILLE POLICE DEPT,20220012731,Davidson,Nashville,1/10/2022 7:10:00 AM,2,0,0,36.151140,-86.750990,I 40,,,,0.00,,,,,,,211.55,N,Not at Intersection,N,Non-Junction,None,,,         ,William,Sutherland,Clear,Front to Rear,no,no,no,no,yes,False
103189259,METROPOLITAN NASHVILLE POLICE DEPT,20220012771,Davidson,Nashville,1/10/2022 12:00:00 AM,3,0,0,36.168380,-86.766070,I 24,,,,0.00,,,,,,,48.80,N,Not at Intersection, ,Non-Junction,None,,,         ,James,Thornton,Clear,Front to Rear,no,no,no,no,no,False
103189270,METROPOLITAN NASHVILLE POLICE DEPT,20220012806,Davidson,Not in City Limit,1/10/2022 8:13:00 AM,2,0,0,36.078570,-86.955600,COLEY DAVIS RD,,,,145.00,Feet,West,HARPETH YOUTH SOCCER PVTDR,,,,0.00,N,Not at Intersection, ,Non-Junction,None,,,         ,Robert,Laboy,Clear,"Sideswipe, Opposite Direction",no,no,no,no,no,False
103189282,METROPOLITAN NASHVILLE POLICE DEPT,20220012844,Davidson,Nashville,1/10/2022 9:30:00 AM,2,0,0,36.084830,-86.728190,NOLENSVILLE PKE,,,,0.00,,,PARAGON MILLS RD,,,,0.00,Y,Four-Way,N,Intersection,None,,,         ,Earl,Davis,Clear,Angle,no,no,no,no,no,False
103189285,METROPOLITAN NASHVILLE POLICE DEPT,20220012683,Davidson,Nashville,1/10/2022 7:42:00 AM,3,1,0,36.225950,-86.777490,I65 S ENT RAMP,,,,0.00,Feet,East,I 65,,,,0.00,N,Not at Intersection,Y,Entrance/Exit Ramp Related,None,,,         ,Ryan,Worstall,Clear,Front to Rear,no,no,no,no,yes,False
103189314,METROPOLITAN NASHVILLE POLICE DEPT,20220012899,Davidson,Nashville,1/10/2022 9:27:00 AM,2,0,0,36.145060,-86.812360,WEST END AV,,,,0.00,,,28TH AVN,,,,0.00,Y,T-Intersection, ,,None,,,         ,Earl,Davis,,,no,no,no,no,no,Campus
103189315,METROPOLITAN NASHVILLE POLICE DEPT,20220012838,Davidson,Nashville,1/10/2022 6:23:00 AM,2,0,0,36.124110,-86.751590,I440 W EXT RAMP,,,,0.00,Feet,East,I 440,,,,0.00,N,Not at Intersection, ,Entrance/Exit Ramp Related,None,,,         ,Tyler,Heckaman,Clear,Front to Rear,no,no,no,no,no,False