master_record_number,agency,agency_tracking_number,county,city,collision_date,vehicles_involved,number_injured,number_dead,latitude,longitude,roadway_name,roadway_suffix,roadway_number,roadway_local_id,distance_from_reference,miles-feet_indicator,direction_from_reference,intersection_road_name,intersection_road_name_suffix,intersection_road_number,intersection_local_id,mile_marker,intersection_indicator,intersect_type,interchange_related_indicator,relation_to_junction,work_zone_type,construction_maintenance_zone,construction_maintenance_zone_location,fatal_case_number,officer_first_name,officer_last_name,weather_condition(s),manner_of_crash,pedestrian,bicycle,scooter,parking,hitrun,mou
103189322,METROPOLITAN NASHVILLE POLICE DEPT,20220012959,Davidson,Nashville,1/10/2022 10:59:00 AM,1,0,0,36.142410,-86.794610,17TH AVS,,,,400.00,Feet,South,EDGEHILL AV,,,,0.00,N,Not at Intersection, ,Non-Junction,None,,,         ,Earl,Davis,Clear,Not Collision with Motor Vehicle in Transport,no,no,no,yes,no,Campus
103189339,METROPOLITAN NASHVILLE POLICE DEPT,20220012926,Davidson,Nashville,1/10/2022 10:28:00 AM,2,1,0,36.209590,-86.713590,MCGAVOCK PKE,,,,0.00,,,ARDEE AV,,,,0.00,Y,Four-Way,N,Non-Junction,None,,,         ,Michael,Agee,Clear,Front to Rear,no,no,no,no,no,False
103189358,METROPOLITAN NASHVILLE POLICE DEPT,20220012975,Davidson,Nashville,1/10/2022 11:04:00 AM,2,1,0,36.082680,-86.765140,I65 S ENT RAMP,,,,0.00,Feet,,I 65,,,,0.00,Y,Four-Way,N,Intersection,None,,,         ,Zachary,Wilbanks,Clear,Angle,no,no,no,no,no,False
103189361,METROPOLITAN NASHVILLE POLICE DEPT,20220013052,Davidson,Nashville,1/10/2022 11:53:00 AM,2,3,0,36.240230,-86.757450,DICKERSON PKE,,,,192.00,Feet,South,BRILEY PKWY E EXT RAMP,,,,0.00,N,Not at Intersection,N,Non-Junction,None,,,         ,Christopher,Littles,Clear,Front to Rear,no,no,no,no,no,False
103189364,METROPOLITAN NASHVILLE POLICE DEPT,2022013037,Davidson,Nashville,1/10/2022 11:45:00 AM,2,0,0,36.162380,-86.778080,4TH AVN,,,,0.00,,,COMMERCE ST,,,,0.00,Y,Four-Way, ,Intersection,None,,,         ,Wesley,Young,Clear,Front to Rear,no,no,no,no,no,False
103189373,METROPOLITAN NASHVILLE POLICE DEPT,20220012915,Davidson,Nashville,1/10/2022 10:30:00 AM,2,0,0,36.151780,-86.771200,LAFAYETTE ST,,,,14.00,Feet,East,4TH AVS,,,,0.00,N,Not at Intersection, ,,None,,,         ,Nicholas,Hoffmann,,,no,no,no,no,no,False
103189376,METROPOLITAN NASHVILLE POLICE DEPT,20220013048,Davidson,Nashville,1/6/2022 12:00:00 AM,2,0,0,36.114520,-86.698370,MCGAVOCK PKE,,,,533.00,Feet,East,PINEWAY DR,,,,0.00,N,Not at Intersection, ,,None,,,         ,Michael,Raash,,,no,no,no,no,no,False
103189405,METROPOLITAN NASHVILLE POLICE DEPT,20220013100,Davidson,Nashville,1/10/2022 11:49:00 AM,2,0,0,36.087550,-86.691920,HARDING PL,,,,100.00,Feet,East,ANTIOCH PKE,,,,0.00,N,Not at Intersection, ,Non-Junction,None,,,         ,Eric,Burford,Clear,"Sideswipe, Same Direction",no,no,no,no,no,False
103189418,METROPOLITAN NASHVILLE POLICE DEPT,20220013016,Davidson,Nashville,1/6/2022 1:15:00 PM,2,0,0,36.101490,-86.730520,SOUTHLAKE DR,,,,188.00,Feet,South,ELKMONT DR,,,,0.00,N,Not at Intersection, ,Non-Junction,None,,,         ,Jerre,Fly,Snow,Angle,no,no,no,no,yes,False
103189506,METROPOLITAN NASHVILLE POLICE DEPT,20220013129,Davidson,Nashville,1/10/2022 12:44:00 PM,2,0,0,36.243890,-86.756580,SKYLINE MEMORIAL CT,,,,0.00,,,DICKERSON PKE,,,,0.00,Y,Four-Way,N,Intersection-Related,None,,,         ,Aaron,Jumonville,Clear,Angle,no,no,no,no,yes,False
103189510,METROPOLITAN NASHVILLE POLICE DEPT,20220013170,Davidson,Nashville,1/10/2022 12:20:00 PM,2,0,0,36.133300,-86.702870,GLASTONBURY RD,,,,188.00,Feet,West,MASSMAN DR,,,,0.00,N,Not at Intersection, ,,None,,,         ,Michael,Raash,,,no,no,no,yes,no,False
103189511,METROPOLITAN NASHVILLE POLICE DEPT,20220012980,Davidson,Nashville,1/10/2022 11:17:00 AM,1,0,0,36.172910,-86.768680,I24 W EXT RAMP,,,,0.00,Feet,East,I 24,,,,0.00,N,Not at Intersection,N,Entrance/Exit Ramp Related,None,,,         ,Faye,Denson,Clear,Not Collision with Motor Vehicle in Transport,no,no,no,no,no,False
103189513,METROPOLITAN NASHVILLE POLICE DEPT,20220013104,Davidson,Nashville,1/10/2022 11:39:00 AM,2,0,0,36.086810,-86.648610,MURFREESBORO PKE,,,,0.00,,,NASHBORO BLVD,,,,0.00,Y,Four-Way, ,Non-Junction,None,,,         ,Adam,Kauffman,Clear,"Sideswipe, Same Direction",no,no,no,no,no,False
103189521,METROPOLITAN NASHVILLE POLICE DEPT,20220013098,Davidson,Antioch,1/10/2022 6:54:00 AM,2,1,0,36.043990,-86.604560,HOBSON PKE,,,,722.00,Feet,East,MURFREESBORO PKE,,,,0.00,N,Not at Intersection,N,Non-Junction,None,,,         ,Marcus,Darden,Clear,Front to Rear,no,no,no,no,no,False
103189530,METROPOLITAN NASHVILLE POLICE DEPT,20220013247,Davidson,Nashville,1/10/2022 2:26:00 PM,2,2,0,36.206970,-86.782280,W TRINITY LN,,,,383.00,Feet,West,SCRUGGS LN,,,,0.00,N,Not at Intersection,N,Non-Junction,None,,,         ,Jordan,Vrbas,Clear,Angle,no,no,no,no,no,False
103189537,METROPOLITAN NASHVILLE POLICE DEPT,20220013112,Davidson,Nashville,1/10/2022 12:39:00 PM,2,0,0,36.187530,-86.821960,ED TEMPLE BLVD,,,,204.00,Feet,South,ROSA L PARKS BLVD,,,,0.00,N,Not at Intersection,N,Non-Junction,None,,,         ,Anthony,Butler,Clear,Angle,no,no,no,no,no,False
103189559,METROPOLITAN NASHVILLE POLICE DEPT,20220013250,Davidson,Nashville,1/10/2022 2:25:00 PM,1,1,0,36.219860,-86.836920,CLARKSVILLE PKE,,,,497.00,Feet,North,KINGS LN,,,,0.00,N,Not at Intersection,N,Non-Junction,None,,,         ,Malik,Burriss,Clear,Not Collision with Motor Vehicle in Transport,no,no,no,no,no,False
103189593,METROPOLITAN NASHVILLE POLICE DEPT,20220013262,Davidson,Nashville,1/10/2022 2:39:00 PM,1,1,0,36.101060,-86.766070,I65 S EXT RAMP,,,,0.00,,,I 65,,,,0.00,Y,OTHER,Y,Entrance/Exit Ramp Related,None,,,         ,Earl,Davis,Clear,Not Collision with Motor Vehicle in Transport,no,no,no,no,no,False
103189596,METROPOLITAN NASHVILLE POLICE DEPT,20220013325,Davidson,Nashville,1/10/2022 12:00:00 AM,3,0,0,36.083060,-86.709300,HARDING PL,,,,327.00,Feet,South,LARGO DR,,,,0.00,N,Not at Intersection,N,Non-Junction,None,,,         ,Taylor,Blackwelder,Clear,Front to Rear,no,no,no,no,yes,False
103189599,METROPOLITAN NASHVILLE POLICE DEPT,20220013336,Davidson,Nashville,1/10/2022 3:08:00 PM,2,1,0,36.083280,-86.708610,HARDING PL,,,,383.00,Feet,East,LARGO DR,,,,0.00,N,Not at Intersection,N,Non-Junction,None,,,         ,Beri,Scott,Clear,Front to Rear,no,no,no,no,yes,False
103189602,METROPOLITAN NASHVILLE POLICE DEPT,20220013227,Davidson,Nashville,1/10/2022 2:05:00 PM,3,2,0,36.161470,-86.793220,I 40,,,,0.00,,,,,,,208.35,N,Not at Intersection,N,Non-Junction,None,,,         ,Jaren,Breece,Clear,Not Collision with Motor Vehicle in Transport,no,no,no,no,yes,False
103189603,METROPOLITAN NASHVILLE POLICE DEPT,20220013335,Davidson,Nashville,1/10/2022 3:09:00 PM,3,1,0,36.155350,-86.880790,ANNEX AV,,,,26.00,Feet,South,EDSEL DR,,,,0.00,N,Not at Intersection,N,Non-Junction,None,,,         ,Ryan,Papp,Clear,Front to Rear,no,no,no,no,no,False
103189616,METROPOLITAN NASHVILLE POLICE DEPT,20220013370,Davidson,Not in City Limit,1/10/2022 3:36:00 PM,2,2,0,36.264070,-86.735920,I65 N EXT RAMP,,,,0.00,Feet,East,OLD HICKORY BLVDW,,,,0.00,N,Not at Intersection,N,Non-Junction,None,,,         ,Joshua,Dodge,Clear,Front to Rear,no,no,no,no,no,False
103189617,METROPOLITAN NASHVILLE POLICE DEPT,20220013343,Davidson,Nashville,1/10/2022 3:17:00 PM,2,0,0,36.087640,-86.714440,PARAGON MILLS RD,,,,138.00,Feet,East,TAMPA DR,,,,0.00,N,Not at Intersection,N,Non-Junction,None,,,         ,Joseph,Hurst,Clear,Angle,no,no,no,no,no,False
103189648,METROPOLITAN NASHVILLE POLICE DEPT,20220013448,Davidson,Nashville,1/10/2022 3:07:00 PM,2,0,0,36.152850,-86.757780,GREEN ST,,,,0.00,,,LEWIS ST,,,,0.00,Y,Four-Way, ,Intersection-Related,None,,,         ,Douglas,Mann,Clear,Angle,no,no,no,no,no,False
103189649,METROPOLITAN NASHVILLE POLICE DEPT,20220011829,Davidson,OTHER,1/8/2022 11:00:00 PM,2,0,0,36.074480,-86.597160,SEBETHA CT,,,,281.00,Feet,North,COUNTRY WAY RD,,,,0.00,N,Not at Intersection,N,Non-Junction,None,,,         ,Joseph,Hurst,Clear,HeadOn,no,no,no,no,yes,False
103189651,METROPOLITAN NASHVILLE POLICE DEPT,20220013409,Davidson,Nashville,1/10/2022 4:06:00 PM,1,1,0,36.150080,-86.805510,23RD AVN,,,,0.00,,,ELLISTON PL,,,,0.00,Y,Four-Way,N,Intersection,None,,,         ,Travis,Pemberton,Clear,Not Collision with Motor Vehicle in Transport,yes,no,no,no,no,Campus
103189652,METROPOLITAN NASHVILLE POLICE DEPT,20220013447,Davidson,Not in City Limit,1/10/2022 4:29:00 PM,3,1,0,36.258430,-86.713540,HARRIS ST,,,,0.00,,,GALLATIN PKES,,,,0.00,Y,Four-Way,N,Intersection,None,,,         ,Austin,Bowles,Clear,Angle,no,no,no,no,no,False
103189655,GOODLETTSVILLE POLICE DEPT,22-00915,Davidson,Goodlettsville,1/10/2022 4:30:00 PM,2,0,0,36.295850,-86.726540,DICKERSON PKES,,,,48.00,Feet,East,ROBERT CARTWRIGHT DR,,,,0.00,N,Not at Intersection,N,Non-Junction,None,,,         ,Rico,Jones,Clear,Front to Rear,no,no,no,no,yes,False
103189656,GOODLETTSVILLE POLICE DEPT,22-00918,Davidson,Goodlettsville,1/10/2022 4:30:00 PM,2,1,0,36.295890,-86.726450,DICKERSON PKES,,,,78.00,Feet,East,ROBERT CARTWRIGHT DR,,,,0.00,N,Not at Intersection,N,Non-Junction,None,,,         ,Rico,Jones,Clear,Front to Rear,no,no,no,no,no,False
103189667,METROPOLITAN NASHVILLE POLICE DEPT,20220013497,Davidson,Nashville,1/10/2022 5:07:00 PM,2,0,0,36.183350,-86.748570,GALLATIN AV,,,,0.00,,,W EASTLAND AV,,,,0.00,Y,Four-Way,Y,OtherLocation,None,,,         ,Kelsey,Hemminger,Clear,Angle,no,no,no,no,no,False
103189673,METROPOLITAN NASHVILLE POLICE DEPT,20220013520,Davidson,Goodlettsville,1/10/2022 5:23:00 PM,2,0,0,36.295260,-86.700630,GALLATIN PKEN,,,,155.00,Feet,North,RIVERGATE STATION PVTDR,,,,0.00,N,Not at Intersection, ,Non-Junction,None,,,         ,Joshua,Dodge,Clear,Angle,no,no,no,no,no,False
103189676,METROPOLITAN NASHVILLE POLICE DEPT,20220013535,Davidson,Nashville,1/10/2022 2:00:00 PM,3,0,0,36.077660,-86.723310,WALLACE RD,,,,0.00,,,,,,,0.00,,,N,Non-Junction,None,,,         ,Joseph,Hurst,Clear,HeadOn,no,no,no,no,yes,False
103189688,METROPOLITAN NASHVILLE POLICE DEPT,20220013591,Davidson,Nashville,1/10/2022 12:00:00 AM,2,0,0,36.156580,-86.785810,11TH AVS,,,,190.00,Feet,North,MCGAVOCK ST,,,,0.00,N,Not at Intersection,N,Non-Junction,None,,,         ,Kency,Le,Clear,Front to Rear,no,no,no,no,no,False
103189691,METROPOLITAN NASHVILLE POLICE DEPT,20220013545,Davidson,Nashville,1/10/2022 4:16:00 PM,2,0,0,36.149630,-86.860090,CHARLOTTE PKE,,,,51.00,Feet,West,OCEOLA AV,,,,0.00,N,Not at Intersection, ,OtherLocation,None,,,         ,Kyle,Lund,Clear,Angle,no,no,no,no,no,False
103189696,METROPOLITAN NASHVILLE POLICE DEPT,20220013543,Davidson,Not in City Limit,1/10/2022 5:45:00 PM,1,1,0,36.308610,-86.681540,GALLATIN PKEN,,,,0.00,,West,RIVERCHASE BLVD,,,,0.00,N,Not at Intersection,N,Non-Junction,None,,,         ,William,Badger,"Cloudy, Smog/Smoke",Not Collision with Motor Vehicle in Transport,yes,no,no,no,no,False
103189699,GOODLETTSVILLE POLICE DEPT,22-00926,Davidson,Goodlettsville,1/10/2022 5:57:00 PM,2,1,0,36.305660,-86.703030,RIVERGATE PKWY,,,,0.00,,,RIVERGATE DR,,,,0.00,Y,Four-Way,N,Intersection,None,,,         ,William,Monaghan,Clear,Angle,no,no,no,no,no,False
103189707,METROPOLITAN NASHVILLE POLICE DEPT,20220013428,Davidson,Not in City Limit,1/10/2022 10:20:00 AM,2,0,0,36.096080,-86.928170,SPRING CREEK DR,,,,233.00,Feet,East,RIDGELAKE PKWY,,,,0.00,N,Not at Intersection,N,Non-Junction,None,,,         ,Jeremy,Huffine,Clear,Angle,no,no,no,no,yes,False
103189710,METROPOLITAN NASHVILLE POLICE DEPT,20220013582,Davidson,Nashville,1/10/2022 6:10:00 PM,1,1,0,36.073000,-86.921210,STATE HWY 251,,,,0.00,,,,,,,0.00,,,N,Non-Junction,None,,,         ,Zacarias,Brito Jr.,Clear,Not Collision with Motor Vehicle in Transport,yes,no,no,yes,no,False
103189711,METROPOLITAN NASHVILLE POLICE DEPT,20220013344,Davidson,Nashville,1/10/2022 3:19:00 PM,2,1,0,36.167600,-86.762220,S 5TH ST,,,,0.00,,,SHELBY AV,,,,0.00,Y,Four-Way,N,Intersection,None,,,         ,James,Harben,Clear,Angle,no,no,no,no,no,False
103189727,METROPOLITAN NASHVILLE POLICE DEPT,20220013613,Davidson,Nashville,1/10/2022 6:42:00 PM,2,1,0,36.193660,-86.831220,CLARKSVILLE PKE,,,,0.00,,,BUENA VISTA PKE,,,,0.00,Y,Four-Way,Y,Intersection,None,,,         ,Scarlett,Collins,Clear,Angle,no,no,no,no,no,False
103189756,METROPOLITAN NASHVILLE POLICE DEPT,20220013531,Davidson,Nashville,1/10/2022 5:00:00 PM,2,0,0,36.151700,-86.768600,2ND AVS,,,,23.00,Feet,South,I40 W EXT RAMP,,,,0.00,N,Not at Intersection,N,Non-Junction,None,,,         ,Michael,Moss,Clear,"Sideswipe, Same Direction",no,no,no,no,yes,False
103189784,METROPOLITAN NASHVILLE POLICE DEPT,20220013460,Davidson,Antioch,1/10/2022 3:43:00 PM,2,1,0,36.013730,-86.609640,HEIL QUAKER BLVD,,,,495.00,Feet,East,FIRESTONE PKWY,,,,0.00,N,Not at Intersection,N,Non-Junction,None,,,         ,Beri,Scott,Clear,Front to Rear,no,no,no,no,no,False
103189785,METROPOLITAN NASHVILLE POLICE DEPT,20220013396,Davidson,Nashville,1/10/2022 3:40:00 PM,2,0,0,36.112000,-86.686890,MURFREESBORO PKE,,,,406.00,Feet,West,AIR FREIGHT BLVD,,,,0.00,N,Not at Intersection,N,Non-Junction,None,,,         ,Beri,Scott,Clear,"Sideswipe, Same Direction",no,no,no,no,yes,False
103189786,METROPOLITAN NASHVILLE POLICE DEPT,20220013594,Davidson,Nashville,1/10/2022 6:28:00 PM,2,2,0,36.043640,-86.692800,BELL RD,,,,182.00,Feet,East,BROOK VIEW ESTATES DR,,,,0.00,N,Not at Intersection,N,Non-Junction,None,,,         ,Beri,Scott,Clear,HeadOn,no,no,no,no,no,False
103189803,METROPOLITAN NASHVILLE POLICE DEPT,1501 ROSA L PAR,Davidson,Nashville,1/10/2022 6:00:00 PM,2,0,0,36.168580,-86.794850,11TH AVN,,,,237.00,Feet,North,HERMAN ST,,,,0.00,N,Not at Intersection,N,Non-Junction,None,,,         ,Mary,Hall,Clear,Front to Rear,no,no,no,no,yes,False
103189828,METROPOLITAN NASHVILLE POLICE DEPT,20220013772,Davidson,Nashville,1/10/2022 8:27:00 PM,2,0,0,36.109160,-86.770130,I 65,,,,0.00,,,,,,,79.70,N,Not at Intersection, ,Non-Junction,None,,,         ,Steven,Powers,Clear,"Sideswipe, Same Direction",no,no,no,no,yes,False
103189849,METROPOLITAN NASHVILLE POLICE DEPT,20220013775,Davidson,Nashville,1/10/2022 9:10:00 PM,1,1,0,36.152230,-86.625330,BLACKWOOD DR,,,,99.00,Feet,West,STEWARTS FERRY PKE,,,,0.00,N,Not at Intersection,N,Non-Junction,None,,,         ,Theodore,Flick,Clear,Not Collision with Motor Vehicle in Transport,yes,no,no,yes,yes,False
103189869,METROPOLITAN NASHVILLE POLICE DEPT,20220013696,Davidson,Nashville,1/10/2022 7:59:00 PM,1,0,0,36.090150,-86.661320,FORGES DR,,,,66.00,Feet,West,FRANKLIN LIMESTONE RD,,,,0.00,N,Not at Intersection, ,Non-Junction,None,,,         ,Joseph,Hurst,Clear,Not Collision with Motor Vehicle in Transport,no,no,no,no,no,False
103189888,METROPOLITAN NASHVILLE POLICE DEPT,20220013813,Davidson,OTHER,1/10/2022 10:23:00 PM,2,3,0,36.030250,-86.612610,LOGISTICS WAY,,,,0.00,,,OLD HICKORY BLVD,,,,0.00,Y,T-Intersection,N,Intersection,None,,,         ,Joseph,Hurst,Clear,HeadOn,no,no,no,no,yes,False
103189891,METROPOLITAN NASHVILLE POLICE DEPT,20220013817,Davidson,Nashville,1/10/2022 10:32:00 PM,1,1,0,36.183650,-86.610660,OLD HICKORY BLVD,,,,0.00,Feet,,ANDREW JACKSON PKWY,,,,0.00,Y,Four-Way,N,Intersection,None,,,         ,Bryan,Malone,Clear,Not Collision with Motor Vehicle in Transport,yes,no,no,no,no,False
103189892,METROPOLITAN NASHVILLE POLICE DEPT,20220013808,Davidson,Nashville,1/10/2022 10:13:00 PM,1,0,0,36.047420,-86.750350,HILL RD,,,,0.00,,,SAN MARCOS DR,,,,0.00,Y,T-Intersection,N,Intersection,None,,,         ,Tyler,Shanks,Clear,Not Collision with Motor Vehicle in Transport,no,no,no,no,no,False
103189897,METROPOLITAN NASHVILLE POLICE DEPT,2022-0011409,Davidson,Nashville,1/9/2022 12:00:00 AM,4,1,0,36.151470,-86.751350,I40 W EXT RAMP,,,,0.00,Feet,East,I 40,,,,0.00,N,Not at Intersection,N,Non-Junction,None,,,         ,Frank,Walker,"Cloudy, Rain",Not Collision with Motor Vehicle in Transport,no,no,no,no,no,False
103189908,METROPOLITAN NASHVILLE POLICE DEPT,20220013821,Davidson,Nashville,1/10/2022 10:10:00 PM,3,0,0,36.151730,-86.752530,I 40,,,,0.00,,,,,,,211.40,N,Not at Intersection,N,Non-Junction,None,,,         ,Jacob,Snyder,Cloudy,Front to Rear,no,no,no,no,yes,False
103189922,METROPOLITAN NASHVILLE POLICE DEPT,20220013918,Davidson,Nashville,1/10/2022 5:30:00 PM,2,0,0,36.176350,-86.645630,LEBANON PKE,,,,49.00,Feet,South,MEDICAL DR,,,,0.00,N,Not at Intersection,N,Non-Junction,None,,,         ,Jacob,Snyder,,Front to Rear,no,no,no,no,yes,False
103190007,METROPOLITAN NASHVILLE POLICE DEPT,20220014220,Davidson,Nashville,1/11/2022 6:37:00 AM,2,0,0,36.121600,-86.750520,NOLENSVILLE PKE,,,,55.00,Feet,South,I440 E EXT RAMP,,,,0.00,N,Not at Intersection,N,Non-Junction,None,,,         ,Earl,Davis,Clear,Front to Rear,no,no,no,no,no,False
103190064,METROPOLITAN NASHVILLE POLICE DEPT,20220014289,Davidson,Nashville,1/11/2022 7:30:00 AM,1,0,0,36.109180,-86.812150,CRESTMOOR RD,,,,81.00,Feet,West,HILLSBORO PKE,,,,0.00,N,Not at Intersection,N,Non-Junction,None,,,         ,Douglas,Atwood,Clear,Not Collision with Motor Vehicle in Transport,no,no,no,no,no,False
103190081,METROPOLITAN NASHVILLE POLICE DEPT,20220014317,Davidson,Nashville,1/11/2022 7:45:00 AM,2,0,0,36.127570,-86.843880,WOODLAWN DR,,,,0.00,,,HARDING PKE,,,,0.00,Y,Four-Way,Y,Intersection,None,,,         ,George,Spencer,Clear,Angle,no,no,no,no,no,False
103190092,METROPOLITAN NASHVILLE POLICE DEPT,20220014451,Davidson,Nashville,1/11/2022 9:10:00 AM,2,0,0,36.245540,-86.756450,DICKERSON PKE,,,,411.00,Feet,South,SKYLINE COMMONS PVTDR,,,,0.00,N,Not at Intersection, ,Non-Junction,None,,,         ,Christopher,Littles,Clear,Front to Rear,no,no,no,no,no,False
103190108,METROPOLITAN NASHVILLE POLICE DEPT,20220014459,Davidson,Nashville,1/11/2022 9:12:00 AM,2,0,0,36.037070,-86.657610,CANE RIDGE RD,,,,489.00,Feet,North,PRESTON RD,,,,0.00,N,Not at Intersection, ,Non-Junction,Work Zone,,,         ,Nicholas,Hoffmann,Clear,"Sideswipe, Same Direction",no,no,no,no,no,False
103190112,METROPOLITAN NASHVILLE POLICE DEPT,20220014479,Davidson,Nashville,1/11/2022 9:26:00 AM,2,0,0,36.146390,-86.742340,I 40,,,,0.00,,,,,,,212.10,N,Not at Intersection, ,Non-Junction,None,,,         ,Adam,Kauffman,Clear,Front to Rear,no,no,no,no,no,False
103190114,METROPOLITAN NASHVILLE POLICE DEPT,20220014536,Davidson,Nashville,1/11/2022 10:08:00 AM,2,0,0,36.150320,-86.818430,28TH AVN,,,,250.00,Feet,North,31ST AVN,,,,0.00,N,Not at Intersection,N,Non-Junction,None,,,         ,Earl,Davis,Clear,"Sideswipe, Same Direction",no,no,no,no,no,False
103190115,METROPOLITAN NASHVILLE POLICE DEPT,20220014447,Davidson,Nashville,1/11/2022 8:57:00 AM,2,0,0,36.106440,-86.819510,ABBOTT MARTIN RD,,,,24.00,Feet,West,CLEGHORN AV,,,,0.00,N,Not at Intersection, ,,None,,,         ,Jeffery,Leiser,,,no,no,no,no,no,False
103190134,METROPOLITAN NASHVILLE POLICE DEPT,20220014563,Davidson,Nashville,1/11/2022 8:03:00 AM,2,1,0,35.999750,-86.640100,NOTCHLEAF RD,,,,0.00,,,CLOVER GLENN WAY,,,,0.00,Y,T-Intersection,N,Intersection,None,,,         ,Patrick,Martin,Clear,Angle,no,no,no,no,no,False
103190162,METROPOLITAN NASHVILLE POLICE DEPT,20220014633,Davidson,Nashville,1/11/2022 10:54:00 AM,1,1,0,36.178010,-86.644930,LEBANON PKE,,,,764.00,Feet,South,DANYACREST DR,,,,0.00,N,Not at Intersection,N,Non-Junction,None,,,         ,Larry,Benz,Clear,Not Collision with Motor Vehicle in Transport,no,no,no,no,no,False
103190178,METROPOLITAN NASHVILLE POLICE DEPT,20220014585,Davidson,Nashville,1/11/2022 10:36:00 AM,2,0,0,36.170400,-86.768450,INTERSTATE DR,,,,0.00,,,WOODLAND ST,,,,0.00,Y,OTHER, ,Intersection,None,,,         ,Erik,Wagner,Clear,Angle,no,no,no,no,no,False
103190179,METROPOLITAN NASHVILLE POLICE DEPT,20220014572,Davidson,Nashville,1/11/2022 10:20:00 AM,2,0,0,36.227450,-86.759690,DICKERSON PKE,,,,594.00,Feet,North,HILLHURST DR,,,,0.00,N,Not at Intersection, ,Non-Junction,None,,,         ,Nicholas,Cochran,Clear,"Sideswipe, Opposite Direction",no,no,no,no,no,False
103190187,METROPOLITAN NASHVILLE POLICE DEPT,2022014704,Davidson,Nashville,1/11/2022 12:00:00 PM,2,0,0,36.214960,-86.775420,I 65,,,,0.00,,,,,,,87.90,N,Not at Intersection,N,Non-Junction,None,,,         ,Wesley,Young,Clear,Not Collision with Motor Vehicle in Transport,no,no,no,no,yes,False
103190190,METROPOLITAN NASHVILLE POLICE DEPT,20220014687,Davidson,Nashville,1/11/2022 11:51:00 AM,2,1,0,36.148660,-86.807040,ELLISTON PL,,,,0.00,,,24TH AVN,,,,0.00,Y,Four-Way,N,Intersection,None,,,         ,Earl,Davis,Clear,Angle,no,no,no,no,no,Campus
103190191,METROPOLITAN NASHVILLE POLICE DEPT,20220014560,Davidson,Antioch,1/11/2022 8:30:00 AM,2,0,0,36.015550,-86.620180,I24 W EXT RAMP,,,,0.00,,,I 24,,,,0.00,Y,Four-Way, ,,None,,,         ,Kyle,Kinsman,,,no,no,no,no,no,False
103190204,METROPOLITAN NASHVILLE POLICE DEPT,20220014671,Davidson,Nashville,1/11/2022 9:00:00 AM,2,0,0,36.164300,-86.860170,PENNSYLVANIA AV,,,,153.00,Feet,West,60TH AVN,,,,0.00,N,Not at Intersection, ,Non-Junction,None,,,         ,George,Spencer,Clear,Rear to Rear,no,no,no,no,no,False
103190225,METROPOLITAN NASHVILLE POLICE DEPT,20220014736,Davidson,Not in City Limit,1/11/2022 12:15:00 PM,1,0,0,36.262240,-86.678670,STATE RT 45,,,,146.00,Feet,East,EAGAN CIR,,,,0.00,N,Not at Intersection, ,Non-Junction,None,,,         ,Christopher,Littles,Clear,Not Collision with Motor Vehicle in Transport,no,no,no,no,no,False
103190226,METROPOLITAN NASHVILLE POLICE DEPT,20220014720,Davidson,Nashville,1/11/2022 12:15:00 PM,2,0,0,36.246680,-86.721170,BERKLEY DR,,,,0.00,,,GALLATIN PKES,,,,0.00,Y,Four-Way, ,Non-Junction,None,,,         ,Christopher,Littles,Clear,Front to Rear,no,no,no,no,no,False
103190258,METROPOLITAN NASHVILLE POLICE DEPT,2022-0004326,Davidson,Nashville,1/4/2022 7:18:00 AM,2,1,0,36.079270,-86.727310,HARDING PL,,,,317.00,Feet,West,NOLENSVILLE PKE,,,,0.00,N,Not at Intersection,N,Non-Junction,None,,,         ,Sean,Williams,Clear,Front to Rear,no,no,no,no,no,False
103190259,METROPOLITAN NASHVILLE POLICE DEPT,2022-0011580,Davidson,Nashville,1/9/2022 10:00:00 AM,1,0,0,36.079490,-86.764520,I65 N EXT RAMP,,,,0.00,Feet,East,I 65,,,,0.00,N,Not at Intersection,N,Non-Junction,None,,,         ,Sean,Williams,Rain,Not Collision with Motor Vehicle in Transport,no,no,no,no,no,False
103190268,METROPOLITAN NASHVILLE POLICE DEPT,20220014604,Davidson,Nashville,1/11/2022 9:48:00 AM,3,1,0,36.111950,-86.722940,I 24,,,,0.00,,,,,,,53.50,N,Not at Intersection,N,Non-Junction,Construction Zone,,,         ,Stanley,Collins,Clear,"Sideswipe, Same Direction",no,no,no,no,no,False
103190300,METROPOLITAN NASHVILLE POLICE DEPT,20220014673,Davidson,Nashville,1/11/2022 9:51:00 AM,2,0,0,36.130490,-86.727170,I24E,,,,179.00,Feet,North,I440 W ENT RAMP,,,,0.00,N,Not at Intersection, ,,None,,,         ,Robert,Higgins,,,no,no,no,no,no,False
103190314,VANDERBILT UNIVERSITY POLICE,20220014411,Davidson,Nashville,1/11/2022 8:10:00 AM,2,0,0,36.110170,-86.763890,THOMPSON LN,,,,0.00,Feet,,,,,,0.00,,, ,"Driveway, Alley Access, etc",None,,,         ,Anthony,Jones,Clear,Rear to Rear,no,no,no,yes,no,False
103190353,METROPOLITAN NASHVILLE POLICE DEPT,20220014911,Davidson,Nashville,1/11/2022 11:44:00 AM,2,0,0,36.072450,-86.635980,BELL RD,,,,217.00,Feet,North,MURFREESBORO PKE,,,,0.00,N,Not at Intersection, ,Non-Junction,None,,,         ,Patrick,Martin,Clear,"Sideswipe, Same Direction",no,no,no,no,no,False