master_record_number,agency,agency_tracking_number,county,city,collision_date,vehicles_involved,number_injured,number_dead,latitude,longitude,roadway_name,roadway_suffix,roadway_number,roadway_local_id,distance_from_reference,miles-feet_indicator,direction_from_reference,intersection_road_name,intersection_road_name_suffix,intersection_road_number,intersection_local_id,mile_marker,intersection_indicator,intersect_type,interchange_related_indicator,relation_to_junction,work_zone_type,construction_maintenance_zone,construction_maintenance_zone_location,fatal_case_number,officer_first_name,officer_last_name,weather_condition(s),manner_of_crash,pedestrian,bicycle,scooter,parking,hitrun,mou
103190378,METROPOLITAN NASHVILLE POLICE DEPT,20220014916,Davidson,Nashville,1/11/2022 2:41:00 PM,2,0,0,36.145950,-86.666600,ROYAL PKWY,,,,0.00,,,DONELSON PKE,,,,0.00,Y,Four-Way,N,Intersection-Related,None,,,         ,Douglas,Mann,Clear,Angle,no,no,no,no,no,False
103190380,METROPOLITAN NASHVILLE POLICE DEPT,20220014967,Davidson,Nashville,1/11/2022 3:01:00 PM,3,0,0,36.129780,-86.802320,21ST AVS,,,,181.00,Feet,North,ASHWOOD AV,,,,0.00,N,Not at Intersection,N,Non-Junction,None,,,         ,Samuel,Sundra,Clear,Front to Rear,no,no,no,no,no,False
103190389,METROPOLITAN NASHVILLE POLICE DEPT,20220014963,Davidson,Nashville,1/11/2022 1:45:00 PM,2,0,0,36.109450,-86.728050,BRILEY PKWYN,,,,0.00,Feet,,BRILEY PKWYS,,,,0.00,Y,Four-Way,N,Non-Junction,None,,,         ,Joseph,Hurst,Clear,Angle,no,no,no,no,yes,False
103190397,METROPOLITAN NASHVILLE POLICE DEPT,20220014983,Davidson,Nashville,1/11/2022 3:00:00 PM,2,0,0,36.140870,-86.817430,WEST END AV,,,,0.00,Feet,West,ACKLEN PARK DR,,,,0.00,N,Not at Intersection,N,Non-Junction,None,,,         ,Goran,Manojlovic,Clear,Front to Rear,no,no,no,no,no,False
103190411,METROPOLITAN NASHVILLE POLICE DEPT,20220015026,Davidson,Nashville,1/11/2022 1:57:00 PM,3,0,0,36.072520,-86.636810,MURFREESBORO PKE,,,,300.00,Feet,North,BELL RD,,,,0.00,N,Not at Intersection,N,Non-Junction,None,,,         ,Joseph,Hurst,Clear,Angle,no,no,no,no,no,False
103190424,METROPOLITAN NASHVILLE POLICE DEPT,20220015051,Davidson,Nashville,1/11/2022 3:37:00 PM,2,0,0,36.153390,-86.753630,DECATUR AV,,,,89.00,Feet,South,HERMITAGE AV,,,,0.00,N,Not at Intersection,N,Non-Junction,None,,,         ,Douglas,Mann,Clear,Front to Rear,no,no,no,no,no,False
103190454,METROPOLITAN NASHVILLE POLICE DEPT,20220015024,Davidson,Nashville,1/11/2022 3:34:00 PM,4,1,0,36.153080,-86.787690,-- UNKNOWN RAMP/ROAD --,,,,0.00,Feet,East,I 40,,,,0.00,N,Not at Intersection,N,Non-Junction,None,,,         ,Dakota,Davis,Clear,Front to Rear,no,no,no,no,yes,False
103190459,METROPOLITAN NASHVILLE POLICE DEPT,20220015084,Davidson,Nashville,1/11/2022 4:19:00 PM,3,0,0,36.241960,-86.757080,DICKERSON PKE,,,,0.00,Feet,,DICKERSON PKE ENT RAMP,,,,0.00,Y,Four-Way,N,Intersection-Related,None,,,         ,Fady,Aziz,Cloudy,"Sideswipe, Same Direction",no,no,no,no,yes,False
103190465,METROPOLITAN NASHVILLE POLICE DEPT,20220015148,Davidson,Nashville,1/11/2022 5:05:00 PM,2,1,0,36.207440,-86.790760,W TRINITY LN,,,,290.00,Feet,East,BAPTIST WORLD CENTER DR,,,,0.00,N,Not at Intersection,N,Non-Junction,None,,,         ,Chase,Harriman,Clear,HeadOn,no,no,no,no,no,False
103190469,METROPOLITAN NASHVILLE POLICE DEPT,20220015037,Davidson,Goodlettsville,1/11/2022 3:26:00 PM,2,0,0,36.291110,-86.738320,DICKERSON PKES,,,,0.00,,,,,,,0.00,,,N,Non-Junction,None,,,         ,Forrest,Punke,Cloudy,Other,no,no,no,yes,no,False
103190470,METROPOLITAN NASHVILLE POLICE DEPT,20220014954,Davidson,Nashville,1/11/2022 2:05:00 PM,2,0,0,36.157610,-86.759830,I 24,,,,0.00,,,,,,,49.60,N,Not at Intersection, ,Non-Junction,None,,,         ,Jason,Milyaro Lucas,Clear,Not Collision with Motor Vehicle in Transport,no,no,no,no,no,False
103190476,METROPOLITAN NASHVILLE POLICE DEPT,20220015067,Davidson,Nashville,1/11/2022 4:07:00 PM,2,0,0,36.164540,-86.794110,I 40,,,,0.00,,,,,,,208.55,N,Not at Intersection, ,Non-Junction,None,,,         ,Travis,Pemberton,Clear,Front to Rear,no,no,no,no,no,False
103190478,METROPOLITAN NASHVILLE POLICE DEPT,20220015163,Davidson,Nashville,1/11/2022 5:19:00 PM,2,0,0,36.142260,-86.742710,MURFREESBORO PKE,,,,0.00,,,POLK AV,,,,0.00,,T-Intersection,N,Non-Junction,None,,,         ,Joseph,Hurst,Clear,Angle,no,no,no,no,yes,False
103190479,METROPOLITAN NASHVILLE POLICE DEPT,20220015085,Davidson,Nashville,1/11/2022 4:07:00 PM,2,0,0,36.111130,-86.742940,FOSTER AV,,,,125.00,Feet,North,THOMPSON LN,,,,0.00,N,Not at Intersection, ,Non-Junction,None,,,         ,Beri,Scott,Clear,Angle,no,no,no,no,no,False
103190490,METROPOLITAN NASHVILLE POLICE DEPT,20220015137,Davidson,Nashville,1/11/2022 5:01:00 PM,2,1,0,36.116210,-86.778300,I440 W ENT RAMP,,,,0.00,Feet,East,I 440,,,,0.00,N,Not at Intersection,N,Non-Junction,None,,,         ,Samuel,Sundra,Clear,Front to Rear,no,no,no,no,no,False
103190498,METROPOLITAN NASHVILLE POLICE DEPT,20220014990,Davidson,Nashville,1/11/2022 3:04:00 PM,2,0,0,36.233560,-86.724820,GALLATIN PKE,,,,0.00,Feet,,JOYCE LN,,,,0.00,Y,Four-Way,Y,Intersection-Related,None,,,         ,Flynn,Ireland,Clear,"Sideswipe, Same Direction",no,no,no,no,no,False
103190500,METROPOLITAN NASHVILLE POLICE DEPT,20220015236,Davidson,Nashville,1/11/2022 5:49:00 PM,2,0,0,36.242790,-86.780460,MASONWOOD DR,,,,0.00,Feet,West,BRICK CHURCH PKE,,,,0.00,N,Not at Intersection, ,Non-Junction,None,,,         ,Dillon,Deleacaes,Clear,Front to Rear,no,no,no,no,yes,False
103190501,METROPOLITAN NASHVILLE POLICE DEPT,20220014968,Davidson,Nashville,1/11/2022 2:19:00 PM,2,0,0,36.159740,-86.816570,27TH AVN,,,,301.00,Feet,South,BOOKER ST,,,,0.00,N,Not at Intersection,N,Non-Junction,None,,,         ,Jonathan,Sharp,Clear,"Sideswipe, Opposite Direction",no,no,no,no,yes,False
103190502,METROPOLITAN NASHVILLE POLICE DEPT,20220015222,Davidson,Nashville,1/11/2022 5:30:00 PM,2,0,0,36.068680,-86.690850,I24 E ENT RAMP,,,,0.00,Feet,East,I 24,,,,0.00,N,Not at Intersection, ,Entrance/Exit Ramp Related,None,,,         ,Joseph,Hurst,Clear,Front to Rear,no,no,no,no,no,False
103190521,METROPOLITAN NASHVILLE POLICE DEPT,20220015133,Davidson,Nashville,1/11/2022 4:55:00 PM,2,0,0,36.150340,-86.748860,I 40,,,,0.00,,,,,,,211.65,N,Not at Intersection,N,Non-Junction,None,,,         ,Kevin,Clausius,Cloudy,"Sideswipe, Same Direction",no,no,no,no,no,False
103190522,METROPOLITAN NASHVILLE POLICE DEPT,20220015223,Davidson,Nashville,1/11/2022 5:55:00 PM,4,0,0,36.146600,-86.742960,I 40,,,,0.00,,,,,,,212.10,N,Not at Intersection,N,Non-Junction,None,,,         ,Reagan,Heath,Clear,Front to Rear,no,no,no,no,yes,False
103190529,METROPOLITAN NASHVILLE POLICE DEPT,20220015231,Davidson,Nashville,1/11/2022 6:11:00 PM,2,1,0,36.066300,-86.774230,HOGAN RD,,,,0.00,,,FRANKLIN PKE,,,,0.00,Y,Four-Way,N,Intersection,Maintenance Zone,Laneclosure,Activity Area,         ,Steven,Powers,Clear,Angle,no,no,no,no,no,False
103190535,METROPOLITAN NASHVILLE POLICE DEPT,20220015240,Davidson,Nashville,1/11/2022 6:23:00 PM,2,5,0,36.234270,-86.718840,STATE HWY 155,,,,311.00,Feet,East,-- UNKNOWN RAMP/ROAD --,,,,0.00,N,Not at Intersection,N,Non-Junction,None,,,         ,Jason,Milyaro Lucas,Clear,Front to Rear,yes,no,no,no,no,False
103190539,METROPOLITAN NASHVILLE POLICE DEPT,20220015323,Davidson,Nashville,1/11/2022 7:24:00 PM,2,0,0,36.147230,-86.765670,2ND AVS,,,,69.00,Feet,North,MILDRED SHUTE AV,,,,0.00,N,Not at Intersection,N,Non-Junction,None,,,         ,Joseph,Hurst,Clear,Angle,no,no,no,no,yes,False
103190551,METROPOLITAN NASHVILLE POLICE DEPT,20220015259,Davidson,Nashville,1/11/2022 6:39:00 PM,2,1,0,36.256190,-86.714390,NEELYS BEND RD,,,,0.00,,,GALLATIN PKES,,,,0.00,Y,T-Intersection,N,Intersection,None,,,         ,Forrest,Punke,Clear,HeadOn,no,no,no,no,no,False
103190558,METROPOLITAN NASHVILLE POLICE DEPT,20220015262,Davidson,Nashville,1/11/2022 12:00:00 AM,2,0,0,36.141120,-86.730790,I 40,,,,0.00,,,,,,,212.85,N,Not at Intersection,Y,Entrance/Exit Ramp Related,None,,,         ,Trevor,Taylor,Clear,"Sideswipe, Same Direction",no,no,no,no,yes,False
103190565,METROPOLITAN NASHVILLE POLICE DEPT,20220015307,Davidson,Nashville,1/11/2022 7:03:00 PM,2,0,0,36.153960,-86.757350,I 40,,,,0.00,,,,,,,211.10,N,Not at Intersection,N,Non-Junction,None,,,         ,Douglas,Mann,Clear,Front to Rear,no,no,no,no,no,False
103190570,METROPOLITAN NASHVILLE POLICE DEPT,20220015263,Davidson,Nashville,1/11/2022 5:34:00 PM,2,0,0,36.053600,-86.715000,NOLENSVILLE PKE,,,,22.00,Feet,South,BREWER DR,,,,0.00,N,Not at Intersection,N,Non-Junction,None,,,         ,Beri,Scott,Clear,Front to Rear,no,no,no,no,yes,False
103190571,METROPOLITAN NASHVILLE POLICE DEPT,20220015277,Davidson,Nashville,1/11/2022 7:03:00 PM,3,2,0,36.154140,-86.757780,I 40,,,,0.00,,,,,,,211.10,N,Not at Intersection,N,Non-Junction,None,,,         ,Evan,Grace,Clear,"Sideswipe, Same Direction",no,no,no,no,no,False
103190624,METROPOLITAN NASHVILLE POLICE DEPT,20220015195,Davidson,Nashville,1/11/2022 5:40:00 PM,1,1,0,36.173270,-86.791400,ROSA L PARKS BLVD,,,,0.00,,,JEFFERSON ST,,,,0.00,Y,Four-Way,Y,Intersection,None,,,         ,Jonathan,Sharp,Clear,Not Collision with Motor Vehicle in Transport,yes,no,no,no,no,False
103190646,METROPOLITAN NASHVILLE POLICE DEPT,20220015383,Davidson,Nashville,1/11/2022 8:51:00 PM,1,1,0,36.038050,-86.698110,OLD HICKORY BLVD,,,,529.00,Feet,North,PRATT PROPERTY PVTDR,,,,0.00,N,Not at Intersection,N,Non-Junction,None,,,         ,Joseph,Hurst,Other,Not Collision with Motor Vehicle in Transport,no,no,no,no,no,False
103190657,METROPOLITAN NASHVILLE POLICE DEPT,20220015391,Davidson,Nashville,1/11/2022 8:55:00 PM,2,0,0,36.074470,-86.920910,STATE HWY 251,,,,0.00,,,US HWY 70S,,,,0.00,Y,Four-Way,N,Intersection,None,,,         ,Eric,Westbrook,Clear,Angle,no,no,no,no,no,False
103190660,METROPOLITAN NASHVILLE POLICE DEPT,20220015372,Davidson,Nashville,1/11/2022 1:18:00 PM,2,0,0,36.088240,-86.649510,MURFREESBORO PKE,,,,335.00,Feet,South,RANSOM PL,,,,0.00,N,Not at Intersection,N,Non-Junction,None,,,         ,Phillip,Burke,Clear,"Sideswipe, Same Direction",no,no,no,no,yes,False
103190664,METROPOLITAN NASHVILLE POLICE DEPT,20220015360,Davidson,Nashville,1/11/2022 8:20:00 PM,2,1,0,36.108530,-86.922440,OLD HICKORY BLVD,,,,252.00,Feet,North,ROCKY LN,,,,0.00,N,Not at Intersection,N,Non-Junction,None,,,         ,Blake,Langford,Clear,Front to Rear,no,no,no,no,no,False
103190667,METROPOLITAN NASHVILLE POLICE DEPT,20220015330,Davidson,Nashville,1/11/2022 5:34:00 PM,3,1,0,36.053590,-86.715350,BREWER DR,,,,100.00,Feet,West,NOLENSVILLE PKE,,,,0.00,N,Not at Intersection,N,Non-Junction,None,,,         ,Beri,Scott,Clear,Angle,no,no,no,no,no,False
103190698,METROPOLITAN NASHVILLE POLICE DEPT,20220015352,Davidson,Nashville,1/11/2022 8:01:00 PM,2,1,0,36.141940,-86.781060,EDGEHILL AV,,,,0.00,,,9TH AVS,,,,0.00,Y,Four-Way,Y,Intersection,None,,,         ,Samuel,Sundra,Clear,Angle,no,no,no,no,no,False
103190699,THP District 3 - Nashville,322002270,Davidson,Nashville,1/11/2022 11:31:00 AM,2,0,0,36.091580,-86.828350,HILLSBORO PKE,,,,94.00,Feet,North,HARDING PL,,,,0.00,N,Not at Intersection, ,,None,,,         ,Reggie,Edge Jr,,,no,no,no,no,no,False
103190713,METROPOLITAN NASHVILLE POLICE DEPT,20220015466,Davidson,Nashville,1/11/2022 10:24:00 PM,2,0,0,36.158990,-86.775890,4TH AVS,,,,0.00,,,DEMONBREUN ST,,,,0.00,Y,Four-Way, ,Intersection,None,,,         ,John,Jones,Clear,"Sideswipe, Same Direction",no,no,no,no,no,False
103190714,METROPOLITAN NASHVILLE POLICE DEPT,20220015475,Davidson,Nashville,1/11/2022 9:59:00 PM,2,0,0,36.141300,-86.667330,I 40,,,,0.00,,,,,,,269.60,N,Not at Intersection, ,Non-Junction,Work Zone,,,         ,Corey,Ethridge,,"Sideswipe, Same Direction",no,no,no,no,no,False
103190715,METROPOLITAN NASHVILLE POLICE DEPT,20220015560,Davidson,Antioch,1/12/2022 12:04:00 AM,1,3,0,36.006680,-86.640220,CANE RIDGE RD,,,,2193.00,Feet,North,OLD HICKORY BLVD,,,,0.00,N,Not at Intersection,N,Non-Junction,None,,,         ,Kaleigh,Pearce,Clear,Not Collision with Motor Vehicle in Transport,no,no,no,no,no,False
103190781,METROPOLITAN NASHVILLE POLICE DEPT,20220015862,Davidson,Nashville,1/12/2022 5:40:00 AM,2,0,0,36.109450,-86.728050,BRILEY PKWYN,,,,0.00,,,BRILEY PKWYS,,,,0.00,Y,Four-Way,Y,Intersection,None,,,         ,Jonathan,Handley,Clear,Angle,no,no,no,no,no,False
103190793,METROPOLITAN NASHVILLE POLICE DEPT,20220015871,Davidson,Old Hickory,1/12/2022 6:11:00 AM,2,1,0,36.265080,-86.650860,OLD HICKORY BLVD,,,,17.00,Feet,North,BRYAN ST,,,,0.00,N,Not at Intersection,N,Non-Junction,None,,,         ,Nelson,Hemingway,,Angle,no,no,no,no,no,False
103190819,METROPOLITAN NASHVILLE POLICE DEPT,20220016025,Davidson,Nashville,1/12/2022 8:05:00 AM,2,0,0,36.181760,-86.753990,MANSFIELD ST,,,,196.00,Feet,West,LAURENT ST,,,,0.00,N,Not at Intersection,N,Non-Junction,None,,,         ,Jarret,Sonnenberg,Clear,"Sideswipe, Opposite Direction",no,no,no,no,yes,False
103190820,METROPOLITAN NASHVILLE POLICE DEPT,20220015970,Davidson,Antioch,1/12/2022 7:34:00 AM,2,0,0,36.004920,-86.621820,OLD HICKORY BLVD,,,,0.00,,,BURKITT RD,,,,0.00,Y,T-Intersection,N,Intersection,None,,,         ,Lee,Davis,Clear,Angle,no,no,no,no,no,False
103190824,METROPOLITAN NASHVILLE POLICE DEPT,20220015963,Davidson,Nashville,1/12/2022 7:26:00 AM,2,0,0,36.264250,-86.736130,I65 N EXT RAMP,,,,0.00,,,I 65,,,,0.00,Y,T-Intersection,N,Entrance/Exit Ramp Related,None,,,         ,Christopher,Littles,Clear,Front to Rear,no,no,no,no,yes,False
103190825,METROPOLITAN NASHVILLE POLICE DEPT,20220016024,Davidson,Not in City Limit,1/12/2022 8:05:00 AM,2,0,0,36.079140,-86.953910,COLEY DAVIS RD,,,,195.00,Feet,South,HIGHWAY 70S,,,,0.00,N,Not at Intersection,N,Non-Junction,None,,,         ,Wesley,Tilley,Clear,Angle,no,no,no,no,no,False
103190832,GOODLETTSVILLE POLICE DEPT,22-01102,Davidson,Goodlettsville,1/12/2022 7:41:00 AM,2,0,0,36.305760,-86.703080,RIVERGATE PKWY,,,,100.00,Feet,North,RIVERGATE DR,,,,0.00,N,Not at Intersection,N,Non-Junction,None,,,         ,Alexander,Bardill,Clear,"Sideswipe, Same Direction",no,no,no,no,no,False
103190843,METROPOLITAN NASHVILLE POLICE DEPT,20220015959,Davidson,Not in City Limit,1/12/2022 7:25:00 AM,2,1,0,36.344840,-86.836870,RIDGEWOOD RD,,,,1590.00,Feet,South,STRAWBERRY HILL RD,,,,0.00,N,Not at Intersection,N,Non-Junction,None,,,         ,Jeanine,Sarno,Clear,"Sideswipe, Opposite Direction",no,no,no,no,no,False
103190863,METROPOLITAN NASHVILLE POLICE DEPT,20220016062,Davidson,Nashville,1/12/2022 8:05:00 AM,2,0,0,36.248600,-86.728630,DUE WEST AVW,,,,0.00,Feet,East,SAUNDERS AV,,,,0.00,N,Not at Intersection, ,Non-Junction,None,,,         ,Justan,Vance,Clear,Front to Rear,no,no,no,no,no,False
103190865,METROPOLITAN NASHVILLE POLICE DEPT,20220015911,Davidson,Nashville,1/12/2022 5:30:00 AM,3,0,0,36.072770,-86.668390,VOLUNTEER DR,,,,75.00,Feet,South,JASON DR,,,,0.00,N,Not at Intersection,N,Non-Junction,None,,,         ,Gerald,Gomes,Clear,Front to Rear,no,no,no,no,yes,False
103190883,METROPOLITAN NASHVILLE POLICE DEPT,20220016106,Davidson,Nashville,1/12/2022 7:30:00 AM,3,0,0,36.221560,-86.774620,I 65,,,,0.00,,,,,,,88.35,N,Not at Intersection, ,Non-Junction,None,,,         ,James,Wray,Clear,Front to Rear,no,no,no,no,no,False
103190897,METROPOLITAN NASHVILLE POLICE DEPT,20220016072,Davidson,Nashville,1/12/2022 8:38:00 AM,3,0,0,36.132760,-86.775010,I 65,,,,0.00,,,,,,,81.30,N,Not at Intersection,N,Non-Junction,None,,,         ,Zachary,Wilbanks,Clear,Front to Rear,no,no,no,no,no,False
103190908,METROPOLITAN NASHVILLE POLICE DEPT,20220016119,Davidson,Nashville,1/12/2022 7:44:00 AM,2,0,0,36.071530,-86.635810,MURFREESBORO PKE,,,,150.00,Feet,South,BELL RD,,,,0.00,N,Not at Intersection,N,Non-Junction,None,,,         ,Lee,Davis,Clear,Angle,no,no,no,no,yes,False
103190912,METROPOLITAN NASHVILLE POLICE DEPT,20220016310,Davidson,Nashville,1/12/2022 10:39:00 AM,2,0,0,36.129830,-86.901730,CHARLOTTE PKE,,,,294.00,Feet,West,CABOT DR,,,,0.00,N,Not at Intersection,N,Non-Junction,None,,,         ,Jared,Dick,Clear,Front to Rear,no,no,no,no,no,False
103190928,METROPOLITAN NASHVILLE POLICE DEPT,20220016175,Davidson,Nashville,1/12/2022 9:43:00 AM,2,0,0,36.199060,-86.619750,LEBANON PKE,,,,205.00,Feet,South,LEBANON PKE WB EXT RAMP,,,,0.00,N,Not at Intersection,N,Non-Junction,None,,,         ,Larry,Benz,Clear,Angle,no,no,no,no,no,False
103190958,METROPOLITAN NASHVILLE POLICE DEPT,2022016221,Davidson,Nashville,1/12/2022 10:20:00 AM,2,0,0,36.162230,-86.774360,1ST AVS,,,,0.00,,,1ST AVN,,,,0.00,Y,Four-Way, ,OtherLocation,None,,,         ,Wesley,Young,Clear,"Sideswipe, Same Direction",no,no,no,no,no,False
103190960,METROPOLITAN NASHVILLE POLICE DEPT,20220016349,Davidson,Nashville,1/12/2022 12:00:00 PM,1,0,0,36.163480,-86.743390,DAVIDSON ST,,,,1270.00,Feet,South,DAVIDSON STREET BIKE CNCTR,,,,0.00,N,Not at Intersection, ,Non-Junction,None,,,         ,Jerre,Fly,Clear,Not Collision with Motor Vehicle in Transport,no,yes,no,no,yes,False
103190972,METROPOLITAN NASHVILLE POLICE DEPT,20220016316,Davidson,Nashville,1/12/2022 11:31:00 AM,2,1,0,36.155830,-86.789860,14TH AVN,,,,80.00,Feet,North,I40 E EXT RAMP,,,,0.00,N,Not at Intersection,N,Non-Junction,None,,,         ,Earl,Davis,Clear,Front to Rear,no,no,no,no,yes,False
103190985,METROPOLITAN NASHVILLE POLICE DEPT,20220016361,Davidson,Nashville,1/12/2022 12:09:00 PM,2,0,0,36.151800,-86.771250,LAFAYETTE ST,,,,0.00,,,4TH AVS,,,,0.00,Y,OTHER, ,Intersection,None,,,         ,Erik,Wagner,Clear,Angle,no,no,no,no,no,False
103191000,METROPOLITAN NASHVILLE POLICE DEPT,20220016360,Davidson,Nashville,1/12/2022 8:35:00 AM,1,0,0,36.152770,-86.779320,8TH AVS,,,,0.00,,,DREXEL ST,,,,0.00,Y,T-Intersection, ,Non-Junction,Maintenance Zone,,,         ,Michael,Douglas,Clear,Not Collision with Motor Vehicle in Transport,no,no,no,no,no,False
103191005,METROPOLITAN NASHVILLE POLICE DEPT,20220016354,Davidson,Nashville,1/12/2022 12:00:00 PM,5,0,0,36.111040,-86.747070,THOMPSON LN,,,,78.00,Feet,West,GRANDVIEW AV,,,,0.00,N,Not at Intersection,N,Non-Junction,None,,,         ,Shawn,Taylor,Clear,Front to Rear,no,no,no,no,yes,False
103191033,METROPOLITAN NASHVILLE POLICE DEPT,20220016143,Davidson,Nashville,1/12/2022 9:00:00 AM,2,0,0,36.169430,-86.814900,SCOVEL ST,,,,436.00,Feet,North,BEASLEY ST,,,,0.00,N,Not at Intersection,N,Non-Junction,None,,,         ,Jedidayah,Merriweather,Clear,Angle,no,no,no,no,yes,False
103191034,METROPOLITAN NASHVILLE POLICE DEPT,20220016421,Davidson,Nashville,1/12/2022 12:55:00 PM,2,2,0,36.249630,-86.783690,I 24,,,,0.00,,,,,,,42.60,N,Not at Intersection,N,Non-Junction,None,,,         ,Christopher,Littles,Clear,"Sideswipe, Same Direction",no,no,no,no,no,False
103191039,METROPOLITAN NASHVILLE POLICE DEPT,2021016364,Davidson,Nashville,1/12/2022 11:30:00 AM,1,0,0,36.151910,-86.779260,8TH AVS,,,,50.00,Feet,North,GLEAVES ST,,,,0.00,N,Not at Intersection, ,Non-Junction,None,,,         ,Joshua,Reece,Clear,Not Collision with Motor Vehicle in Transport,no,no,no,no,no,False
103191040,METROPOLITAN NASHVILLE POLICE DEPT,20220016206,Davidson,Nashville,1/12/2022 10:08:00 AM,2,0,0,36.151760,-86.768630,I40 W EXT RAMP,,,,0.00,,,2ND AVS,,,,0.00,Y,Four-Way, ,Intersection,None,,,         ,Michael,Douglas,Clear,Front to Rear,no,no,no,no,no,False
103191051,METROPOLITAN NASHVILLE POLICE DEPT,20220016023,Davidson,Nashville,1/12/2022 8:16:00 AM,1,0,0,36.085130,-86.700510,I24 E ENT RAMP,,,,0.00,,,I 24,,,,0.00,Y,Y-Intersection,N,Entrance/Exit Ramp Related,None,,,         ,Andre,Williams,Clear,Not Collision with Motor Vehicle in Transport,no,no,no,no,no,False
103191081,METROPOLITAN NASHVILLE POLICE DEPT,20220016517,Davidson,Nashville,1/12/2022 1:43:00 PM,1,2,0,36.150640,-86.806420,BRANDAU PL,,,,123.00,Feet,West,23RD AVN,,,,0.00,N,Not at Intersection,N,Non-Junction,None,,,         ,Cecelia,Brown,Clear,Not Collision with Motor Vehicle in Transport,yes,no,no,yes,no,Campus
103191112,METROPOLITAN NASHVILLE POLICE DEPT,20220016579,Davidson,Nashville,1/12/2022 2:37:00 PM,2,0,0,36.041800,-86.782400,I 65,,,,0.00,,,,,,,74.85,N,Not at Intersection,N,Entrance/Exit Ramp Related,None,,,         ,Mitchell,Cook,Clear,"Sideswipe, Same Direction",no,no,no,no,no,False
103191122,METROPOLITAN NASHVILLE POLICE DEPT,20220016576,Davidson,Nashville,1/12/2022 1:50:00 PM,2,0,0,36.216670,-86.743650,R S GASS BLVD,,,,291.00,Feet,South,BEN ALLEN RD,,,,0.00,N,Not at Intersection,N,Non-Junction,None,,,         ,Cooper,HIll,Clear,Angle,no,no,no,no,no,False
103191136,METROPOLITAN NASHVILLE POLICE DEPT,412-85-4503,Davidson,Nashville,1/12/2022 2:54:00 PM,2,1,0,36.145070,-86.666740,DONELSON PKE,,,,58.00,Feet,South,SHACKLETT DR,,,,0.00,N,Not at Intersection,N,Non-Junction,None,,,         ,Austin,Binner,Clear,"Sideswipe, Same Direction",no,no,no,no,no,False
103191140,METROPOLITAN NASHVILLE POLICE DEPT,20220016438,Davidson,Nashville,1/12/2022 1:03:00 PM,3,1,0,36.144390,-86.696110,I 40,,,,0.00,,,,,,,214.90,N,Not at Intersection,N,Non-Junction,None,,,         ,Larry,Benz,Clear,Angle,no,no,no,no,no,False
103191158,METROPOLITAN NASHVILLE POLICE DEPT,20220016657,Davidson,OTHER,1/12/2022 3:29:00 PM,3,2,0,36.016540,-86.619950,OLD HICKORY BLVD,,,,0.00,,,,,,,0.00,,,N,Non-Junction,None,,,         ,Joseph,Hurst,Clear,Angle,no,no,no,no,no,False
103191173,METROPOLITAN NASHVILLE POLICE DEPT,20220016770,Davidson,Not in City Limit,1/12/2022 4:40:00 PM,2,1,0,36.279350,-86.708840,ONE MILE PKWY,,,,3.00,Feet,West,GALLATIN PKEN,,,,0.00,N,Not at Intersection,N,Non-Junction,None,,,         ,Brandon,Lopez,Clear,Front to Rear,no,no,no,no,yes,False
103191178,METROPOLITAN NASHVILLE POLICE DEPT,20220016681,Davidson,OTHER,1/12/2022 3:44:00 PM,2,0,0,36.017080,-86.619830,OLD HICKORY BLVD,,,,0.00,,,,,,,0.00,,, ,,None,,,         ,Joseph,Hurst,,,no,no,no,no,no,False
103191185,METROPOLITAN NASHVILLE POLICE DEPT,20220016837,Davidson,Nashville,1/12/2022 2:52:00 PM,2,0,0,36.075660,-86.647800,DOVER GLEN DR,,,,0.00,,,EDGE O LAKE DR,,,,0.00,Y,Four-Way,N,Intersection,None,,,         ,Joseph,Hurst,Clear,"Sideswipe, Opposite Direction",no,no,no,no,yes,False
103191192,METROPOLITAN NASHVILLE POLICE DEPT,20220016894,Davidson,Nashville,1/12/2022 12:00:00 AM,2,0,0,36.055950,-86.654520,WINTON DR,,,,435.00,Feet,South,HIGHLAND RIDGE DR,,,,0.00,N,Not at Intersection,N,Non-Junction,None,,,         ,Joseph,Hurst,Clear,Angle,no,no,no,no,yes,False
103191199,METROPOLITAN NASHVILLE POLICE DEPT,20220016821,Davidson,Nashville,1/12/2022 5:10:00 PM,2,0,0,36.154090,-86.837370,I 40,,,,0.00,,,,,,,205.00,N,Not at Intersection, ,Non-Junction,None,,,         ,Kyle,Lund,Clear,Front to Rear,no,no,no,no,no,False
103191202,METROPOLITAN NASHVILLE POLICE DEPT,20220016808,Davidson,Nashville,1/12/2022 5:03:00 PM,1,1,0,36.174030,-86.606070,I40 W ENT RAMP,,,,0.00,Feet,East,CENTRAL PKE,,,,0.00,N,Not at Intersection,N,Entrance/Exit Ramp Related,None,,,         ,William,Boler,Clear,Not Collision with Motor Vehicle in Transport,no,no,no,no,no,False
103191204,METROPOLITAN NASHVILLE POLICE DEPT,20220016822,Davidson,Nashville,1/12/2022 5:08:00 PM,2,0,0,36.216790,-86.623520,OLD HICKORY BLVD,,,,4.00,Feet,North,2ND ST,,,,0.00,N,Not at Intersection,N,Non-Junction,None,,,         ,Evan,Grace,Clear,"Sideswipe, Same Direction",no,no,no,no,no,False