master_record_number,agency,agency_tracking_number,county,city,collision_date,vehicles_involved,number_injured,number_dead,latitude,longitude,roadway_name,roadway_suffix,roadway_number,roadway_local_id,distance_from_reference,miles-feet_indicator,direction_from_reference,intersection_road_name,intersection_road_name_suffix,intersection_road_number,intersection_local_id,mile_marker,intersection_indicator,intersect_type,interchange_related_indicator,relation_to_junction,work_zone_type,construction_maintenance_zone,construction_maintenance_zone_location,fatal_case_number,officer_first_name,officer_last_name,weather_condition(s),manner_of_crash,pedestrian,bicycle,scooter,parking,hitrun,mou
103194151,METROPOLITAN NASHVILLE POLICE DEPT,20220022043,Davidson,Nashville,1/16/2022 1:04:00 AM,2,0,0,36.178720,-86.611280,ALBEE DR,,,,63.00,Feet,North,MAGNUM DR,,,,0.00,N,Not at Intersection, ,Non-Junction,None,,,         ,Scott,Edwards,"Cloudy, Rain",Rear to Rear,no,no,no,no,no,False
103194158,METROPOLITAN NASHVILLE POLICE DEPT,20220022022,Davidson,Nashville,1/16/2022 1:51:00 AM,2,4,0,36.086910,-86.648680,MURFREESBORO PKE,,,,0.00,Feet,,NASHBORO BLVD,,,,0.00,Y,Four-Way,N,Intersection,None,,,         ,Antoine,Maghamez,Rain,Angle,no,no,no,no,no,False
103194160,METROPOLITAN NASHVILLE POLICE DEPT,20220022081,Davidson,Not in City Limit,1/16/2022 2:45:00 AM,2,1,0,36.263070,-86.711920,STATE RT 45,,,,0.00,,,GALLATIN PKEN,,,,0.00,Y,Four-Way,N,Intersection-Related,None,,,         ,Jonathon,Sheppard,Rain,Front to Rear,no,no,no,no,no,False
103194164,METROPOLITAN NASHVILLE POLICE DEPT,20220022125,Davidson,Nashville,1/16/2022 4:00:00 AM,1,0,0,36.192640,-86.623310,JUAREZ DR,,,,175.00,Feet,East,LEBANON PKE,,,,0.00,N,Not at Intersection,N,Non-Junction,None,,,         ,Bryan,Malone,Rain,Not Collision with Motor Vehicle in Transport,no,no,no,no,yes,False
103194168,METROPOLITAN NASHVILLE POLICE DEPT,20220022105,Davidson,Nashville,1/16/2022 3:20:00 AM,1,0,0,36.052210,-86.644910,EAGLE VIEW BLVD,,,,0.00,,,BELL RD,,,,0.00,Y,T-Intersection,Y,Intersection,None,,,         ,Lisa,Beck,Sleet/Hail,Not Collision with Motor Vehicle in Transport,no,no,no,no,yes,False
103194169,METROPOLITAN NASHVILLE POLICE DEPT,20220022102,Davidson,Nashville,1/16/2022 12:00:00 AM,1,0,0,36.090750,-86.734410,NOLENSVILLE PKE,,,,287.00,Feet,South,ZOO RD,,,,0.00,N,Not at Intersection,N,Non-Junction,None,,,         ,Clayton,Cox,Snow,Not Collision with Motor Vehicle in Transport,no,no,no,no,yes,False
103194176,METROPOLITAN NASHVILLE POLICE DEPT,20220022143,Davidson,Nashville,1/16/2022 3:46:00 AM,1,0,0,36.046900,-86.679690,BELL RD,,,,84.00,Feet,West,BRITTANY PARK DR,,,,0.00,N,Not at Intersection,N,Non-Junction,None,,,         ,Lisa,Beck,Sleet/Hail,Not Collision with Motor Vehicle in Transport,no,no,no,no,yes,False
103194188,METROPOLITAN NASHVILLE POLICE DEPT,20220022098,Davidson,Nashville,1/16/2022 3:14:00 AM,2,4,0,36.141980,-86.677850,I 40,,,,0.00,,,,,,,215.95,N,Not at Intersection,N,Non-Junction,None,,,         ,Richard,Luellen,Rain,Front to Rear,no,no,no,no,no,False
103194203,METROPOLITAN NASHVILLE POLICE DEPT,20220021637,Davidson,Nashville,1/15/2022 4:45:00 PM,2,0,0,36.137110,-86.764640,MOORE AV,,,,89.00,Feet,West,RAINS AV,,,,0.00,N,Not at Intersection,N,Non-Junction,None,,,         ,Sean,Fitzmaurice,Cloudy,Front to Rear,no,no,no,no,yes,False
103194204,METROPOLITAN NASHVILLE POLICE DEPT,20220022155,Davidson,Nashville,1/16/2022 4:26:00 AM,2,0,0,36.124500,-86.727600,I24 W EXT RAMP,,,,0.00,Feet,East,I 24,,,,0.00,N,Not at Intersection,N,Non-Junction,None,,,         ,Ryan,Malone,,Front to Rear,no,no,no,no,yes,False
103194205,METROPOLITAN NASHVILLE POLICE DEPT,20220022176,Davidson,Nashville,1/16/2022 4:15:00 AM,1,0,0,36.167000,-86.725060,RIVERSIDE DR CNCTR,,,,0.00,,,,,,,0.00,,,N,Non-Junction,None,,,         ,Ronald,Conner,"Rain, Snow",Not Collision with Motor Vehicle in Transport,no,no,no,yes,yes,False
103194208,METROPOLITAN NASHVILLE POLICE DEPT,20220022207,Davidson,Nashville,1/16/2022 5:36:00 AM,2,1,0,36.067580,-86.687750,I 24,,,,0.00,,,,,,,57.15,N,Not at Intersection,N,Non-Junction,None,,,         ,Tavin,Emlund,Snow,Angle,no,no,no,no,no,False
103194209,METROPOLITAN NASHVILLE POLICE DEPT,20220022094,Davidson,Not in City Limit,1/16/2022 12:00:00 AM,1,1,0,36.096310,-86.927560,RIDGELAKE PKWY,,,,256.00,Feet,South,SPRING CREEK DR,,,,0.00,N,Not at Intersection,N,Non-Junction,None,,,         ,Kristopher,Sharpe,"Snow, Freezing Rain ",Not Collision with Motor Vehicle in Transport,no,no,no,yes,no,False
103194210,METROPOLITAN NASHVILLE POLICE DEPT,20220022146,Davidson,Nashville,1/16/2022 4:05:00 AM,1,0,0,36.105600,-86.671760,MURFREESBORO PKE,,,,14.00,Feet,East,EZELL PKE,,,,0.00,N,Not at Intersection,N,Non-Junction,None,,,         ,Christopher,Gooding,,Not Collision with Motor Vehicle in Transport,no,no,no,no,no,False
103194211,METROPOLITAN NASHVILLE POLICE DEPT,20220022129,Davidson,Nashville,1/16/2022 12:00:00 AM,1,0,0,36.249650,-86.686780,NEELYS BEND RD,,,,62.00,Feet,West,LARKIN SPRINGS RD,,,,0.00,N,Not at Intersection,N,Non-Junction,None,,,         ,Timothy,Lehnert,Rain,Not Collision with Motor Vehicle in Transport,no,no,no,no,no,False
103194225,METROPOLITAN NASHVILLE POLICE DEPT,20220022208,Davidson,Nashville,1/16/2022 12:00:00 AM,1,0,0,36.088280,-86.731730,NOLENSVILLE PKE,,,,676.00,Feet,North,ELYSIAN FIELDS CT,,,,0.00,N,Not at Intersection,N,Non-Junction,None,,,         ,Clayton,Cox,Snow,Not Collision with Motor Vehicle in Transport,no,no,no,no,yes,False
103194230,METROPOLITAN NASHVILLE POLICE DEPT,20220020057,Davidson,Nashville,1/14/2022 3:30:00 PM,2,0,0,36.135860,-86.698520,STATE HWY 155,,,,77.00,Feet,South,CORPORATE DR,,,,0.00,N,Not at Intersection, ,Non-Junction,None,,,         ,Brandon,O'Guin,Clear,Front to Rear,no,no,no,no,no,False
103194233,METROPOLITAN NASHVILLE POLICE DEPT,20220022248,Davidson,Nashville,1/16/2022 12:00:00 AM,2,0,0,36.075210,-86.693530,I 24,,,,0.00,,,,,,,56.55,N,Not at Intersection,N,Non-Junction,None,,,         ,Eric,Burford,Freezing Rain ,Front to Rear,no,no,no,no,no,False
103194234,METROPOLITAN NASHVILLE POLICE DEPT,20220022245,Davidson,Nashville,1/16/2022 6:00:00 AM,1,0,0,36.053720,-86.673250,I 24,,,,0.00,,,,,,,58.40,N,Not at Intersection, ,Non-Junction,None,,,         ,Lee,Davis,Snow,Not Collision with Motor Vehicle in Transport,no,no,no,no,no,False
103194244,METROPOLITAN NASHVILLE POLICE DEPT,20220022239,Davidson,Not in City Limit,1/16/2022 6:23:00 AM,1,0,0,36.030700,-86.995520,HIGHWAY 100,,,,552.00,Feet,East,OLD HARDING PKE,,,,0.00,N,Not at Intersection, ,Non-Junction,None,,,         ,Robert,Laboy,Sleet/Hail,Not Collision with Motor Vehicle in Transport,no,no,no,no,no,False
103194246,METROPOLITAN NASHVILLE POLICE DEPT,20220021881,Davidson,Not in City Limit,1/15/2022 11:23:00 PM,2,0,0,36.079570,-86.953510,HIGHWAY 70S,,,,0.00,Feet,,COLEY DAVIS RD,,,,0.00,Y,T-Intersection,Y,Intersection-Related,None,,,         ,Christopher,Alceus,Rain,Front to Rear,no,no,no,no,no,False
103194249,METROPOLITAN NASHVILLE POLICE DEPT,20220022329,Davidson,Nashville,1/16/2022 8:08:00 AM,1,0,0,36.107050,-86.726880,NEESE DR,,,,161.00,Feet,East,MAVERT DR,,,,0.00,N,Not at Intersection,N,Non-Junction,None,,,         ,Darrin,Hardin,"Cloudy, Rain",Not Collision with Motor Vehicle in Transport,no,no,no,no,yes,False
103194257,METROPOLITAN NASHVILLE POLICE DEPT,20220022353,Davidson,Nashville,1/16/2022 8:32:00 AM,1,0,0,36.103900,-86.715610,I 24,,,,0.00,,,,,,,54.20,N,Not at Intersection,N,Non-Junction,None,,,         ,Eric,Burford,Freezing Rain ,Not Collision with Motor Vehicle in Transport,no,no,no,no,no,False
103194262,METROPOLITAN NASHVILLE POLICE DEPT,20220022362,Davidson,Nashville,1/16/2022 8:45:00 AM,1,0,0,36.077450,-86.694630,I 24,,,,0.00,,,,,,,56.40,N,Not at Intersection,N,Non-Junction,None,,,         ,James,Thomas,Rain,Not Collision with Motor Vehicle in Transport,no,no,no,no,no,False
103194265,METROPOLITAN NASHVILLE POLICE DEPT,20220016545,Davidson,Nashville,1/12/2022 2:08:00 PM,2,1,0,36.142130,-86.666670,STATE HWY 255,,,,10.00,Feet,South,RAMP,,,,0.00,N,Not at Intersection,Y,Entrance/Exit Ramp Related,None,,,         ,William,Burnett,Clear,Angle,no,no,no,no,no,False
103194270,METROPOLITAN NASHVILLE POLICE DEPT,20220022370,Davidson,Not in City Limit,1/16/2022 12:00:00 AM,2,0,0,36.006680,-86.632130,OCTOBER WOODS DR,,,,145.00,Feet,West,SMOKEY HILL RD,,,,0.00,N,Not at Intersection,N,Non-Junction,None,,,         ,Lee,Davis,Unknown,Front to Rear,no,no,no,no,yes,False
103194274,METROPOLITAN NASHVILLE POLICE DEPT,20220022277,Davidson,Nashville,1/16/2022 7:14:00 AM,2,2,0,36.142070,-86.666600,DONELSON PKE,,,,45.00,Feet,South,I40 W EXT RAMP,,,,0.00,N,Not at Intersection,Y,Non-Junction,None,,,         ,Patrick,Deau,Rain,Angle,no,no,no,no,no,False
103194277,METROPOLITAN NASHVILLE POLICE DEPT,20220022426,Davidson,Nashville,1/16/2022 10:00:00 AM,1,0,0,36.159520,-86.622940,I 40,,,,0.00,,,,,,,219.40,N,Not at Intersection,N,Non-Junction,None,,,         ,Michael,Raash,Rain,Not Collision with Motor Vehicle in Transport,no,no,no,no,no,False
103194287,METROPOLITAN NASHVILLE POLICE DEPT,20220022418,Davidson,Nashville,1/16/2022 9:45:00 AM,1,1,0,36.054290,-86.652890,RURAL HILL RD,,,,751.00,Feet,North,WILLOW POINTE PVTDR,,,,0.00,N,Not at Intersection,N,Non-Junction,None,,,         ,Stanley,Collins,"Rain, Sleet/Hail",Not Collision with Motor Vehicle in Transport,no,no,no,no,no,False
103194308,METROPOLITAN NASHVILLE POLICE DEPT,20220022492,Davidson,Nashville,1/16/2022 10:59:00 AM,1,0,0,36.013250,-86.619080,I 24,,,,0.00,,,,,,,62.65,N,Not at Intersection,N,Entrance/Exit Ramp Related,None,,,         ,Phillip,Murphy,"Snow, Blowing Snow",Not Collision with Motor Vehicle in Transport,no,no,no,no,no,False
103194312,METROPOLITAN NASHVILLE POLICE DEPT,20220022459,Davidson,Nashville,1/16/2022 10:41:00 AM,1,0,0,36.118460,-86.726280,I 24,,,,0.00,,,,,,,53.00,N,Not at Intersection,N,Non-Junction,None,,,         ,Darrin,Hardin,"Cloudy, Sleet/Hail",Not Collision with Motor Vehicle in Transport,no,no,no,no,no,False
103194321,METROPOLITAN NASHVILLE POLICE DEPT,20220022522,Davidson,Nashville,1/16/2022 11:46:00 AM,1,0,0,36.239620,-86.753580,I 65,,,,0.00,,,,,,,90.20,N,Not at Intersection,N,Non-Junction,None,,,         ,Justan,Vance,Snow,Not Collision with Motor Vehicle in Transport,no,no,no,no,no,False
103194323,METROPOLITAN NASHVILLE POLICE DEPT,20220022307,Davidson,Nashville,1/16/2022 7:40:00 AM,1,1,0,36.064450,-86.771470,I 65,,,,0.00,,,,,,,76.55,N,Not at Intersection,N,Non-Junction,None,,,         ,Sean,Williams,Sleet/Hail,Not Collision with Motor Vehicle in Transport,no,no,no,no,no,False
103194326,METROPOLITAN NASHVILLE POLICE DEPT,20220022496,Davidson,Nashville,1/16/2022 11:13:00 AM,3,2,0,36.140860,-86.658500,I 40,,,,0.00,,,,,,,217.10,N,Not at Intersection,N,Non-Junction,None,,,         ,Rachael,Robinson,"Snow, Freezing Rain ",Angle,no,no,no,no,yes,False
103194327,METROPOLITAN NASHVILLE POLICE DEPT,20220022503,Davidson,Nashville,1/16/2022 11:15:00 AM,1,1,0,36.140580,-86.721730,I 40,,,,0.00,,,,,,,213.55,N,Not at Intersection,N,Non-Junction,None,,,         ,Shawn,Taylor,Snow,Not Collision with Motor Vehicle in Transport,no,no,no,no,no,False
103194331,METROPOLITAN NASHVILLE POLICE DEPT,20220022535,Davidson,Nashville,1/16/2022 11:52:00 AM,1,0,0,36.232690,-86.824330,BRILEY PKWYE,,,,256.00,Feet,East,BUENA VISTA PKE,,,,0.00,N,Not at Intersection,N,Non-Junction,None,,,         ,William,Coy,Snow,Not Collision with Motor Vehicle in Transport,no,no,no,no,yes,False
103194333,METROPOLITAN NASHVILLE POLICE DEPT,20220022523,Davidson,Nashville,1/16/2022 11:48:00 AM,1,0,0,36.116070,-86.792870,I 440,,,,0.00,,,,,,,3.80,N,Not at Intersection,N,Non-Junction,None,,,         ,Michael,Schlegel,Snow,Not Collision with Motor Vehicle in Transport,no,no,no,no,no,False
103194351,METROPOLITAN NASHVILLE POLICE DEPT,20220007887,Davidson,Not in City Limit,1/6/2022 10:43:00 AM,2,0,0,36.078160,-87.035040,I 40,,,,0.00,,,,,,,191.70,N,Not at Intersection,N,Non-Junction,None,,,         ,Jack,Crouch,"Cloudy, Snow",Front to Rear,no,no,no,no,no,False
103194355,METROPOLITAN NASHVILLE POLICE DEPT,20220022538,Davidson,Nashville,1/16/2022 11:59:00 AM,2,0,0,36.239020,-86.754270,I 65,,,,0.00,,,,,,,90.15,N,Not at Intersection, ,Non-Junction,None,,,         ,Steven,Meador,Snow,Angle,no,no,no,no,no,False
103194356,METROPOLITAN NASHVILLE POLICE DEPT,20220022553,Davidson,Nashville,1/16/2022 12:00:00 AM,2,1,0,36.191900,-86.828360,CLARKSVILLE PKE,,,,255.00,Feet,East,CLIFF DR,,,,0.00,N,Not at Intersection,N,Non-Junction,None,,,         ,Bianca,Crawford,"Sleet/Hail, Snow",HeadOn,no,no,no,no,no,False
103194357,METROPOLITAN NASHVILLE POLICE DEPT,20220022587,Davidson,Not in City Limit,1/16/2022 12:40:00 PM,1,1,0,36.220020,-86.966490,ASHLAND CITY HWY,,,,0.60,Miles,East,LIBBLE RD,,,,0.00,N,Not at Intersection,N,Non-Junction,None,,,         ,Rachel,Susee,Snow,Not Collision with Motor Vehicle in Transport,no,no,no,no,no,False
103194358,METROPOLITAN NASHVILLE POLICE DEPT,20220022431,Davidson,Nashville,1/16/2022 9:42:00 AM,1,1,0,36.046750,-86.661260,I 24,,,,0.00,,,,,,,59.25,N,Not at Intersection,N,Non-Junction,None,,,         ,Alex,Moore,Rain,Not Collision with Motor Vehicle in Transport,no,no,no,no,no,False
103194364,METROPOLITAN NASHVILLE POLICE DEPT,20220022518,Davidson,Nashville,1/16/2022 11:40:00 AM,2,2,0,36.143400,-86.686980,I 40,,,,0.00,,,,,,,215.45,N,Not at Intersection,N,Non-Junction,None,,,         ,Frederick,Ware,Snow,Rear to Side,no,no,no,no,no,False
103194375,METROPOLITAN NASHVILLE POLICE DEPT,20220022527,Davidson,Nashville,1/16/2022 11:53:00 AM,1,1,0,36.184530,-86.823760,ED TEMPLE BLVD,,,,278.00,Feet,West,TSU CONNECTOR,,,,0.00,N,Not at Intersection,N,OtherLocation,None,,,         ,Jedidayah,Merriweather,"Cloudy, Snow",Not Collision with Motor Vehicle in Transport,no,no,no,yes,no,False
103194382,METROPOLITAN NASHVILLE POLICE DEPT,20220022575,Davidson,Nashville,1/16/2022 12:25:00 PM,1,0,0,36.191540,-86.772760,DICKERSON PKE,,,,77.00,Feet,South,RICHARDSON AV,,,,0.00,N,Not at Intersection,N,Non-Junction,None,,,         ,Matthew,Herod,"Snow, Freezing Rain ",Not Collision with Motor Vehicle in Transport,no,no,no,no,no,False
103194386,METROPOLITAN NASHVILLE POLICE DEPT,20220022595,Davidson,Nashville,1/16/2022 12:42:00 PM,2,0,0,36.217880,-86.774880,I 65,,,,0.00,,,,,,,88.10,N,Not at Intersection,N,Non-Junction,None,,,         ,Ronald,Bright,Snow,Angle,no,no,no,no,yes,False
103194389,METROPOLITAN NASHVILLE POLICE DEPT,20220022552,Davidson,Nashville,1/16/2022 12:11:00 PM,1,0,0,36.107010,-86.719400,I 24,,,,0.00,,,,,,,53.95,N,Not at Intersection, ,Non-Junction,None,,,         ,Nathan,Kemp,Blowing Snow,Not Collision with Motor Vehicle in Transport,no,no,no,no,no,False
103194391,METROPOLITAN NASHVILLE POLICE DEPT,20220022513,Davidson,Nashville,1/16/2022 11:36:00 AM,2,1,0,36.046840,-86.661420,I 24,,,,0.00,,,,,,,59.25,N,Not at Intersection,N,Non-Junction,None,,,         ,Alex,Moore,Blowing Snow,Front to Rear,no,no,no,no,no,False
103194396,METROPOLITAN NASHVILLE POLICE DEPT,20220022526,Davidson,Nashville,1/16/2022 11:53:00 AM,2,1,0,36.172640,-86.781880,2ND AVN,,,,0.00,,,STOCKYARD ST,,,,0.00,Y,Four-Way,N,Intersection,None,,,         ,Michael,Douglas,Snow,Angle,no,no,no,no,no,False
103194406,METROPOLITAN NASHVILLE POLICE DEPT,20220022534,Davidson,Nashville,1/16/2022 11:53:00 AM,1,1,0,36.142506,-86.822990,,,I1,,0.00,,East,,,,,1.00,N,Not at Intersection,N,Non-Junction,None,,,         ,Jack,Crouch,Snow,Not Collision with Motor Vehicle in Transport,no,no,no,no,no,False
103194408,VANDERBILT UNIVERSITY POLICE,20220022621,Davidson,Nashville,1/16/2022 1:15:00 PM,1,0,0,36.141080,-86.796480,HORTON AV,,,,0.00,,,,,,,0.00,,Not at Intersection, ,Non-Junction,None,,,         ,Michael,Knupp,,Not Collision with Motor Vehicle in Transport,no,no,no,yes,no,Campus
103194413,METROPOLITAN NASHVILLE POLICE DEPT,20220022665,Davidson,Not in City Limit,1/16/2022 12:00:00 AM,1,0,0,36.257380,-86.700910,LEXINGTON GARDENS CONDOMINIUMS,,,,0.00,,,LANIER DR,,,,0.00,,Not at Intersection, ,Non-Junction,None,,,         ,Wesley,Mcclelland,Cloudy,Not Collision with Motor Vehicle in Transport,no,no,no,yes,no,False
103194461,METROPOLITAN NASHVILLE POLICE DEPT,20220022772,Davidson,Nashville,1/16/2022 4:05:00 PM,1,1,0,36.217620,-86.820040,BUENA VISTA PKE,,,,176.00,Feet,South,W HAMILTON AV,,,,0.00,N,Not at Intersection,N,Non-Junction,None,,,         ,Chase,Harriman,Clear,Not Collision with Motor Vehicle in Transport,no,no,no,no,no,False
103194489,METROPOLITAN NASHVILLE POLICE DEPT,20220022837,Davidson,Nashville,1/16/2022 5:04:00 PM,2,0,0,36.167060,-86.779550,3RD AVN,,,,37.00,Feet,South,JAMES ROBERTSON PKWY,,,,0.00,N,Not at Intersection, ,Non-Junction,None,,,         ,Kency,Le,Cloudy,Angle,no,no,no,no,no,False
103194510,METROPOLITAN NASHVILLE POLICE DEPT,20220022911,Davidson,Nashville,1/16/2022 6:32:00 PM,1,0,0,36.125910,-86.904140,I 40,,,,0.00,,,,,,,200.60,N,Not at Intersection,N,Non-Junction,None,,,         ,Eric,Westbrook,Cloudy,Not Collision with Motor Vehicle in Transport,no,no,no,no,no,False
103194513,THP District 9 - Administrative,322001261,Davidson,Nashville,1/6/2022 11:20:00 AM,7,0,0,36.043220,-86.781510,I 65,,,,0.00,,,,,,,75.00,N,Not at Intersection,N,Non-Junction,None,,,         ,Andrew,Simunic,"Snow, Blowing Snow",Angle,yes,no,no,no,no,False
103194514,METROPOLITAN NASHVILLE POLICE DEPT,20220022875,Davidson,Nashville,1/16/2022 5:46:00 PM,2,0,0,36.169000,-86.682980,LEBANON PKE,,,,172.00,Feet,West,FAIRWAY DR,,,,0.00,N,Not at Intersection, ,Non-Junction,None,,,         ,William,Boler,Clear,Angle,no,no,no,no,no,False
103194518,METROPOLITAN NASHVILLE POLICE DEPT,20220022830,Davidson,Not in City Limit,1/16/2022 12:00:00 AM,1,1,0,36.099770,-86.935350,I 40,,,,0.00,,,,,,,198.20,N,Not at Intersection,N,Non-Junction,None,,,         ,Maria,Reynolds,Snow,Not Collision with Motor Vehicle in Transport,no,no,no,no,no,False
103194534,METROPOLITAN NASHVILLE POLICE DEPT,20220022885,Davidson,Nashville,1/16/2022 12:00:00 AM,1,0,0,36.030770,-86.699580,COTTAGE GROVE WAY,,,,0.00,,,WORTHINGTON AV,,,,0.00,Y,Four-Way,N,Non-Junction,None,,,         ,Luis,Pena,Blowing Snow,Not Collision with Motor Vehicle in Transport,no,no,no,no,yes,False
103194539,METROPOLITAN NASHVILLE POLICE DEPT,20220022881,Davidson,Nashville,1/16/2022 6:05:00 PM,2,1,0,36.194270,-86.618240,OLD HICKORY BLVD,,,,0.00,,,HERMITAGE MARKETPLACE PVTDR,,,,0.00,Y,Four-Way,N,Intersection,None,,,         ,Robert,Marquez,Clear,Angle,no,no,no,no,no,False
103194555,METROPOLITAN NASHVILLE POLICE DEPT,20220022904,Davidson,Nashville,1/16/2022 6:00:00 PM,1,1,0,36.238390,-86.783690,I24 W ENT RAMP,,,,0.00,Feet,East,I 24,,,,0.00,N,Not at Intersection,Y,Entrance/Exit Ramp Related,None,,,         ,Zachariah,Souza,Clear,Not Collision with Motor Vehicle in Transport,no,no,no,no,no,False
103194573,METROPOLITAN NASHVILLE POLICE DEPT,20220022984,Davidson,Nashville,1/16/2022 7:14:00 PM,2,0,0,36.053660,-86.715020,NOLENSVILLE PKE,,,,0.00,,,BREWER DR,,,,0.00,Y,Four-Way, ,Non-Junction,None,,,         ,Corey,Reed,Snow,Angle,no,no,no,no,yes,False
103194597,METROPOLITAN NASHVILLE POLICE DEPT,20220022953,Davidson,Nashville,1/16/2022 7:16:00 PM,1,0,0,36.114860,-86.772390,I440 W ENT RAMP,,,,0.00,Feet,East,I 65,,,,0.00,N,Not at Intersection, ,Non-Junction,None,,,         ,Dylan,Motes,Clear,Not Collision with Motor Vehicle in Transport,no,no,no,no,no,False
103194614,METROPOLITAN NASHVILLE POLICE DEPT,20220022950,Davidson,Nashville,1/16/2022 7:00:00 PM,2,0,0,36.183500,-86.610760,OLD HICKORY BLVD,,,,0.00,,,DODSON CHAPEL RD,,,,0.00,Y,Four-Way, ,Intersection,None,,,         ,Christian,Vanders,Cloudy,Angle,no,no,no,no,no,False
103194620,METROPOLITAN NASHVILLE POLICE DEPT,2022002296,Davidson,Nashville,1/16/2022 7:10:00 PM,2,0,0,36.148710,-86.746290,I40 E EXT RAMP,,,,0.00,Feet,East,I 40,,,,0.00,N,Not at Intersection,N,Non-Junction,None,,,         ,Reagan,Heath,Clear,Angle,no,no,no,no,no,False
103194641,METROPOLITAN NASHVILLE POLICE DEPT,20220023213,Davidson,Nashville,1/17/2022 12:14:00 AM,2,1,0,36.078610,-86.696360,LINBAR DR,,,,1124.00,Feet,West,LUNA CT,,,,0.00,N,Not at Intersection,N,Non-Junction,None,,,         ,D’Mitri,Mackall,Cloudy,Front to Rear,no,no,no,no,yes,False
103194643,METROPOLITAN NASHVILLE POLICE DEPT,20220023131,Davidson,Nashville,1/16/2022 12:00:00 AM,1,1,0,36.081890,-86.894030,HIGHLAND CREST DR,,,,400.00,Feet,West,ALTO VISTA DR,,,,0.00,N,Not at Intersection,N,Non-Junction,None,,,         ,Kristopher,Sharpe,Cloudy,Not Collision with Motor Vehicle in Transport,yes,no,no,no,no,False
103194651,METROPOLITAN NASHVILLE POLICE DEPT,20220023289,Davidson,Nashville,1/17/2022 1:20:00 AM,1,0,0,36.148500,-86.825010,DAKOTA AV,,,,511.00,Feet,East,ELKINS AV PVTDR,,,,0.00,N,Not at Intersection, ,Non-Junction,None,,,         ,Theodore,Meskers,Snow,Not Collision with Motor Vehicle in Transport,no,no,no,no,no,False
103194671,METROPOLITAN NASHVILLE POLICE DEPT,20220023299,Davidson,Nashville,1/17/2022 12:00:00 AM,1,1,0,36.063340,-86.690900,BRENDA LN,,,,48.00,Feet,South,PACKARD DR,,,,0.00,N,Not at Intersection,N,Non-Junction,None,,,         ,Antoine,Maghamez,Sleet/Hail,Not Collision with Motor Vehicle in Transport,no,no,no,no,no,False
103194679,METROPOLITAN NASHVILLE POLICE DEPT,20220023478,Davidson,Nashville,1/17/2022 4:58:00 AM,2,0,0,36.217750,-86.624300,OLD HICKORY BLVD,,,,423.00,Feet,North,GRANWOOD BLVD,,,,0.00,N,Not at Intersection, ,Non-Junction,None,,,         ,Nelson,Hemingway,Snow,Angle,no,no,no,yes,yes,False
103194680,METROPOLITAN NASHVILLE POLICE DEPT,20220023488,Davidson,Nashville,1/17/2022 5:37:00 AM,2,0,0,36.173400,-86.606110,I40 W ENT RAMP,,,,0.00,Feet,East,I40 E EXT RAMP,,,,0.00,N,Not at Intersection,N,Entrance/Exit Ramp Related,None,,,         ,Charles,Agius,Snow,Other,no,no,no,no,no,False
103194682,METROPOLITAN NASHVILLE POLICE DEPT,20220023505,Davidson,Nashville,1/17/2022 5:55:00 AM,1,0,0,36.231150,-86.781360,BRICK CHURCH PKE,,,,0.00,,,,,,,0.00,,,N,Non-Junction,None,,,         ,Patrick,McGinnis,Clear,Not Collision with Motor Vehicle in Transport,no,no,no,no,yes,False
103194684,BERRY HILL POLICE DEPT,22-0087,Davidson,Berry Hill,1/12/2022 1:32:00 PM,2,0,0,36.124770,-86.777600,INVERNESS AV,,,,266.00,Feet,East,ELLIOTT AV,,,,0.00,N,Not at Intersection, ,Non-Junction,None,,,         ,Ronnie,Hill,Clear,Angle,no,no,no,no,no,False
103194699,METROPOLITAN NASHVILLE POLICE DEPT,20220023520,Davidson,Goodlettsville,1/17/2022 6:23:00 AM,1,0,0,36.288540,-86.693330,MYATT DR,,,,76.00,Feet,South,EDENWOLD RD,,,,0.00,N,Not at Intersection,N,Non-Junction,None,,,         ,Christopher,Littles,Cloudy,Not Collision with Motor Vehicle in Transport,no,no,no,no,no,False
103194708,METROPOLITAN NASHVILLE POLICE DEPT,20220023537,Davidson,Nashville,1/17/2022 6:45:00 AM,2,0,0,36.241390,-86.785810,I 24,,,,0.00,,,,,,,42.80,N,Not at Intersection,N,Non-Junction,None,,,         ,Jean,McCormack,Clear,"Sideswipe, Same Direction",no,no,no,no,yes,False
103194709,METROPOLITAN NASHVILLE POLICE DEPT,20220023536,Davidson,Nashville,1/17/2022 6:20:00 AM,2,0,0,36.035450,-86.638360,CROSSINGS BLVD,,,,0.00,,,OLD FRANKLIN RD,,,,0.00,Y,Four-Way, ,Intersection,None,,,         ,Nicholas,Carter,Cloudy,Angle,no,no,no,no,yes,False
103194712,METROPOLITAN NASHVILLE POLICE DEPT,20220023600,Davidson,Nashville,1/17/2022 7:50:00 AM,1,1,0,36.098100,-86.790670,LEALAND LN,,,,112.00,Feet,North,OUTER DR,,,,0.00,N,Not at Intersection,N,Non-Junction,None,,,         ,Justin,Pinkelton,Cloudy,Not Collision with Motor Vehicle in Transport,no,no,no,no,no,False