master_record_number,agency,agency_tracking_number,county,city,collision_date,vehicles_involved,number_injured,number_dead,latitude,longitude,roadway_name,roadway_suffix,roadway_number,roadway_local_id,distance_from_reference,miles-feet_indicator,direction_from_reference,intersection_road_name,intersection_road_name_suffix,intersection_road_number,intersection_local_id,mile_marker,intersection_indicator,intersect_type,interchange_related_indicator,relation_to_junction,work_zone_type,construction_maintenance_zone,construction_maintenance_zone_location,fatal_case_number,officer_first_name,officer_last_name,weather_condition(s),manner_of_crash,pedestrian,bicycle,scooter,parking,hitrun,mou
103196232,METROPOLITAN NASHVILLE POLICE DEPT,20220027062,Davidson,Nashville,1/19/2022 12:17:00 PM,2,0,0,36.167530,-86.662880,LEBANON PKE,,,,140.00,Feet,East,DONELSON PKE,,,,0.00,N,Not at Intersection, ,Non-Junction,None,,,         ,Adam,Kauffman,Cloudy,Front to Rear,no,no,no,no,no,False
103196241,METROPOLITAN NASHVILLE POLICE DEPT,20220026653,Davidson,Nashville,1/19/2022 7:15:00 AM,2,0,0,36.109660,-86.770080,I 65,,,,0.00,,,,,,,79.70,N,Not at Intersection, ,Non-Junction,None,,,         ,James,Kidd,Rain,Front to Rear,no,no,no,no,no,False
103196273,METROPOLITAN NASHVILLE POLICE DEPT,20220027055,Davidson,Nashville,1/19/2022 12:15:00 PM,2,0,0,36.153570,-86.848400,I 40,,,,0.00,,,,,,,204.50,N,Not at Intersection,N,Non-Junction,None,,,         ,Michael,Pyle,Cloudy,"Sideswipe, Same Direction",no,no,no,no,yes,False
103196276,METROPOLITAN NASHVILLE POLICE DEPT,20220027079,Davidson,Nashville,1/19/2022 12:38:00 PM,3,2,0,36.201560,-86.776580,I 65,,,,0.00,,,,,,,87.00,N,Not at Intersection,N,Non-Junction,None,,,         ,Jarret,Sonnenberg,Clear,Front to Rear,no,no,no,no,no,False
103196277,METROPOLITAN NASHVILLE POLICE DEPT,20220027139,Davidson,Nashville,1/19/2022 1:10:00 PM,1,2,0,36.173940,-86.791130,MADISON ST,,,,182.00,Feet,East,ROSA L PARKS BLVD,,,,0.00,N,Not at Intersection,N,Non-Junction,None,,,         ,Anthony,Butler,"Cloudy, Rain",Not Collision with Motor Vehicle in Transport,no,no,no,yes,no,False
103196278,METROPOLITAN NASHVILLE POLICE DEPT,20220027188,Davidson,Nashville,1/19/2022 1:30:00 PM,2,0,0,36.148710,-86.798930,BROADWAY,,,,35.00,Feet,East,DIVISION ST,,,,0.00,N,Not at Intersection,N,Non-Junction,None,,,         ,Earl,Davis,Rain,"Sideswipe, Same Direction",no,no,no,no,yes,Campus
103196286,METROPOLITAN NASHVILLE POLICE DEPT,20220027064,Davidson,Nashville,1/19/2022 12:26:00 PM,2,0,0,36.199990,-86.776320,I 65,,,,0.00,,,,,,,86.85,N,Not at Intersection, ,Non-Junction,None,,,         ,Faye,Denson,Cloudy,Angle,no,no,no,no,no,False
103196297,METROPOLITAN NASHVILLE POLICE DEPT,20220027153,Davidson,Nashville,1/19/2022 1:20:00 PM,2,0,0,36.104020,-86.715800,I 24,,,,0.00,,,,,,,54.20,N,Not at Intersection, ,Non-Junction,None,,,         ,Patrick,Martin,Cloudy,"Sideswipe, Same Direction",no,no,no,no,no,False
103196313,BERRY HILL POLICE DEPT,22-0144,Davidson,Berry Hill,1/18/2022 12:00:00 AM,2,2,0,36.112330,-86.767020,THOMPSON LN,,,,0.00,,,BRANSFORD AV,,,,0.00,Y,Four-Way,Y,Intersection,None,,,         ,John,Gleixner,Clear,Angle,no,no,no,no,no,False
103196347,METROPOLITAN NASHVILLE POLICE DEPT,20220027211,Davidson,Nashville,1/19/2022 2:30:00 PM,2,0,0,36.154630,-86.779160,LAFAYETTE ST,,,,0.00,,,8TH AVS,,,,0.00,Y,Roundabout, ,Intersection,None,,,         ,James,Hill,"Cloudy, Rain",Angle,no,no,no,no,no,False
103196348,METROPOLITAN NASHVILLE POLICE DEPT,20220027263,Davidson,Nashville,1/19/2022 2:59:00 PM,2,0,0,36.142660,-86.707760,I 40,,,,0.00,,,,,,,214.30,N,Not at Intersection, ,,None,,,         ,Douglas,Mann,,,no,no,no,no,no,False
103196352,METROPOLITAN NASHVILLE POLICE DEPT,20220027257,Davidson,Nashville,1/19/2022 12:00:00 AM,2,0,0,36.198410,-86.620260,OLD HICKORY BLVD,,,,0.00,,,LEBANON PKE,,,,0.00,Y,OTHER,N,Intersection-Related,None,,,         ,Zaire,Murray,Rain,Front to Rear,no,no,no,no,yes,False
103196356,METROPOLITAN NASHVILLE POLICE DEPT,20220027213,Davidson,Nashville,1/19/2022 2:30:00 PM,1,0,0,36.239680,-86.775440,BRILEY PKWYW,,,,316.00,Feet,North,SPEARS RD,,,,0.00,N,Not at Intersection,N,Non-Junction,None,,,         ,Seth,Wilson,"Cloudy, Rain",Not Collision with Motor Vehicle in Transport,no,no,no,no,no,False
103196363,METROPOLITAN NASHVILLE POLICE DEPT,20220027222,Davidson,Nashville,1/19/2022 2:02:00 PM,1,0,0,36.187500,-86.746740,GALLATIN AV,,,,315.00,Feet,South,GRANADA AV,,,,0.00,N,Not at Intersection, ,Non-Junction,None,,,         ,Theodore,Kenney,Rain,Not Collision with Motor Vehicle in Transport,no,no,no,no,no,False
103196380,METROPOLITAN NASHVILLE POLICE DEPT,20220027354,Davidson,Nashville,1/19/2022 3:45:00 PM,3,0,0,36.150900,-86.750430,I 40,,,,0.00,,,,,,,211.60,N,Not at Intersection,N,Non-Junction,None,,,         ,Reagan,Heath,Rain,Front to Rear,no,no,no,no,yes,False
103196383,METROPOLITAN NASHVILLE POLICE DEPT,20220027281,Davidson,Antioch,1/19/2022 7:49:00 AM,2,0,0,36.030370,-86.612540,OLD HICKORY BLVD,,,,47.00,Feet,North,LOGISTICS WAY,,,,0.00,N,Not at Intersection,N,Non-Junction,None,,,         ,Beri,Scott,Rain,Front to Rear,no,no,no,no,yes,False
103196389,METROPOLITAN NASHVILLE POLICE DEPT,20220027356,Davidson,Nashville,1/19/2022 3:54:00 PM,1,0,0,36.115770,-86.704860,BRILEY PKWYS,,,,345.00,Feet,East,BRILEY PKWYN,,,,0.00,N,Not at Intersection, ,,None,,,         ,Andrew,Brazee,,,no,no,no,no,no,False
103196397,METROPOLITAN NASHVILLE POLICE DEPT,20220027341,Davidson,Nashville,1/19/2022 3:47:00 PM,2,0,0,36.087280,-86.692570,HARDING PL,,,,120.00,Feet,West,ANTIOCH PKE,,,,0.00,N,Not at Intersection, ,Non-Junction,None,,,         ,Garrett,Reingardt,Rain,Front to Rear,no,no,no,no,no,False
103196398,METROPOLITAN NASHVILLE POLICE DEPT,20220027320,Davidson,Nashville,1/19/2022 3:30:00 PM,2,1,0,36.182320,-86.745040,STRATTON AV,,,,0.00,,,N 14TH ST,,,,0.00,Y,Four-Way,Y,Intersection,None,,,         ,Kelsey,Hemminger,Rain,Front to Rear,no,no,no,no,no,False
103196416,METROPOLITAN NASHVILLE POLICE DEPT,20220026895,Davidson,Nashville,1/13/2022 8:00:00 PM,1,0,0,36.205830,-86.781600,SCRUGGS LN,,,,385.00,Feet,South,W TRINITY LN,,,,0.00,N,Not at Intersection,N,Non-Junction,None,,,         ,Chase,Harriman,Clear,Not Collision with Motor Vehicle in Transport,no,no,no,yes,yes,False
103196419,METROPOLITAN NASHVILLE POLICE DEPT,20220027435,Davidson,Nashville,1/19/2022 4:57:00 PM,1,1,0,36.157230,-86.793040,CHURCH ST,,,,115.00,Feet,West,15TH AVN,,,,0.00,N,Not at Intersection,N,Non-Junction,None,,,         ,Samuel,Sundra,Rain,Not Collision with Motor Vehicle in Transport,no,no,no,no,no,False
103196428,METROPOLITAN NASHVILLE POLICE DEPT,20220027486,Davidson,Nashville,1/19/2022 4:52:00 PM,2,0,0,36.181980,-86.741340,STRATTON AV,,,,59.00,Feet,West,N 16TH ST,,,,0.00,N,Not at Intersection,N,Non-Junction,None,,,         ,Kelsey,Hemminger,Rain,Angle,no,no,no,no,yes,False
103196439,METROPOLITAN NASHVILLE POLICE DEPT,20220027474,Davidson,Nashville,1/19/2022 5:27:00 PM,2,1,0,36.229580,-86.736350,BROADMOOR DR,,,,467.00,Feet,East,GRAYCROFT AV,,,,0.00,N,Not at Intersection,N,Non-Junction,None,,,         ,Ralph,Gault,Rain,Angle,no,no,no,no,yes,False
103196440,METROPOLITAN NASHVILLE POLICE DEPT,20220027465,Davidson,Nashville,1/19/2022 5:19:00 PM,2,1,0,36.113820,-86.707350,BRILEY PKWYS,,,,402.00,Feet,East,BRILEY PKWYN,,,,0.00,N,Not at Intersection,N,Non-Junction,None,,,         ,Beri,Scott,Rain,Front to Rear,no,no,no,no,no,False
103196447,METROPOLITAN NASHVILLE POLICE DEPT,20220027484,Davidson,Nashville,1/19/2022 4:51:00 PM,2,1,0,36.155700,-86.806770,22ND AVN,,,,0.00,Feet,East,LESLIE AV,,,,0.00,N,Not at Intersection,N,Non-Junction,None,,,         ,Chad,Connors,Rain,Front to Rear,no,no,no,no,yes,False
103196451,METROPOLITAN NASHVILLE POLICE DEPT,20220027488,Davidson,Nashville,1/19/2022 5:38:00 PM,2,2,0,36.155010,-86.627110,STEWARTS FERRY PKE,,,,0.00,,,I40 E ENT RAMP,,,,0.00,Y,Four-Way,N,Intersection,None,,,         ,Theodore,Flick,Rain,HeadOn,no,no,no,no,no,False
103196454,METROPOLITAN NASHVILLE POLICE DEPT,20220027336,Davidson,Nashville,1/19/2022 3:40:00 PM,2,2,0,36.075110,-86.724940,NOLENSVILLE PKE,,,,19.00,Feet,North,FLORA MAXWELL RD,,,,0.00,N,Not at Intersection,N,Non-Junction,None,,,         ,John,Braxton,Rain,HeadOn,no,no,no,no,no,False
103196455,METROPOLITAN NASHVILLE POLICE DEPT,20220027444,Davidson,Nashville,1/19/2022 5:07:00 PM,2,0,0,36.135120,-86.894190,I 40,,,,0.00,,,,,,,201.45,N,Not at Intersection, ,,None,,,         ,Maria,Reynolds,,,no,no,no,no,no,False
103196459,METROPOLITAN NASHVILLE POLICE DEPT,20220027450,Davidson,Nashville,1/19/2022 5:09:00 PM,2,2,0,36.109660,-86.770050,I 65,,,,0.00,,,,,,,79.75,N,Not at Intersection,N,Non-Junction,None,,,         ,Gregory,Rdzok,"Cloudy, Rain",Front to Rear,no,no,no,no,no,False
103196461,METROPOLITAN NASHVILLE POLICE DEPT,20220027492,Davidson,Nashville,1/19/2022 5:19:00 PM,2,1,0,36.113780,-86.707390,BRILEY PKWYS,,,,403.00,Feet,East,BRILEY PKWYN,,,,0.00,N,Not at Intersection,N,Non-Junction,None,,,         ,Beri,Scott,Rain,Front to Rear,no,no,no,no,yes,False
103196463,METROPOLITAN NASHVILLE POLICE DEPT,20220027470,Davidson,Nashville,1/19/2022 4:30:00 PM,2,0,0,36.189870,-86.776220,I 24,,,,0.00,,,,,,,46.10,N,Not at Intersection,N,Non-Junction,None,,,         ,Chase,Harriman,"Cloudy, Rain",Front to Rear,no,no,no,no,no,False
103196467,METROPOLITAN NASHVILLE POLICE DEPT,20220027437,Davidson,Nashville,1/19/2022 3:25:00 PM,2,0,0,36.248100,-86.721570,DUE WEST AVW,,,,360.00,Feet,West,GALLATIN PKES,,,,0.00,N,Not at Intersection,N,Non-Junction,None,,,         ,David,Harms,Rain,Angle,no,no,no,no,no,False
103196468,METROPOLITAN NASHVILLE POLICE DEPT,20220027556,Davidson,Nashville,1/19/2022 6:40:00 PM,2,3,0,36.199490,-86.838740,CLARKSVILLE PKE,,,,66.00,Feet,North,NORTH GATE SHOPPING CTR PVTDR,,,,0.00,N,Not at Intersection,N,Non-Junction,Construction Zone,Lane Shift-Crossover,Activity Area,         ,Michael,Suagua,Rain,"Sideswipe, Same Direction",no,no,no,no,no,False
103196471,METROPOLITAN NASHVILLE POLICE DEPT,20220027520,Davidson,Nashville,1/19/2022 12:00:00 AM,2,0,0,36.189820,-86.815300,24TH AVN,,,,350.00,Feet,West,DOWLAN ST,,,,0.00,N,Not at Intersection,N,Non-Junction,None,,,         ,Scarlett,Collins,Unknown,Angle,no,no,no,no,yes,False
103196472,METROPOLITAN NASHVILLE POLICE DEPT,20220027526,Davidson,Nashville,1/19/2022 5:14:00 PM,2,0,0,36.157820,-86.791830,CHURCH ST,,,,74.00,Feet,West,14TH AVN,,,,0.00,N,Not at Intersection,N,Non-Junction,None,,,         ,Nicholas,Carroll,Rain,"Sideswipe, Same Direction",no,no,no,no,yes,False
103196480,METROPOLITAN NASHVILLE POLICE DEPT,20220027551,Davidson,Nashville,1/19/2022 6:37:00 PM,2,1,0,36.085260,-86.647850,MURFREESBORO PKE,,,,557.00,Feet,East,UNA ANTIOCH PKE,,,,0.00,N,Not at Intersection,N,Non-Junction,None,,,         ,Joshua,Zambrano-Vera,Rain,Angle,no,no,no,no,yes,False
103196481,METROPOLITAN NASHVILLE POLICE DEPT,20220027559,Davidson,Nashville,1/19/2022 6:45:00 PM,2,1,0,36.172590,-86.762800,S 6TH ST,,,,0.00,,,WOODLAND ST,,,,0.00,Y,Four-Way,N,Intersection,None,,,         ,Kevin,Clausius,Rain,Angle,no,no,no,no,no,False
103196483,METROPOLITAN NASHVILLE POLICE DEPT,20220027517,Davidson,Nashville,1/19/2022 5:42:00 PM,2,0,0,36.171430,-86.769040,JAMES ROBERTSON PKWY,,,,0.00,,,INTERSTATE DR,,,,0.00,Y,OTHER, ,Intersection,None,,,         ,Roy,Sain Jr.,Rain,"Sideswipe, Same Direction",no,no,no,no,no,False
103196486,METROPOLITAN NASHVILLE POLICE DEPT,20220027630,Davidson,Nashville,1/19/2022 6:30:00 PM,2,0,0,36.101260,-86.739370,ANTIOCH PKE,,,,0.00,,,,,,,0.00,,,N,OtherLocation,None,,,         ,Austin,Binner,Rain,"Sideswipe, Same Direction",no,no,no,yes,yes,False
103196488,METROPOLITAN NASHVILLE POLICE DEPT,20220027414,Davidson,Nashville,1/19/2022 3:25:00 PM,2,0,0,36.079970,-86.791870,TYNE BLVD,,,,0.00,,,LEALAND LN,,,,0.00,Y,Four-Way,N,Intersection,None,,,         ,Matthew,Hogan,Rain,Angle,no,no,no,no,no,False
103196497,METROPOLITAN NASHVILLE POLICE DEPT,20220027635,Davidson,Nashville,1/19/2022 7:40:00 PM,2,0,0,36.205600,-86.776570,I 65,,,,0.00,,,,,,,87.25,N,Not at Intersection, ,,None,,,         ,Chase,Harriman,,,no,no,no,no,no,False
103196517,METROPOLITAN NASHVILLE POLICE DEPT,20220027642,Davidson,Nashville,1/19/2022 7:52:00 PM,2,1,0,36.064400,-86.717190,NOLENSVILLE PKE,,,,552.00,Feet,North,FAIRLANE DR,,,,0.00,N,Not at Intersection,N,Non-Junction,None,,,         ,John,Braxton,Rain,Angle,no,no,no,yes,yes,False
103196535,METROPOLITAN NASHVILLE POLICE DEPT,20220027688,Davidson,Nashville,1/19/2022 8:37:00 PM,1,1,0,36.114830,-86.735170,WHITSETT RD,,,,54.00,Feet,South,HARTFORD DR,,,,0.00,N,Not at Intersection,N,Non-Junction,None,,,         ,Austin,Binner,Rain,Not Collision with Motor Vehicle in Transport,no,no,no,no,no,False
103196536,METROPOLITAN NASHVILLE POLICE DEPT,20220027647,Davidson,Nashville,1/19/2022 8:09:00 PM,2,0,0,36.164510,-86.781060,UNION ST,,,,0.00,,,5TH AVN,,,,0.00,Y,Four-Way, ,Intersection,None,,,         ,Russell,Freeman,Rain,Angle,no,no,no,no,no,False
103196539,METROPOLITAN NASHVILLE POLICE DEPT,20220027424,Davidson,Nashville,1/19/2022 4:48:00 PM,2,2,0,36.154900,-86.776650,6TH AVE S,,,,0.00,,,PEABODY ST,,,,0.00,Y,Four-Way,N,Intersection,None,,,         ,Russell,Freeman,Rain,Angle,no,no,no,no,no,False
103196555,METROPOLITAN NASHVILLE POLICE DEPT,20220027671,Davidson,Nashville,1/19/2022 7:35:00 PM,2,0,0,36.169880,-86.805000,JEFFERSON ST,,,,110.00,Feet,West,17TH AVN,,,,0.00,N,Not at Intersection, ,Non-Junction,None,,,         ,Lucas,Thomas,Rain,Angle,no,no,no,no,no,False
103196557,THP District 3 - Nashville,322004063,Davidson,Nashville,1/19/2022 12:30:00 PM,2,0,0,36.210300,-86.690930,BRILEY PKWYN,,,,784.00,Feet,North,BRILEY PKWYS,,,,0.00,N,Not at Intersection,N,Non-Junction,None,,,         ,Vincent,Meaker,Clear,Front to Rear,no,no,no,no,no,False
103196560,METROPOLITAN NASHVILLE POLICE DEPT,20220027587,Davidson,Nashville,1/19/2022 5:34:00 PM,2,0,0,36.151040,-86.862920,I 40,,,,0.00,,,,,,,203.65,N,Not at Intersection, ,Non-Junction,None,,,         ,Kyle,Lund,"Cloudy, Rain","Sideswipe, Same Direction",no,no,no,no,no,False
103196567,METROPOLITAN NASHVILLE POLICE DEPT,20220027430,Davidson,Nashville,1/19/2022 4:51:00 PM,2,0,0,36.143360,-86.793130,EDGEHILL AV,,,,0.00,,,16TH AVS,,,,0.00,Y,Four-Way, ,Intersection,None,,,         ,Eric,Modransky,"Cloudy, Rain",Angle,no,no,no,no,no,False
103196569,METROPOLITAN NASHVILLE POLICE DEPT,20220027516,Davidson,Not in City Limit,1/19/2022 6:00:00 PM,2,1,0,36.328800,-86.893550,I 24,,,,0.00,,,,,,,33.45,N,Not at Intersection,N,Non-Junction,None,,,         ,Keegan,Winchell,Rain,"Sideswipe, Same Direction",no,no,no,no,no,False
103196576,METROPOLITAN NASHVILLE POLICE DEPT,20220027683,Davidson,Nashville,1/19/2022 5:35:00 PM,2,0,0,36.242790,-86.780460,MASONWOOD DR,,,,0.00,,,BRICK CHURCH PKE,,,,0.00,Y,T-Intersection,N,Intersection,None,,,         ,Zachariah,Souza,Rain,Angle,no,no,no,no,yes,False
103196578,METROPOLITAN NASHVILLE POLICE DEPT,20220027524,Davidson,Lakewood,1/19/2022 6:10:00 PM,2,1,0,36.239020,-86.630340,OLD HICKORY BLVD,,,,130.00,Feet,West,LAKESHORE DR,,,,0.00,N,Not at Intersection,N,Non-Junction,None,,,         ,Cheri,Cox,Rain,"Sideswipe, Same Direction",no,no,no,no,no,False
103196581,METROPOLITAN NASHVILLE POLICE DEPT,20220027736,Davidson,Nashville,1/19/2022 8:55:00 PM,2,0,0,36.096620,-86.737910,NOLENSVILLE PKE,,,,184.00,Feet,North,ALLIED DR,,,,0.00,N,Not at Intersection,N,Non-Junction,None,,,         ,Mitchell,Cook,Rain,Front to Rear,no,no,no,no,no,False
103196585,METROPOLITAN NASHVILLE POLICE DEPT,20220027611,Davidson,Nashville,1/19/2022 7:26:00 PM,2,0,0,36.206050,-86.776530,I 65,,,,0.00,,,,,,,87.25,N,Not at Intersection,N,Non-Junction,None,,,         ,Matthew,Jorgensen,Rain,Angle,no,no,no,no,yes,False
103196600,METROPOLITAN NASHVILLE POLICE DEPT,20220027769,Davidson,Nashville,1/19/2022 9:40:00 PM,1,0,0,36.141670,-86.673340,I 40,,,,0.00,,,,,,,216.20,N,Not at Intersection,N,Non-Junction,None,,,         ,Joshua,Zambrano-Vera,Rain,Not Collision with Motor Vehicle in Transport,no,no,no,no,no,False
103196601,METROPOLITAN NASHVILLE POLICE DEPT,20220027772,Davidson,Goodlettsville,1/19/2022 12:00:00 AM,1,1,0,36.301260,-86.693070,THE GALLERY AT RIVERGATE PVTDR,,,,178.00,Feet,South,SHEPHERD HILLS DR,,,,0.00,N,Not at Intersection,N,Non-Junction,None,,,         ,Wesley,Carver,"Sleet/Hail, Freezing Rain ",Not Collision with Motor Vehicle in Transport,no,no,no,yes,no,False
103196607,METROPOLITAN NASHVILLE POLICE DEPT,20220027695,Davidson,Nashville,1/19/2022 9:06:00 PM,2,0,0,36.079370,-86.632560,EDGE O LAKE DR,,,,0.00,,,BELL RD,,,,0.00,Y,Four-Way, ,Intersection,None,,,         ,Phillip,Burke,Rain,Angle,no,no,no,no,no,False
103196611,METROPOLITAN NASHVILLE POLICE DEPT,20220027739,Davidson,Nashville,1/19/2022 9:15:00 PM,1,1,0,36.206350,-86.791000,BAPTIST WORLD CENTER DR,,,,134.00,Feet,South,YOUNGS LN,,,,0.00,N,Not at Intersection,N,Non-Junction,None,,,         ,Chase,Harriman,"Cloudy, Rain",Not Collision with Motor Vehicle in Transport,no,no,no,no,no,False
103196614,METROPOLITAN NASHVILLE POLICE DEPT,20220027654,Davidson,Nashville,1/19/2022 7:55:00 PM,2,0,0,36.077293,-86.945505,7600 SAWYER BROWN ROAD,,,,50.00,Feet,North,HIGHWAY 70 SOUTH,,,,0.00,N,Not at Intersection,N,OtherLocation,None,,,         ,Jeremy,Huffine,Rain,Front to Rear,no,no,no,yes,yes,False
103196615,METROPOLITAN NASHVILLE POLICE DEPT,20220027701,Davidson,Not in City Limit,1/19/2022 7:50:00 PM,2,0,0,36.076890,-86.945220,HIGHWAY 70S,,,,0.00,,,SAWYER BROWN RD,,,,0.00,Y,Four-Way,N,Intersection,None,,,         ,Michael,Sipos,Rain,Front to Rear,no,no,no,no,yes,False
103196621,METROPOLITAN NASHVILLE POLICE DEPT,20220027776,Davidson,Nashville,1/19/2022 7:00:00 PM,2,0,0,36.156950,-86.831970,CLIFTON AV,,,,125.00,Feet,West,BOYD TAYLOR PARK PVTDR,,,,0.00,N,Not at Intersection,N,Non-Junction,None,,,         ,Anna,Clayton,Rain,Other,no,no,no,yes,yes,False
103196625,METROPOLITAN NASHVILLE POLICE DEPT,20220027847,Davidson,Not in City Limit,1/19/2022 6:54:00 PM,1,0,0,36.282970,-86.838100,WHITES CREEK PKE,,,,987.00,Feet,South,TRANHAM RD,,,,0.00,N,Not at Intersection,N,Non-Junction,None,,,         ,Sean,Herman,Rain,Not Collision with Motor Vehicle in Transport,no,no,no,no,yes,False
103196626,METROPOLITAN NASHVILLE POLICE DEPT,20220027767,Davidson,Nashville,1/19/2022 5:45:00 PM,2,0,0,36.046850,-86.679410,BELL RD,,,,0.00,Feet,,BRITTANY PARK DR,,,,0.00,Y,Four-Way, ,Intersection,None,,,         ,Garrett,Latham,Rain,Angle,no,no,no,no,no,False
103196627,METROPOLITAN NASHVILLE POLICE DEPT,20220027821,Davidson,Nashville,1/19/2022 10:33:00 PM,2,0,0,36.151580,-86.857730,WHITE BRIDGE PKE,,,,46.00,Feet,North,I40 E ENT RAMP,,,,0.00,N,Not at Intersection,N,Entrance/Exit Ramp Related,None,,,         ,Blake,Curry,Rain,Angle,no,no,no,no,no,False
103196628,METROPOLITAN NASHVILLE POLICE DEPT,20220027824,Davidson,Nashville,1/16/2022 12:10:00 AM,2,0,0,36.156010,-86.788850,13TH AVS,,,,0.00,,,GEORGE L DAVIS BLVD,,,,0.00,Y,Four-Way,Y,Intersection,None,,,         ,Michael,Hodges,Freezing Rain ,Front to Rear,no,no,no,no,yes,False
103196630,METROPOLITAN NASHVILLE POLICE DEPT,20220027827,Davidson,Nashville,1/19/2022 10:45:00 PM,1,0,0,36.084382,-86.612846,CASTLEGATE,DR,,,30.00,Feet,West,HOLDER,DR,,,0.00,N,Not at Intersection,N,Non-Junction,None,,,         ,Samuel,Fredericks,Rain,Not Collision with Motor Vehicle in Transport,no,no,no,no,no,False
103196634,METROPOLITAN NASHVILLE POLICE DEPT,20220027916,Davidson,Nashville,1/19/2022 11:50:00 PM,1,0,0,36.239810,-86.773280,BRILEY PKWYW,,,,69.00,Feet,West,BRILEY PKWYE,,,,0.00,N,Not at Intersection,N,Non-Junction,None,,,         ,DuJuan,Kendrick,Sleet/Hail,Not Collision with Motor Vehicle in Transport,no,no,no,no,no,False
103196652,METROPOLITAN NASHVILLE POLICE DEPT,20220026125,Davidson,Nashville,1/18/2022 10:50:00 PM,2,0,0,36.057430,-86.676940,I 24,,,,0.00,,,,,,,58.10,N,Not at Intersection, ,Non-Junction,None,,,         ,Antoine,Maghamez,Clear,Front to Rear,no,no,no,no,no,False
103196654,METROPOLITAN NASHVILLE POLICE DEPT,20220028143,Davidson,Madison,1/20/2022 2:49:00 AM,2,0,0,36.258930,-86.717340,MADISON ST,,,,337.00,Feet,West,DOUGLAS ST,,,,0.00,N,Not at Intersection, ,Non-Junction,None,,,         ,Derrick,Toney,Clear,"Sideswipe, Opposite Direction",no,no,no,yes,no,False
103196670,METROPOLITAN NASHVILLE POLICE DEPT,20220028166,Davidson,Nashville,1/20/2022 3:58:00 AM,2,1,0,36.235300,-86.712760,BRILEY PKWYW,,,,682.00,Feet,West,PENNINGTON BEND RD,,,,0.00,N,Not at Intersection,N,Non-Junction,None,,,         ,Zachary,Lang,Cloudy,Front to Rear,no,no,no,no,no,False
103196675,METROPOLITAN NASHVILLE POLICE DEPT,20220028263,Davidson,Nashville,1/20/2022 5:45:00 AM,2,1,0,36.051510,-86.714360,OCALA DR,,,,0.00,,,NOLENSVILLE PKE,,,,0.00,Y,Four-Way,N,Intersection,None,,,         ,Bryan,Malone,Clear,Angle,no,no,no,no,yes,False
103196703,METROPOLITAN NASHVILLE POLICE DEPT,20220028368,Davidson,Nashville,1/20/2022 7:29:00 AM,2,0,0,36.046920,-86.662010,I 24,,,,0.00,,,,,,,59.20,N,Not at Intersection,N,Non-Junction,None,,,         ,Stanley,Collins,Cloudy,"Sideswipe, Same Direction",no,no,no,no,yes,False
103196730,METROPOLITAN NASHVILLE POLICE DEPT,20220028343,Davidson,Nashville,1/20/2022 7:10:00 AM,3,1,0,36.167600,-86.762220,S 5TH ST,,,,0.00,,,SHELBY AV,,,,0.00,Y,Four-Way,N,Intersection,None,,,         ,Dylan,Chambers,Cloudy,Angle,no,no,no,no,no,False
103196737,METROPOLITAN NASHVILLE POLICE DEPT,20220028461,Davidson,Nashville,1/20/2022 12:00:00 AM,2,1,0,36.097100,-86.763400,I 65,,,,0.00,,,,,,,78.85,N,Not at Intersection,N,Non-Junction,None,,,         ,Sekou,Samassi,Freezing Rain ,"Sideswipe, Same Direction",no,no,no,no,no,False
103196750,METROPOLITAN NASHVILLE POLICE DEPT,20220028541,Davidson,Not in City Limit,1/20/2022 9:38:00 AM,1,0,0,36.323760,-86.763090,DRY CREEK RD,,,,1734.00,Feet,East,BRICK CHURCH PKE,,,,0.00,N,Not at Intersection, ,Non-Junction,None,,,         ,Christopher,Littles,Cloudy,Not Collision with Motor Vehicle in Transport,no,no,no,no,no,False
103196751,METROPOLITAN NASHVILLE POLICE DEPT,20220028529,Davidson,Not in City Limit,1/20/2022 9:24:00 AM,1,1,0,36.330780,-86.771510,UNION HILL RD,,,,2077.00,Feet,North,DRY CREEK RD,,,,0.00,N,Not at Intersection,N,Non-Junction,None,,,         ,Christopher,Littles,Cloudy,Not Collision with Motor Vehicle in Transport,no,no,no,yes,no,False
103196770,METROPOLITAN NASHVILLE POLICE DEPT,20220028538,Davidson,Nashville,1/20/2022 9:33:00 AM,2,0,0,36.206080,-86.771100,W TRINITY LN,,,,0.00,,,LUCAS LN,,,,0.00,Y,T-Intersection, ,Non-Junction,None,,,         ,Jarret,Sonnenberg,Clear,"Sideswipe, Same Direction",no,no,no,no,no,False
103196779,METROPOLITAN NASHVILLE POLICE DEPT,20220028503,Davidson,Nashville,1/20/2022 8:45:00 AM,1,0,0,36.179410,-86.773810,I24 EAST,,,,0.00,,East,,,,,46.70,N,Not at Intersection, ,Non-Junction,None,,,         ,Rico,Hunt,Clear,Not Collision with Motor Vehicle in Transport,no,no,no,no,no,False
103196780,METROPOLITAN NASHVILLE POLICE DEPT,20220028612,Davidson,Nashville,1/19/2022 12:00:00 AM,1,1,0,36.191160,-86.796130,VANTAGE WAY,,,,400.00,Feet,East,FRENCH LANDING DR,,,,0.00,N,Not at Intersection,N,Non-Junction,Unknown,,,         ,Earl,Davis,Unknown,Not Collision with Motor Vehicle in Transport,yes,no,no,yes,no,False