master_record_number,agency,agency_tracking_number,county,city,collision_date,vehicles_involved,number_injured,number_dead,latitude,longitude,roadway_name,roadway_suffix,roadway_number,roadway_local_id,distance_from_reference,miles-feet_indicator,direction_from_reference,intersection_road_name,intersection_road_name_suffix,intersection_road_number,intersection_local_id,mile_marker,intersection_indicator,intersect_type,interchange_related_indicator,relation_to_junction,work_zone_type,construction_maintenance_zone,construction_maintenance_zone_location,fatal_case_number,officer_first_name,officer_last_name,weather_condition(s),manner_of_crash,pedestrian,bicycle,scooter,parking,hitrun,mou
103196814,METROPOLITAN NASHVILLE POLICE DEPT,20220028698,Davidson,Nashville,1/20/2022 11:55:00 AM,2,1,0,36.243790,-86.780370,BRICK CHURCH PKE,,,,154.00,Feet,South,BRICK CHURCH LN,,,,0.00,N,Not at Intersection,N,Non-Junction,None,,,         ,Christopher,Littles,Cloudy,Front to Rear,no,no,no,no,no,False
103196841,METROPOLITAN NASHVILLE POLICE DEPT,20220028654,Davidson,Nashville,1/20/2022 10:50:00 AM,2,0,0,36.121720,-86.750760,I440 E EXT RAMP,,,,0.00,Feet,East,I 440,,,,0.00,N,Not at Intersection, ,Entrance/Exit Ramp Related,None,,,         ,Todd,Watson,Cloudy,Front to Rear,no,no,no,no,no,False
103196859,METROPOLITAN NASHVILLE POLICE DEPT,20220028764,Davidson,Nashville,1/20/2022 12:45:00 PM,2,1,0,36.069380,-86.687510,I24 W EXT RAMP,,,,0.00,,,I 24,,,,0.00,Y,T-Intersection,Y,Intersection,None,,,         ,Thomas,White,Clear,Angle,no,no,no,no,no,False
103196860,METROPOLITAN NASHVILLE POLICE DEPT,20220028724,Davidson,Nashville,1/20/2022 12:00:00 AM,2,0,0,36.180590,-86.774270,I 24,,,,0.00,,,,,,,47.65,N,Not at Intersection,N,Non-Junction,None,,,         ,Matthew,Herod,Cloudy,"Sideswipe, Same Direction",no,no,no,no,no,False
103196868,METROPOLITAN NASHVILLE POLICE DEPT,20220028682,Davidson,Nashville,1/20/2022 11:42:00 AM,2,0,0,36.202290,-86.776850,I 65,,,,0.00,,,,,,,87.00,N,Not at Intersection,N,Non-Junction,None,,,         ,James,Wray,Cloudy,"Sideswipe, Same Direction",no,no,no,no,yes,False
103196877,METROPOLITAN NASHVILLE POLICE DEPT,20220028731,Davidson,Nashville,1/20/2022 12:00:00 PM,2,0,0,36.169980,-86.807730,I 40,,,,0.00,,,,,,,207.20,N,Not at Intersection,N,Non-Junction,None,,,         ,Kaitlyn,Qualls,Clear,Front to Rear,no,no,no,no,no,False
103196883,METROPOLITAN NASHVILLE POLICE DEPT,20220028757,Davidson,Nashville,1/20/2022 12:42:00 PM,1,0,0,36.242090,-86.749800,I 65,,,,0.00,,,,,,,90.45,N,Not at Intersection, ,Non-Junction,None,,,         ,Rico,Hunt,Clear,Not Collision with Motor Vehicle in Transport,no,no,no,no,no,False
103196912,METROPOLITAN NASHVILLE POLICE DEPT,20220028797,Davidson,Nashville,1/20/2022 1:13:00 PM,2,0,0,36.052430,-86.673160,BLUE HOLE RD,,,,67.00,Feet,South,TUSCULUM RD,,,,0.00,N,Not at Intersection, ,Non-Junction,None,,,         ,Tyler,Heckaman,Cloudy,Front to Rear,no,no,no,no,no,False
103196946,METROPOLITAN NASHVILLE POLICE DEPT,20220028849,Davidson,Nashville,1/20/2022 1:56:00 PM,2,0,0,36.185050,-86.744320,N 14TH ST,,,,0.00,,,SEYMOUR AV,,,,0.00,Y,Four-Way, ,Intersection,None,,,         ,Michael,Agee,Cloudy,Angle,no,no,no,no,no,False
103196972,METROPOLITAN NASHVILLE POLICE DEPT,20220028938,Davidson,Nashville,1/20/2022 12:00:00 AM,2,0,0,36.178350,-86.798540,9TH AVN,,,,0.00,,,GARFIELD ST,,,,0.00,Y,T-Intersection, ,Intersection-Related,None,,,         ,Ron,Longino,Unknown,Unknown,no,no,no,no,yes,False
103196990,METROPOLITAN NASHVILLE POLICE DEPT,20220028871,Davidson,Nashville,1/20/2022 2:20:00 PM,2,0,0,36.153930,-86.857490,ROBERTSON AV,,,,0.00,,,BRILEY PKWYS,,,,0.00,Y,Four-Way,N,Intersection,None,,,         ,Michael,Sipos,Cloudy,Angle,no,no,no,no,no,False
103197018,METROPOLITAN NASHVILLE POLICE DEPT,20220029003,Davidson,Nashville,1/20/2022 12:00:00 AM,2,0,0,36.153270,-86.769560,2ND AVS,,,,0.00,,,ASH ST,,,,0.00,Y,T-Intersection,Y,Intersection,None,,,         ,Trevor,Taylor,Cloudy,"Sideswipe, Same Direction",no,no,no,no,no,False
103197026,METROPOLITAN NASHVILLE POLICE DEPT,20220029060,Davidson,Nashville,1/20/2022 4:39:00 PM,2,0,0,36.142210,-86.666610,DONELSON PKE,,,,4.00,Feet,North,I40 W EXT RAMP,,,,0.00,N,Not at Intersection, ,Non-Junction,None,,,         ,Brandon,Chapman,Clear,Front to Rear,no,no,no,no,no,False
103197032,METROPOLITAN NASHVILLE POLICE DEPT,20220029039,Davidson,Nashville,1/20/2022 2:54:00 PM,2,0,0,36.134920,-86.704780,MASSMAN DR,,,,0.00,,,PATRICIA DR,,,,0.00,Y,T-Intersection,N,Intersection,None,,,         ,Phillip,Burke,Clear,Angle,no,no,no,no,no,False
103197047,METROPOLITAN NASHVILLE POLICE DEPT,20220029070,Davidson,Nashville,1/20/2022 4:44:00 PM,2,2,0,36.181960,-86.799500,I65 N EXT RAMP,,,,0.00,Feet,East,I 65,,,,0.00,N,Not at Intersection,N,Non-Junction,None,,,         ,Mary,Hall,Clear,Front to Rear,no,no,no,no,no,False
103197049,METROPOLITAN NASHVILLE POLICE DEPT,20220029117,Davidson,Nashville,1/20/2022 5:30:00 PM,2,0,0,36.164920,-86.794790,CLINTON ST,,,,19.00,Feet,East,12TH AVN,,,,0.00,N,Not at Intersection, ,Non-Junction,None,,,         ,Lucas,Thomas,Clear,Angle,no,no,no,no,no,False
103197050,METROPOLITAN NASHVILLE POLICE DEPT,20220029103,Davidson,Nashville,1/20/2022 5:00:00 PM,2,1,0,36.134460,-86.788910,12TH AVS,,,,0.00,Feet,East,ACKLEN AV,,,,0.00,N,Not at Intersection,N,Non-Junction,None,,,         ,Goran,Manojlovic,Clear,Angle,no,no,no,no,no,False
103197053,METROPOLITAN NASHVILLE POLICE DEPT,20220029144,Davidson,Not in City Limit,1/20/2022 5:24:00 PM,2,0,0,36.264990,-86.690160,MYATT DR,,,,333.00,Feet,North,STATE RT 45,,,,0.00,N,Not at Intersection, ,Non-Junction,None,,,         ,Dillon,Deleacaes,Clear,Front to Rear,no,no,no,no,no,False
103197064,METROPOLITAN NASHVILLE POLICE DEPT,20220029138,Davidson,Nashville,1/20/2022 12:00:00 AM,2,1,0,36.141240,-86.814470,31ST AVS,,,,0.00,,,VANDERBILT PL,,,,0.00,Y,Four-Way,N,Intersection,None,,,         ,Alex,Gibson,Clear,Angle,no,no,no,no,no,Campus
103197065,METROPOLITAN NASHVILLE POLICE DEPT,20220029130,Davidson,Nashville,1/20/2022 5:35:00 PM,2,2,0,36.206720,-86.779600,W TRINITY LN,,,,345.00,Feet,West,HAMPTON ST,,,,0.00,N,Not at Intersection,N,Non-Junction,None,,,         ,Michael,Suagua,Clear,Front to Rear,no,no,no,no,no,False
103197066,METROPOLITAN NASHVILLE POLICE DEPT,20220029127,Davidson,Nashville,1/20/2022 5:21:00 PM,2,0,0,36.199780,-86.770100,DICKERSON PKE,,,,158.00,Feet,South,GATEWOOD AV,,,,0.00,N,Not at Intersection,N,Non-Junction,None,,,         ,Tyler,Lewis,Clear,Not Collision with Motor Vehicle in Transport,no,no,no,no,no,False
103197072,METROPOLITAN NASHVILLE POLICE DEPT,20220029178,Davidson,Nashville,1/20/2022 6:10:00 PM,2,0,0,36.083400,-86.698510,I 24,,,,0.00,,,,,,,55.90,N,Not at Intersection, ,Non-Junction,None,,,         ,John,Braxton,Clear,Front to Rear,no,no,no,no,no,False
103197086,METROPOLITAN NASHVILLE POLICE DEPT,20220029190,Davidson,Nashville,1/20/2022 5:23:00 PM,3,0,0,36.037290,-86.788990,OLD HICKORY BLVD,,,,592.00,Feet,East,EAST PARK DR,,,,0.00,N,Not at Intersection,N,Non-Junction,None,,,         ,Douglas,Sykes,Clear,Front to Rear,no,no,no,no,no,False
103197087,METROPOLITAN NASHVILLE POLICE DEPT,20220029113,Davidson,Nashville,1/20/2022 5:27:00 PM,4,0,0,36.092100,-86.762360,I 65,,,,0.00,,,,,,,78.50,N,Not at Intersection, ,Non-Junction,None,,,         ,Gregory,Rdzok,Cloudy,Front to Rear,no,no,no,no,no,False
103197124,METROPOLITAN NASHVILLE POLICE DEPT,20220029254,Davidson,Antioch,1/20/2022 7:22:00 PM,1,0,0,35.975290,-86.645180,KIDD RD,,,,175.00,Feet,East,BATTLE RD,,,,0.00,N,Not at Intersection,N,Non-Junction,None,,,         ,Gabriel,Hamilton,Other,Not Collision with Motor Vehicle in Transport,no,no,no,no,no,False
103197131,METROPOLITAN NASHVILLE POLICE DEPT,20220029276,Davidson,Nashville,1/20/2022 7:35:00 PM,2,0,0,36.055010,-86.636550,HAMILTON CHURCH RD,,,,29.00,Feet,North,ZELIDA AV,,,,0.00,N,Not at Intersection,N,Non-Junction,None,,,         ,Nathaniel,Myers,Clear,Angle,no,no,no,no,no,False
103197144,METROPOLITAN NASHVILLE POLICE DEPT,20220029115,Davidson,Nashville,1/20/2022 12:00:00 AM,6,1,0,36.140450,-86.886940,I 40,,,,0.00,,,,,,,202.00,N,Not at Intersection,N,Non-Junction,None,,,         ,Maria,Reynolds,Clear,Front to Rear,no,no,no,no,no,False
103197179,METROPOLITAN NASHVILLE POLICE DEPT,20220029327,Davidson,Nashville,1/20/2022 6:48:00 PM,2,0,0,36.089300,-86.702730,I 24,,,,0.00,,,,,,,55.45,N,Not at Intersection,N,Non-Junction,None,,,         ,Steven,Begley,Clear,Front to Rear,no,no,no,no,no,False
103197180,METROPOLITAN NASHVILLE POLICE DEPT,20220029203,Davidson,Nashville,1/20/2022 5:26:00 PM,2,0,0,36.147890,-86.636150,BLACKWOOD DR,,,,169.00,Feet,North,FITZPATRICK RD,,,,0.00,N,Not at Intersection,N,Non-Junction,None,,,         ,William,Boler,Clear,"Sideswipe, Same Direction",no,no,no,no,yes,False
103197184,METROPOLITAN NASHVILLE POLICE DEPT,20220029330,Davidson,Nashville,1/20/2022 8:38:00 PM,1,0,0,36.204880,-86.761250,LISCHEY AV,,,,178.00,Feet,South,E TRINITY LN,,,,0.00,N,Not at Intersection,N,Non-Junction,None,,,         ,Tyler,Lewis,Clear,Not Collision with Motor Vehicle in Transport,no,no,no,no,yes,False
103197191,METROPOLITAN NASHVILLE POLICE DEPT,20220029426,Davidson,Nashville,1/20/2022 10:14:00 PM,1,1,0,36.054920,-86.636670,ZELIDA AV,,,,32.00,Feet,West,HAMILTON CHURCH RD,,,,0.00,N,Not at Intersection,N,Non-Junction,None,,,         ,Gabriel,Hamilton,Other,Not Collision with Motor Vehicle in Transport,no,no,no,no,no,False
103197200,METROPOLITAN NASHVILLE POLICE DEPT,20220029318,Davidson,Nashville,1/20/2022 8:34:00 PM,2,0,0,36.195190,-86.739700,CHESTER AV,,,,65.00,Feet,East,CHAPEL AV,,,,0.00,N,Not at Intersection,N,Non-Junction,None,,,         ,Zachary,Aldrich,Clear,HeadOn,no,no,no,no,yes,False
103197226,METROPOLITAN NASHVILLE POLICE DEPT,20220029484,Davidson,Nashville,1/20/2022 11:03:00 PM,1,0,0,36.240430,-86.749510,I65 S EXT RAMP,,,,0.00,,,BRILEY PKWYE,,,,0.00,Y,OTHER,N,Entrance/Exit Ramp Related,None,,,         ,Zachary,Cooper,Clear,Not Collision with Motor Vehicle in Transport,no,no,no,no,yes,False
103197232,METROPOLITAN NASHVILLE POLICE DEPT,20220029572,Davidson,Not in City Limit,1/21/2022 12:12:00 AM,1,0,0,36.282510,-86.805670,I 24,,,,0.00,,,,,,,40.00,N,Not at Intersection,N,Non-Junction,None,,,         ,Sean,Herman,Clear,Not Collision with Motor Vehicle in Transport,no,no,no,no,no,False
103197233,METROPOLITAN NASHVILLE POLICE DEPT,20220029446,Davidson,Nashville,1/20/2022 7:11:00 PM,1,0,0,36.217290,-86.624200,OLD HICKORY BLVD,,,,275.00,Feet,West,GRANWOOD BLVD,,,,0.00,N,Not at Intersection,N,Non-Junction,None,,,         ,Scott,Edwards,Clear,Not Collision with Motor Vehicle in Transport,no,no,no,yes,yes,False
103197234,METROPOLITAN NASHVILLE POLICE DEPT,20220029553,Davidson,Nashville,1/20/2022 12:00:00 AM,1,0,0,36.054160,-86.652910,RURAL HILL RD,,,,703.00,Feet,North,WILLOW POINTE PVTDR,,,,0.00,N,Not at Intersection,N,Non-Junction,None,,,         ,Dylan,Ramos,Clear,Unknown,no,no,no,no,yes,False
103197239,METROPOLITAN NASHVILLE POLICE DEPT,20220029646,Davidson,Not in City Limit,1/21/2022 1:19:00 AM,1,0,0,36.282510,-86.805670,I 24,,,,0.00,,,,,,,40.00,N,Not at Intersection,N,Non-Junction,None,,,         ,Sean,Herman,Clear,Not Collision with Motor Vehicle in Transport,no,no,no,no,no,False
103197255,METROPOLITAN NASHVILLE POLICE DEPT,20220029531,Davidson,Madison,1/20/2022 11:34:00 PM,2,0,0,36.235180,-86.713660,BRILEY PKWYW,,,,424.00,Feet,East,BRUSH HILL RD,,,,0.00,N,Not at Intersection,N,Non-Junction,None,,,         ,Reuben,Hewit,Clear,Front to Rear,no,no,no,no,no,False
103197256,METROPOLITAN NASHVILLE POLICE DEPT,20220029663,Davidson,Nashville,1/21/2022 12:40:00 AM,2,0,0,36.158620,-86.782750,BROADWAY,,,,0.00,Feet,East,9TH AVN,,,,0.00,N,Not at Intersection,N,Non-Junction,None,,,         ,Brenton,Adcox,Clear,Unknown,no,no,no,no,yes,False
103197265,METROPOLITAN NASHVILLE POLICE DEPT,20220029641,Davidson,Nashville,1/21/2022 1:13:00 AM,2,1,0,36.187990,-86.821560,ED TEMPLE BLVD,,,,0.00,Feet,East,ROSA L PARKS BLVD,,,,0.00,N,Not at Intersection,N,Non-Junction,None,,,         ,Brian,DeMarce,Clear,Angle,no,no,no,no,yes,False
103197274,METROPOLITAN NASHVILLE POLICE DEPT,20220029494,Davidson,Nashville,1/20/2022 7:45:00 PM,2,0,0,36.149860,-86.871730,I 40,,,,0.00,,,,,,,203.10,N,Not at Intersection,N,Non-Junction,None,,,         ,Lynsey,Fish,Cloudy,"Sideswipe, Same Direction",no,no,no,no,yes,False
103197284,METROPOLITAN NASHVILLE POLICE DEPT,20220029570,Davidson,Nashville,1/21/2022 12:10:00 AM,2,1,0,36.187990,-86.821560,ED TEMPLE BLVD,,,,0.00,,,ROSA L PARKS BLVD,,,,0.00,Y,Four-Way,N,Intersection,None,,,         ,Martin,Brown,Clear,Angle,no,no,no,no,no,False
103197309,BERRY HILL POLICE DEPT,22-0158,Davidson,Berry Hill,1/20/2022 1:45:00 PM,2,0,0,36.120090,-86.775010,FRANKLIN PKE,,,,0.00,,,GALE LN,,,,0.00,Y,T-Intersection, ,Intersection,None,,,         ,Larry,Carter,Cloudy,Angle,no,no,no,no,yes,False
103197331,METROPOLITAN NASHVILLE POLICE DEPT,20220029992,Davidson,Goodlettsville,1/21/2022 6:53:00 AM,2,0,0,36.297380,-86.698790,GALLATIN PKEN,,,,200.00,Feet,North,RIVERGATE PKWY,,,,0.00,N,Not at Intersection, ,Non-Junction,None,,,         ,Christopher,Littles,Clear,Front to Rear,no,no,no,no,no,False
103197335,METROPOLITAN NASHVILLE POLICE DEPT,20220030017,Davidson,Nashville,1/21/2022 7:22:00 AM,2,1,0,36.112420,-86.794610,WOODMONT BLVD,,,,0.00,,,NOELTON AV,,,,0.00,Y,T-Intersection,N,Intersection,None,,,         ,Earl,Davis,Clear,Front to Rear,no,no,no,no,no,False
103197349,METROPOLITAN NASHVILLE POLICE DEPT,20220030058,Davidson,Nashville,1/21/2022 7:51:00 AM,2,0,0,36.243890,-86.756580,SKYLINE MEMORIAL CT,,,,0.00,,,DICKERSON PKE,,,,0.00,Y,Four-Way, ,Intersection,None,,,         ,Christopher,Littles,Clear,HeadOn,no,no,no,no,no,False
103197350,METROPOLITAN NASHVILLE POLICE DEPT,20220029962,Davidson,Not in City Limit,1/21/2022 7:15:00 AM,1,0,0,36.027500,-87.011460,OLD HARDING LN,,,,61.00,Feet,North,HIGHWAY 100,,,,0.00,N,Not at Intersection,N,Non-Junction,None,,,         ,Wesley,Tilley,Clear,Not Collision with Motor Vehicle in Transport,no,no,no,no,no,False
103197356,GOODLETTSVILLE POLICE DEPT,22-02038,Davidson,Goodlettsville,1/21/2022 6:15:00 AM,2,0,0,36.323300,-86.706920,LONG HOLLOW PKE,,,,128.00,Feet,West,I65 S EXT RAMP,,,,0.00,N,Not at Intersection,N,Non-Junction,None,,,         ,George,Henry,Clear,Angle,no,no,no,no,no,False
103197364,METROPOLITAN NASHVILLE POLICE DEPT,20220030083,Davidson,Nashville,1/21/2022 8:00:00 AM,2,0,0,36.243260,-86.756720,DICKERSON PKE,,,,234.00,Feet,South,SKYLINE MEMORIAL CT,,,,0.00,N,Not at Intersection,N,Non-Junction,None,,,         ,Matthew,Cammarn,Clear,Front to Rear,no,no,no,no,no,False
103197369,METROPOLITAN NASHVILLE POLICE DEPT,20220030041,Davidson,Nashville,1/21/2022 7:35:00 AM,3,0,0,36.032940,-86.640980,I 24,,,,0.00,,,,,,,60.75,N,Not at Intersection,N,Non-Junction,None,,,         ,Lee,Davis,Clear,Front to Rear,no,no,no,no,no,False
103197385,METROPOLITAN NASHVILLE POLICE DEPT,20220030056,Davidson,Not in City Limit,1/21/2022 7:24:00 AM,2,1,0,36.027330,-87.011460,HIGHWAY 100,,,,16.00,Feet,West,OLD HARDING LN,,,,0.00,N,Not at Intersection,N,Non-Junction,None,,,         ,Robert,Allen,Clear,Unknown,no,no,no,no,no,False
103197391,VANDERBILT UNIVERSITY POLICE,2022-0030214,Davidson,Nashville,1/21/2022 9:26:00 AM,2,0,0,36.142170,-86.800560,21ST AVS,,,,0.00,,,,,,,0.00,,, ,Non-Junction,None,,,         ,Donald,McCormick,Clear,Front to Rear,no,no,no,yes,no,Campus
103197400,METROPOLITAN NASHVILLE POLICE DEPT,20220030129,Davidson,Nashville,1/21/2022 8:45:00 AM,2,0,0,36.212420,-86.775730,I 65,,,,0.00,,,,,,,87.75,N,Not at Intersection,N,Non-Junction,None,,,         ,Malik,Burriss,Clear,Front to Rear,no,no,no,no,no,False
103197417,THP District 3 - Nashville,322004483,Davidson,Nashville,1/21/2022 8:59:00 AM,2,0,0,36.106210,-86.673060,MURFREESBORO PKE,,,,0.00,,,DONELSON PKE,,,,0.00,Y,Four-Way, ,Intersection-Related,None,,,         ,Alexander,Campbell,Clear,Front to Rear,no,no,no,no,no,False
103197418,METROPOLITAN NASHVILLE POLICE DEPT,20220030071,Davidson,Nashville,1/21/2022 7:25:00 AM,2,0,0,36.150010,-86.777640,7TH AVS,,,,76.00,Feet,North,DIVISION ST,,,,0.00,N,Not at Intersection, ,Non-Junction,None,,,         ,Michael,Robinson,Clear,Front to Rear,no,no,no,no,no,False
103197423,METROPOLITAN NASHVILLE POLICE DEPT,20220030221,Davidson,Nashville,1/21/2022 9:45:00 AM,2,0,0,36.146720,-86.743760,FESSLERS LN,,,,0.00,,,RUNDLE AV,,,,0.00,Y,T-Intersection,N,Intersection,None,,,         ,Eric,Cunningham,Clear,Angle,no,no,no,no,no,False
103197428,METROPOLITAN NASHVILLE POLICE DEPT,20220030241,Davidson,Nashville,1/21/2022 10:00:00 AM,1,1,0,36.133770,-86.801250,21ST AVS,,,,148.00,Feet,South,MAGNOLIA BLVD,,,,0.00,N,Not at Intersection,N,Non-Junction,None,,,         ,Nicholas,Smith,Clear,Not Collision with Motor Vehicle in Transport,no,no,no,no,no,False
103197441,METROPOLITAN NASHVILLE POLICE DEPT,20220030279,Davidson,Not in City Limit,1/21/2022 10:00:00 AM,2,0,0,36.076370,-86.943490,HIGHWAY 70S,,,,149.00,Feet,West,CARRIAGE DR,,,,0.00,N,Not at Intersection,N,Non-Junction,None,,,         ,Wesley,Tilley,Clear,Angle,no,no,no,yes,yes,False
103197444,METROPOLITAN NASHVILLE POLICE DEPT,20220030254,Davidson,Nashville,1/21/2022 10:08:00 AM,2,0,0,36.111240,-86.749960,SEABOARD DR,,,,0.00,,,THOMPSON LN,,,,0.00,Y,T-Intersection, ,,None,,,         ,Earl,Davis,,,no,no,no,no,no,False
103197453,METROPOLITAN NASHVILLE POLICE DEPT,20220030223,Davidson,Nashville,1/21/2022 9:00:00 AM,2,1,0,36.127830,-86.901200,I 40,,,,0.00,,,,,,,200.80,N,Not at Intersection,N,Non-Junction,None,,,         ,Jack,Crouch,Cloudy,Front to Rear,no,no,no,no,yes,False
103197468,METROPOLITAN NASHVILLE POLICE DEPT,20220030336,Davidson,Madison,1/21/2022 11:30:00 AM,2,2,0,36.256340,-86.757930,DUE WEST AVN,,,,0.00,,,DICKERSON PKE,,,,0.00,Y,OTHER,N,Intersection,None,,,         ,Aaron,Jumonville,Clear,Angle,no,no,no,no,no,False
103197514,METROPOLITAN NASHVILLE POLICE DEPT,20220021162,Davidson,Nashville,1/21/2022 11:00:00 AM,2,0,0,36.040220,-86.744880,OLD HICKORY BLVD,,,,421.00,Feet,West,EDMONDSON PKE,,,,0.00,N,Not at Intersection, ,Non-Junction,None,,,         ,Cherell,Kinchloe,Clear,Front to Rear,no,no,no,no,no,False
103197537,METROPOLITAN NASHVILLE POLICE DEPT,20220030339,Davidson,Nashville,1/21/2022 10:16:00 AM,2,0,0,36.162320,-86.779610,5TH AVE N,,,,200.00,Feet,North,COMMERCE ST,,,,0.00,N,Not at Intersection,N,Non-Junction,None,,,         ,Joshua,Reece,Clear,Angle,no,no,no,no,yes,False
103197538,METROPOLITAN NASHVILLE POLICE DEPT,20220030330,Davidson,Goodlettsville,1/21/2022 11:30:00 AM,2,0,0,36.292230,-86.702870,GALLATIN PKEN,,,,0.00,,,RIVERGATE SQUARE PVTDR,,,,0.00,Y,T-Intersection,N,Intersection,None,,,         ,Christopher,Littles,Clear,Not Collision with Motor Vehicle in Transport,no,no,no,no,no,False
103197567,METROPOLITAN NASHVILLE POLICE DEPT,20220030403,Davidson,Nashville,1/21/2022 12:26:00 PM,3,0,0,36.149190,-86.781410,I 40,,,,0.00,,,,,,,209.70,N,Not at Intersection, ,Non-Junction,None,,,         ,Jerrod,Kalinsky,Clear,"Sideswipe, Same Direction",no,no,no,no,yes,False
103197569,METROPOLITAN NASHVILLE POLICE DEPT,20220030425,Davidson,Nashville,1/21/2022 12:23:00 PM,2,0,0,36.153220,-86.769550,ASH ST,,,,0.00,,,2ND AVE S,,,,0.00,Y,T-Intersection, ,Intersection-Related,None,,,         ,Joshua,Reece,Clear,Angle,no,no,no,no,no,False
103197571,METROPOLITAN NASHVILLE POLICE DEPT,20220030433,Davidson,Nashville,1/21/2022 12:52:00 PM,2,0,0,36.070560,-86.722560,NOLENSVILLE PKE,,,,175.00,Feet,West,COTTON LN,,,,0.00,N,Not at Intersection,N,Non-Junction,None,,,         ,Earl,Davis,Clear,Front to Rear,no,no,no,no,no,False
103197585,METROPOLITAN NASHVILLE POLICE DEPT,20220030517,Davidson,Madison,1/21/2022 1:59:00 PM,2,1,0,36.285670,-86.705930,GALLATIN PKEN,,,,111.00,Feet,South,SHAKESPEARE AV,,,,0.00,N,Not at Intersection,N,Non-Junction,None,,,         ,Christopher,Littles,Cloudy,Angle,no,no,no,no,no,False
103197595,METROPOLITAN NASHVILLE POLICE DEPT,20220030459,Davidson,Nashville,1/21/2022 1:10:00 PM,2,2,0,36.215060,-86.594170,LEBANON PKE,,,,1032.00,Feet,East,ANDREW JACKSON PKWY,,,,0.00,N,Not at Intersection,Y,Non-Junction,None,,,         ,Rex,Engelbert,Clear,Angle,no,no,no,no,no,False
103197596,METROPOLITAN NASHVILLE POLICE DEPT,20220019943,Davidson,Nashville,1/14/2022 8:30:00 AM,2,0,0,36.182790,-86.812370,CLARKSVILLE PKE,,,,3.00,Feet,North,18TH AVN,,,,0.00,N,Not at Intersection, ,Unknown,None,,,         ,Edmond,Strickling,Clear,"Sideswipe, Same Direction",no,no,no,no,yes,False
103197597,METROPOLITAN NASHVILLE POLICE DEPT,20220030478,Davidson,Not in City Limit,1/21/2022 1:20:00 PM,2,0,0,35.996790,-86.689780,NOLENSVILLE PKE,,,,0.00,,,CONCORD RD,,,,0.00,Y,T-Intersection, ,Intersection-Related,None,,,         ,Nicholas,Hoffmann,Clear,"Sideswipe, Same Direction",no,no,no,no,no,False
103197612,METROPOLITAN NASHVILLE POLICE DEPT,20220030530,Davidson,Nashville,1/21/2022 2:05:00 PM,2,0,0,36.231400,-86.773470,CREEKWOOD DR,,,,0.00,,,RICHMOND HILL DR,,,,0.00,Y,Four-Way,N,Intersection,None,,,         ,Aaron,Jumonville,Clear,Angle,no,no,no,no,yes,False
103197653,METROPOLITAN NASHVILLE POLICE DEPT,20220030470,Davidson,Nashville,1/21/2022 1:20:00 PM,2,2,0,36.215820,-86.599910,LEBANON PKE,,,,685.00,Feet,North,ANDREW JACKSON PKWY,,,,0.00,N,Not at Intersection,N,Non-Junction,None,,,         ,Terry,Denton,Cloudy,Angle,no,no,no,yes,no,False
103197671,METROPOLITAN NASHVILLE POLICE DEPT,20220030616,Davidson,Nashville,1/21/2022 3:16:00 PM,1,0,0,36.221040,-86.693640,BRILEY PKWYS,,,,207.00,Feet,North,BRILEY PKWYN,,,,0.00,N,Not at Intersection,N,Non-Junction,None,,,         ,William,Boler,Clear,Not Collision with Motor Vehicle in Transport,no,no,no,no,no,False
103197677,METROPOLITAN NASHVILLE POLICE DEPT,20220030634,Davidson,Nashville,1/21/2022 3:00:00 PM,2,1,0,36.140260,-86.887200,I 40,,,,0.00,,,,,,,202.00,N,Not at Intersection,N,Non-Junction,None,,,         ,Blake,Langford,Clear,Front to Rear,no,no,no,no,no,False
103197697,METROPOLITAN NASHVILLE POLICE DEPT,20220030603,Davidson,Nashville,1/21/2022 3:03:00 PM,2,1,0,36.240750,-86.757440,BRILEY PKWY E EXT RAMP,,,,0.00,Feet,East,DICKERSON PKE,,,,0.00,N,Not at Intersection,N,Non-Junction,None,,,         ,David,Harms,Clear,Angle,no,no,no,no,no,False
103197713,METROPOLITAN NASHVILLE POLICE DEPT,20220030693,Davidson,Nashville,1/21/2022 3:59:00 PM,2,0,0,36.123980,-86.806440,HILLSBORO PKE,,,,100.00,Feet,South,I440 W EXT RAMP,,,,0.00,N,Not at Intersection,N,Non-Junction,None,,,         ,Samuel,Sundra,Clear,Front to Rear,no,no,no,no,yes,False
103197715,METROPOLITAN NASHVILLE POLICE DEPT,20220030645,Davidson,Nashville,1/21/2022 12:00:00 AM,2,0,0,36.135540,-86.893630,I 40,,,,0.00,,,,,,,201.55,N,Not at Intersection,N,Non-Junction,None,,,         ,Maria,Reynolds,Clear,Front to Rear,no,no,no,no,no,False
103197716,METROPOLITAN NASHVILLE POLICE DEPT,20220030649,Davidson,Nashville,1/21/2022 3:47:00 PM,2,1,0,36.145530,-86.740950,I 40,,,,0.00,,,,,,,212.20,N,Not at Intersection,N,Non-Junction,None,,,         ,Douglas,Mann,Clear,Front to Rear,no,no,no,no,no,False
103197758,METROPOLITAN NASHVILLE POLICE DEPT,20220030677,Davidson,Nashville,1/21/2022 3:15:00 PM,2,0,0,36.046000,-86.713340,NOLENSVILLE PKE,,,,232.00,Feet,North,OLD HICKORY BLVD,,,,0.00,N,Not at Intersection, ,Non-Junction,None,,,         ,Gregory,Rdzok,Clear,Other,no,no,no,no,no,False