master_record_number,agency,agency_tracking_number,county,city,collision_date,vehicles_involved,number_injured,number_dead,latitude,longitude,roadway_name,roadway_suffix,roadway_number,roadway_local_id,distance_from_reference,miles-feet_indicator,direction_from_reference,intersection_road_name,intersection_road_name_suffix,intersection_road_number,intersection_local_id,mile_marker,intersection_indicator,intersect_type,interchange_related_indicator,relation_to_junction,work_zone_type,construction_maintenance_zone,construction_maintenance_zone_location,fatal_case_number,officer_first_name,officer_last_name,weather_condition(s),manner_of_crash,pedestrian,bicycle,scooter,parking,hitrun,mou
103201066,METROPOLITAN NASHVILLE POLICE DEPT,20220037397,Davidson,Nashville,1/26/2022 2:45:00 AM,1,0,0,36.060110,-86.680010,I 24,,,,0.00,,,,,,,57.85,N,Not at Intersection,N,Non-Junction,None,,,         ,Paul,Hughes II,Clear,Not Collision with Motor Vehicle in Transport,no,no,no,no,no,False
103201089,METROPOLITAN NASHVILLE POLICE DEPT,20220037361,Davidson,Nashville,1/26/2022 2:45:00 AM,3,1,0,36.063030,-86.683040,I 24,,,,0.00,,,,,,,57.60,N,Not at Intersection,N,Non-Junction,None,,,         ,Jose,Oliveros,Clear,"Sideswipe, Same Direction",no,no,no,no,yes,False
103201090,METROPOLITAN NASHVILLE POLICE DEPT,20220037365,Davidson,Nashville,1/26/2022 2:45:00 AM,2,1,0,36.062550,-86.682550,I 24,,,,0.00,,,,,,,57.60,N,Not at Intersection,N,Non-Junction,None,,,         ,Kaleigh,Pearce,Clear,HeadOn,no,no,no,no,no,False
103201112,METROPOLITAN NASHVILLE POLICE DEPT,2022003720,Davidson,Nashville,1/25/2022 11:30:00 PM,2,0,0,36.149300,-86.861650,CHARLOTTE PKE,,,,524.00,Feet,West,OCEOLA AV,,,,0.00,N,Not at Intersection,N,Non-Junction,None,,,         ,David,Moser,Clear,Front to Rear,no,no,no,yes,yes,False
103201122,METROPOLITAN NASHVILLE POLICE DEPT,20220037267,Davidson,Nashville,1/26/2022 12:00:00 AM,4,0,0,36.041490,-86.661450,BELL HOLLOW APTS PVTDR,,,,136.00,Feet,West,CANE RIDGE RD,,,,0.00,N,Not at Intersection,N,Non-Junction,None,,,         ,William,Williams,Clear,"Sideswipe, Same Direction",no,no,no,yes,yes,False
103201141,METROPOLITAN NASHVILLE POLICE DEPT,20220037579,Davidson,Nashville,1/26/2022 6:28:00 AM,2,1,0,36.116060,-86.696530,MURFREESBORO PKE,,,,276.00,Feet,East,MCGAVOCK PKE,,,,0.00,N,Not at Intersection,N,Non-Junction,None,,,         ,Robert,Leverick,Clear,Angle,no,no,no,no,no,False
103201150,METROPOLITAN NASHVILLE POLICE DEPT,20220037588,Davidson,Nashville,1/26/2022 6:26:00 AM,2,0,0,36.188190,-86.775350,I 24,,,,0.00,,,,,,,47.05,N,Not at Intersection, ,Non-Junction,None,,,         ,Brandon,Evans,Clear,"Sideswipe, Same Direction",no,no,no,no,no,False
103201161,METROPOLITAN NASHVILLE POLICE DEPT,20220037639,Davidson,Nashville,1/26/2022 5:59:00 AM,2,0,0,36.210680,-86.912350,ASHLAND CITY HWY,,,,1290.00,Feet,West,OLD HYDES FERRY PKE,,,,0.00,N,Not at Intersection, ,Non-Junction,None,,,         ,Michael,Richardson,Clear,"Sideswipe, Same Direction",no,no,no,no,yes,False
103201164,METROPOLITAN NASHVILLE POLICE DEPT,20220037628,Davidson,Nashville,1/26/2022 6:36:00 AM,1,0,0,36.243810,-86.703520,MIAMI AV,,,,0.00,,,PENN MEADE WAY,,,,0.00,,Not at Intersection,N,Non-Junction,None,,,         ,Patrick,Lancaster,Unknown,Unknown,no,no,no,yes,yes,False
103201195,METROPOLITAN NASHVILLE POLICE DEPT,20220037763,Davidson,Nashville,1/26/2022 8:23:00 AM,2,0,0,36.205850,-86.768570,E TRINITY LN,,,,0.00,,,US HWY 31W,,,,0.00,Y,Four-Way, ,Intersection,None,,,         ,Brandon,Evans,Clear,Angle,no,no,no,no,no,False
103201199,METROPOLITAN NASHVILLE POLICE DEPT,20220037807,Davidson,Nashville,1/26/2022 8:49:00 AM,2,0,0,36.141490,-86.670520,I 40,,,,0.00,,,,,,,216.35,N,Not at Intersection, ,Non-Junction,None,,,         ,Michael,Raash,Clear,"Sideswipe, Same Direction",no,no,no,no,yes,False
103201200,METROPOLITAN NASHVILLE POLICE DEPT,20220037834,Davidson,Nashville,1/26/2022 8:01:00 AM,2,0,0,36.156400,-86.628430,I 40,,,,0.00,,,,,,,219.00,N,Not at Intersection, ,Non-Junction,None,,,         ,Patrick,Lancaster,Clear,Front to Rear,no,no,no,no,yes,False
103201203,METROPOLITAN NASHVILLE POLICE DEPT,20220037691,Davidson,Madison,1/26/2022 7:43:00 AM,3,1,0,36.274890,-86.689420,MYATT DR,,,,1007.00,Feet,North,ANDERSON LN,,,,0.00,N,Not at Intersection,N,Non-Junction,None,,,         ,Christopher,Littles,Clear,Front to Rear,no,no,no,no,yes,False
103201204,METROPOLITAN NASHVILLE POLICE DEPT,20220037757,Davidson,Nashville,1/26/2022 7:29:00 AM,2,0,0,36.225050,-86.775250,I24 W ENT RAMP,,,,0.00,,,I 65,,,,0.00,Y,OTHER,N,Entrance/Exit Ramp Related,None,,,         ,Christopher,Littles,Clear,"Sideswipe, Same Direction",no,no,no,no,no,False
103201206,GOODLETTSVILLE POLICE DEPT,22-02569,Davidson,Goodlettsville,1/26/2022 8:50:00 AM,2,1,0,36.312080,-86.706590,TWO MILE PKE,,,,0.00,,,RIVERGATE PKWY,,,,0.00,Y,T-Intersection,N,Intersection,None,,,         ,Nicholas,Given,Clear,Angle,no,no,no,no,no,False
103201219,METROPOLITAN NASHVILLE POLICE DEPT,20220037876,Davidson,Nashville,1/26/2022 9:51:00 AM,2,0,0,36.153250,-86.794010,BROADWAY,,,,0.00,,,17TH AVS,,,,0.00,Y,Four-Way, ,Intersection,None,,,         ,Earl,Davis,Clear,Angle,no,no,no,no,no,False
103201225,METROPOLITAN NASHVILLE POLICE DEPT,20220037776,Davidson,Nashville,1/26/2022 8:10:00 AM,2,0,0,36.165330,-86.792620,11TH AVN,,,,44.00,Feet,North,MILSON AV,,,,0.00,N,Not at Intersection, ,"Driveway, Alley Access, etc",None,,,         ,Clint,Gilleland,Cloudy,Angle,no,no,no,no,no,False
103201230,METROPOLITAN NASHVILLE POLICE DEPT,20220037704,Davidson,Nashville,1/26/2022 7:47:00 AM,3,0,0,36.149800,-86.783640,I 40,,,,0.00,,,,,,,209.60,N,Not at Intersection,N,Non-Junction,None,,,         ,Sean,Pulizzano,Clear,Front to Rear,no,no,no,no,no,False
103201239,METROPOLITAN NASHVILLE POLICE DEPT,20220037952,Davidson,Nashville,1/26/2022 10:53:00 AM,2,0,0,36.155750,-86.809740,23RD AVN,,,,0.00,,,CHARLOTTE AV,,,,0.00,Y,Four-Way, ,Intersection,None,,,         ,Earl,Davis,Clear,Angle,no,no,no,no,no,False
103201264,METROPOLITAN NASHVILLE POLICE DEPT,20220037974,Davidson,Nashville,1/26/2022 10:53:00 AM,2,0,0,36.152420,-86.835620,CHARLOTTE AV,,,,224.00,Feet,West,42ND AVN,,,,0.00,N,Not at Intersection,N,Non-Junction,None,,,         ,Douglas,Atwood,Clear,Front to Rear,no,no,no,no,no,False
103201277,METROPOLITAN NASHVILLE POLICE DEPT,20220037644,Davidson,Joelton,1/26/2022 6:20:00 AM,3,1,0,36.325650,-86.880510,I 24,,,,0.00,,,,,,,34.25,N,Not at Intersection,N,Non-Junction,None,,,         ,Jeanine,Sarno,Clear,"Sideswipe, Same Direction",no,no,no,no,yes,False
103201294,METROPOLITAN NASHVILLE POLICE DEPT,20220038018,Davidson,Nashville,1/26/2022 11:50:00 AM,2,0,0,36.142880,-86.815710,31ST AVN,,,,100.00,Feet,North,WEST END AV,,,,0.00,N,Not at Intersection,N,Non-Junction,None,,,         ,Earl,Davis,Clear,Other,no,no,no,yes,yes,Campus
103201305,METROPOLITAN NASHVILLE POLICE DEPT,20220037960,Davidson,Nashville,1/26/2022 10:51:00 AM,2,0,0,36.152920,-86.765560,I 40,,,,0.00,,,,,,,210.60,N,Not at Intersection, ,,None,,,         ,Rico,Hunt,,,no,no,no,no,no,False
103201321,METROPOLITAN NASHVILLE POLICE DEPT,20220037999,Davidson,Nashville,1/26/2022 11:02:00 AM,2,0,0,36.152220,-86.857870,I 40,,,,0.00,,,,,,,203.95,N,Not at Intersection,N,Non-Junction,None,,,         ,Robert,Laboy,Clear,Front to Rear,no,no,no,no,yes,False
103201323,METROPOLITAN NASHVILLE POLICE DEPT,20220037890,Davidson,Nashville,1/26/2022 10:02:00 AM,3,0,0,36.148960,-86.863950,CHARLOTTE PKE,,,,368.00,Feet,East,LELLYETT ST,,,,0.00,N,Not at Intersection,N,Non-Junction,None,,,         ,Jared,Dick,Clear,Angle,no,no,no,no,yes,False
103201366,METROPOLITAN NASHVILLE POLICE DEPT,20220038028,Davidson,Nashville,1/26/2022 12:12:00 PM,2,1,0,36.208870,-86.776000,I 65,,,,0.00,,,,,,,87.45,N,Not at Intersection,N,Non-Junction,None,,,         ,Jarret,Sonnenberg,Clear,Front to Rear,no,no,no,no,no,False
103201368,METROPOLITAN NASHVILLE POLICE DEPT,20220038019,Davidson,Not in City Limit,1/26/2022 11:59:00 AM,1,0,0,36.100840,-86.934810,I 40,,,,0.00,,,,,,,198.25,N,Not at Intersection,N,Non-Junction,None,,,         ,Jack,Crouch,Clear,Not Collision with Motor Vehicle in Transport,no,no,no,no,no,False
103201376,VANDERBILT UNIVERSITY POLICE,2022-0036149,Davidson,Nashville,1/25/2022 10:00:00 AM,2,1,0,36.140180,-86.801760,MEDICAL CENTER DR,,,,0.00,,,EDGEHILL AV,,,,0.00,,Roundabout,N,Non-Junction,None,,,         ,Laresa,Gore,,Not Collision with Motor Vehicle in Transport,yes,no,no,yes,no,Campus
103201377,METROPOLITAN NASHVILLE POLICE DEPT,20220036436,Davidson,Nashville,1/25/2022 1:47:00 PM,2,1,0,36.154630,-86.779160,LAFAYETTE ST,,,,0.00,,,8TH AVS,,,,0.00,Y,Roundabout,N,OtherLocation,None,,,         ,Michael,Douglas,Clear,Angle,no,no,no,no,no,False
103201380,THP District 9 - Administrative,322005594,Davidson,Nashville,1/26/2022 9:45:00 AM,2,0,0,36.147550,-86.758650,LAFAYETTE ST,,,,0.00,Feet,,LEWIS ST,,,,0.00,Y,Four-Way,N,Intersection,Construction Zone,Work On Shoulder Or Median,Termination Area,         ,Justin,Johnson,Clear,Angle,no,no,no,no,no,False
103201385,METROPOLITAN NASHVILLE POLICE DEPT,20220038076,Davidson,Nashville,1/26/2022 1:00:00 PM,2,0,0,36.194130,-86.830790,BUENA VISTA PKE,,,,201.00,Feet,South,RESHA LN,,,,0.00,N,Not at Intersection, ,Non-Junction,None,,,         ,Anthony,Butler,Clear,Front to Rear,no,no,no,no,no,False
103201389,METROPOLITAN NASHVILLE POLICE DEPT,20220038003,Davidson,Nashville,1/26/2022 11:40:00 AM,2,0,0,36.179210,-86.695520,BRILEY PKWYN,,,,834.00,Feet,West,BRILEY PKWYS,,,,0.00,N,Not at Intersection,N,Non-Junction,None,,,         ,Larry,Benz,Clear,Angle,no,no,no,no,no,False
103201391,METROPOLITAN NASHVILLE POLICE DEPT,20220038042,Davidson,Nashville,1/26/2022 12:05:00 PM,2,0,0,36.193680,-86.831190,BUENA VISTA PKE,,,,10.00,Feet,North,CLARKSVILLE PKE,,,,0.00,N,Not at Intersection,N,Non-Junction,None,,,         ,Rachel,Susee,Clear,Angle,no,no,no,no,no,False
103201398,METROPOLITAN NASHVILLE POLICE DEPT,20220037881,Davidson,Nashville,1/26/2022 10:00:00 AM,3,3,0,36.116860,-86.725410,I 24,,,,0.00,,,,,,,53.15,N,Not at Intersection,N,Non-Junction,None,,,         ,Jason,Hees,Clear,Angle,no,no,no,no,no,False
103201408,METROPOLITAN NASHVILLE POLICE DEPT,20220037758,Davidson,Nashville,1/26/2022 8:20:00 AM,2,0,0,36.214710,-86.732470,GILLOCK ST,,,,0.00,,,BAXTER AV,,,,0.00,Y,Four-Way,N,Intersection,None,,,         ,Matthew,Cammarn,Clear,Angle,no,no,no,no,yes,False
103201409,THP District 3 - Nashville,322005578,Davidson,Nashville,1/26/2022 12:00:00 AM,2,0,0,36.209990,-86.872670,ASHLAND CITY HWY,,,,0.00,,,ASHLAND CITY HWY EB ENT RAMP,,,,0.00,Y,T-Intersection,Y,Entrance/Exit Ramp Related,None,,,         ,Matthew,Priest,Clear,"Sideswipe, Same Direction",no,no,no,no,no,False
103201413,METROPOLITAN NASHVILLE POLICE DEPT,20220038172,Davidson,Nashville,1/26/2022 2:10:00 PM,1,0,0,36.231450,-86.758930,US HWY 31W,,,,61.00,Feet,North,OAK VALLEY DR,,,,0.00,N,Not at Intersection,N,Non-Junction,None,,,         ,Brandon,Evans,Clear,Not Collision with Motor Vehicle in Transport,no,no,no,yes,yes,False
103201414,METROPOLITAN NASHVILLE POLICE DEPT,20220038066,Davidson,Nashville,1/26/2022 7:44:00 AM,2,0,0,36.088590,-86.651410,RANSOM PL,,,,194.00,Feet,West,RANSOM WAY,,,,0.00,N,Not at Intersection,N,Non-Junction,None,,,         ,Stanley,Collins,Clear,Angle,no,no,no,no,no,False
103201415,METROPOLITAN NASHVILLE POLICE DEPT,20220038146,Davidson,Not in City Limit,1/26/2022 9:54:00 AM,1,0,0,36.355200,-86.881370,WHITES CREEK PKE,,,,1065.00,Feet,South,JACKMAN RD,,,,0.00,N,Not at Intersection, ,Non-Junction,None,,,         ,Jeanine,Sarno,Clear,Not Collision with Motor Vehicle in Transport,no,no,no,no,no,False
103201416,METROPOLITAN NASHVILLE POLICE DEPT,20220038131,Davidson,Nashville,1/26/2022 1:33:00 PM,3,2,0,36.062660,-86.630800,HAMILTON CHURCH RD,,,,0.00,,,HAMILTON CROSSINGS,,,,0.00,Y,Four-Way,Y,Intersection,None,,,         ,Steven,Williams,Clear,Angle,no,no,no,no,no,False
103201459,METROPOLITAN NASHVILLE POLICE DEPT,20220038189,Davidson,Nashville,1/26/2022 2:30:00 PM,2,0,0,36.178380,-86.794880,ROSA L PARKS BLVD,,,,194.00,Feet,South,HUME ST,,,,0.00,N,Not at Intersection,N,Non-Junction,None,,,         ,Eric,Schaefer,Clear,Front to Rear,no,no,no,no,no,False
103201500,METROPOLITAN NASHVILLE POLICE DEPT,20220038275,Davidson,Nashville,1/26/2022 3:21:00 PM,2,1,0,36.158810,-86.798160,17TH AVN,,,,0.00,,,CHARLOTTE AV,,,,0.00,Y,Four-Way,N,Intersection,None,,,         ,Travis,Pemberton,Clear,Angle,no,no,no,no,no,False
103201511,METROPOLITAN NASHVILLE POLICE DEPT,20220038360,Davidson,Nashville,1/26/2022 4:15:00 PM,2,0,0,36.122910,-86.750790,,,I440,,0.00,Miles,East,,,,,6.40,N,Not at Intersection, ,Non-Junction,None,,,         ,Beri,Scott,Clear,Front to Rear,no,no,no,no,no,False
103201518,METROPOLITAN NASHVILLE POLICE DEPT,20220038362,Davidson,Nashville,1/26/2022 4:00:00 PM,2,0,0,36.145720,-86.705960,AIR LANE DR,,,,0.00,,East,ELM HILL PKE,,,,0.00,N,Not at Intersection,N,Non-Junction,None,,,         ,Reagan,Heath,Clear,Angle,no,no,no,no,no,False
103201534,METROPOLITAN NASHVILLE POLICE DEPT,20220038390,Davidson,Not in City Limit,1/26/2022 4:32:00 PM,2,0,0,36.272080,-86.688970,ANDERSON LN,,,,174.00,Feet,East,MYATT DR,,,,0.00,N,Not at Intersection, ,Non-Junction,None,,,         ,Dylan,Bradley,Clear,Angle,no,no,no,no,no,False
103201548,METROPOLITAN NASHVILLE POLICE DEPT,20220038403,Davidson,Nashville,1/26/2022 12:00:00 AM,2,1,0,36.151000,-86.769950,I 40,,,,0.00,,,,,,,210.40,N,Not at Intersection,N,Non-Junction,None,,,         ,Trevor,Taylor,Clear,Front to Rear,no,no,no,no,no,False
103201551,METROPOLITAN NASHVILLE POLICE DEPT,20220038438,Davidson,Nashville,1/26/2022 3:05:00 PM,2,1,0,36.112700,-86.920540,I40 E ENT RAMP,,,,0.00,,,I 40,,,,0.00,Y,T-Intersection,N,Entrance/Exit Ramp Related,None,,,         ,Heather,Fox,Clear,Angle,no,no,no,no,yes,False
103201555,GOODLETTSVILLE POLICE DEPT,22-02596,Davidson,Goodlettsville,1/26/2022 4:40:00 PM,2,1,0,36.302220,-86.709290,VIETNAM VETERANS BLVDN,,,,72.00,Feet,East,VIETNAM VETERANS BLVDS,,,,0.00,N,Not at Intersection,Y,Entrance/Exit Ramp Related,None,,,         ,Benny,Alexander,Clear,Front to Rear,no,no,no,no,no,False
103201573,METROPOLITAN NASHVILLE POLICE DEPT,20220038352,Davidson,Nashville,1/26/2022 3:29:00 PM,2,0,0,36.159410,-86.780910,BROADWAY,,,,0.00,,,7TH AVN,,,,0.00,Y,Four-Way,N,Non-Junction,None,,,         ,Michael,Moss,Clear,Angle,no,no,no,no,no,False
103201577,METROPOLITAN NASHVILLE POLICE DEPT,20220038353,Davidson,Nashville,1/26/2022 2:44:00 PM,3,0,0,36.045510,-86.719040,OLD HICKORY BLVD,,,,205.00,Feet,West,HICKORY TRACE DR,,,,0.00,N,Not at Intersection,N,Non-Junction,None,,,         ,Matthew,Hogan,Clear,Front to Rear,no,no,no,no,no,False
103201590,METROPOLITAN NASHVILLE POLICE DEPT,20220038485,Davidson,Not in City Limit,1/26/2022 5:48:00 PM,2,0,0,36.261200,-86.712540,GALLATIN PKES,,,,14.00,Feet,South,MAPLE ST,,,,0.00,N,Not at Intersection, ,Non-Junction,None,,,         ,David,Harms,Clear,Angle,no,no,no,no,yes,False
103201592,METROPOLITAN NASHVILLE POLICE DEPT,20220038511,Davidson,Nashville,1/26/2022 4:38:00 PM,2,0,0,36.036840,-86.786740,FRANKLIN PKE,,,,210.00,Feet,South,OLD HICKORY BLVD,,,,0.00,N,Not at Intersection, ,Non-Junction,None,,,         ,Nicholas,Carroll,Clear,"Sideswipe, Same Direction",no,no,no,no,no,False
103201605,METROPOLITAN NASHVILLE POLICE DEPT,20220038563,Davidson,Nashville,1/26/2022 6:40:00 PM,2,0,0,36.199730,-86.592230,CHANDLER RD,,,,55.00,Feet,West,TULIP GROVE RD,,,,0.00,N,Not at Intersection, ,,None,,,         ,Zaire,Murray,,,no,no,no,no,no,False
103201697,METROPOLITAN NASHVILLE POLICE DEPT,20220038585,Davidson,Nashville,1/26/2022 5:02:00 PM,2,0,0,36.039800,-86.740640,OLD HICKORY BLVD,,,,436.00,Feet,West,HIGHLAND WAY,,,,0.00,N,Not at Intersection, ,Non-Junction,None,,,         ,Matthew,Hogan,Clear,Not Collision with Motor Vehicle in Transport,no,no,no,no,no,False
103201698,METROPOLITAN NASHVILLE POLICE DEPT,20220038582,Davidson,Nashville,1/26/2022 5:35:00 PM,2,1,0,36.116960,-86.873250,DAVIDSON RD,,,,8.00,Feet,East,ROBIN HILL RD,,,,0.00,N,Not at Intersection,N,Non-Junction,None,,,         ,Jeremy,Huffine,Clear,Front to Rear,no,no,no,no,no,False
103201708,METROPOLITAN NASHVILLE POLICE DEPT,20220038532,Davidson,Not in City Limit,1/26/2022 6:25:00 PM,4,0,0,36.260990,-86.738210,I 65,,,,0.00,,,,,,,92.00,N,Not at Intersection,N,Non-Junction,None,,,         ,Wesley,Carver,Clear,Angle,no,no,no,no,no,False
103201717,METROPOLITAN NASHVILLE POLICE DEPT,20220038586,Davidson,Nashville,1/26/2022 7:11:00 PM,2,0,0,36.077140,-86.641460,MURFREESBORO PKE,,,,0.00,,,LAKEVILLA DR,,,,0.00,Y,Four-Way,N,Intersection,None,,,         ,Beri,Scott,Clear,Angle,no,no,no,no,no,False
103201718,METROPOLITAN NASHVILLE POLICE DEPT,20220038713,Davidson,Nashville,1/26/2022 9:02:00 PM,2,1,0,36.131760,-86.778970,8TH AVS,,,,0.00,Feet,,SOUTH DOUGLAS AV,,,,0.00,Y,T-Intersection,Y,Intersection,None,,,         ,Samuel,Sundra,Clear,Angle,no,no,no,no,no,False
103201759,GOODLETTSVILLE POLICE DEPT,22-02611,Davidson,Goodlettsville,1/26/2022 12:00:00 AM,1,0,0,36.335240,-86.717190,N MAIN ST,,,,390.00,Feet,North,FANNIN DR,,,,0.00,N,Not at Intersection,N,Non-Junction,None,,,         ,Shane,Farrell,Clear,Not Collision with Motor Vehicle in Transport,no,no,no,no,yes,False
103201761,METROPOLITAN NASHVILLE POLICE DEPT,20220038788,Davidson,Nashville,1/26/2022 10:00:00 PM,2,1,0,36.152410,-86.634400,I 40,,,,0.00,,,,,,,218.60,N,Not at Intersection,N,Non-Junction,None,,,         ,Reagan,Heath,Clear,Front to Rear,no,no,no,no,yes,False
103201769,METROPOLITAN NASHVILLE POLICE DEPT,20220038197,Davidson,Not in City Limit,1/26/2022 2:38:00 PM,2,1,0,36.089910,-86.976850,HIGHWAY 70S,,,,1434.00,Feet,East,CHARLOTTE PKE,,,,0.00,N,Not at Intersection,N,Non-Junction,None,,,         ,Jeremy,Huffine,Clear,Angle,no,no,no,no,no,False
103201781,METROPOLITAN NASHVILLE POLICE DEPT,20220038864,Davidson,Nashville,1/26/2022 11:10:00 PM,2,1,0,36.033660,-86.642260,I 24,,,,0.00,,,,,,,60.65,N,Not at Intersection,N,Non-Junction,None,,,         ,Kaleigh,Pearce,Clear,Angle,no,no,no,no,yes,False
103201800,METROPOLITAN NASHVILLE POLICE DEPT,20220039135,Davidson,Nashville,1/27/2022 2:32:00 AM,1,0,0,36.125410,-86.727370,I440 W ENT RAMP,,,,0.00,Feet,East,I 440,,,,0.00,N,Not at Intersection,N,Entrance/Exit Ramp Related,None,,,         ,Autumn,Manning,Clear,Not Collision with Motor Vehicle in Transport,no,no,no,no,yes,False
103201805,METROPOLITAN NASHVILLE POLICE DEPT,20220039173,Davidson,Nashville,1/27/2022 12:00:00 AM,1,0,0,36.189840,-86.817950,26TH AVN,,,,511.00,Feet,North,DOWLAN ST,,,,0.00,N,Not at Intersection,N,Non-Junction,Unknown,,,         ,Nathan,Sizemore,Unknown,Unknown,no,no,no,yes,yes,False
103201807,METROPOLITAN NASHVILLE POLICE DEPT,20220039153,Davidson,Nashville,1/27/2022 12:00:00 AM,1,0,0,36.171340,-86.752000,SHELBY AV,,,,100.00,Feet,East,S 10TH ST,,,,0.00,N,Not at Intersection,N,Non-Junction,None,,,         ,Kevin,Steiner,Clear,Not Collision with Motor Vehicle in Transport,no,no,no,no,yes,False
103201813,METROPOLITAN NASHVILLE POLICE DEPT,20220039162,Davidson,Nashville,1/27/2022 3:00:00 AM,4,1,0,36.106330,-86.718660,I 24,,,,0.00,,,,,,,54.00,N,Not at Intersection,N,Non-Junction,None,,,         ,Garrett,Reingardt,Clear,Not Collision with Motor Vehicle in Transport,no,no,no,no,no,False
103201831,METROPOLITAN NASHVILLE POLICE DEPT,20220039221,Davidson,Nashville,1/27/2022 4:00:00 AM,2,0,0,36.105010,-86.716980,I 24,,,,0.00,,,,,,,54.10,N,Not at Intersection, ,Non-Junction,None,,,         ,William,Williams,Clear,Angle,no,no,no,no,no,False
103201850,METROPOLITAN NASHVILLE POLICE DEPT,20220039336,Davidson,Not in City Limit,1/27/2022 6:12:00 AM,4,0,0,36.324590,-86.872860,I24 E EXT RAMP,,,,0.00,Feet,East,I 24,,,,0.00,N,Not at Intersection,N,Non-Junction,None,,,         ,Sean,Herman,Clear,Front to Rear,no,no,no,no,no,False
103201859,METROPOLITAN NASHVILLE POLICE DEPT,20220039361,Davidson,Not in City Limit,1/27/2022 5:55:00 AM,1,0,0,36.043730,-86.979810,NATCHEZ POINTE BLVD,,,,49.00,Feet,South,MCCRORY LN,,,,0.00,N,Not at Intersection,N,Non-Junction,None,,,         ,Wesley,Tilley,Clear,Not Collision with Motor Vehicle in Transport,no,no,no,no,no,False
103201899,METROPOLITAN NASHVILLE POLICE DEPT,20220039378,Davidson,Nashville,1/27/2022 6:25:00 AM,2,1,0,36.038230,-86.658330,CANE RIDGE RD,,,,371.00,Feet,South,MOUNTAINHIGH DR,,,,0.00,N,Not at Intersection,N,Non-Junction,None,,,         ,Nicholas,Carter,Cloudy,Angle,no,no,no,no,no,False
103201906,GOODLETTSVILLE POLICE DEPT,22-02593,Davidson,Goodlettsville,1/26/2022 4:20:00 PM,1,0,0,36.330090,-86.715410,N MAIN ST,,,,163.00,Feet,South,TINNIN AV,,,,0.00,N,Not at Intersection,N,Non-Junction,None,,,         ,George,Henry,Clear,Not Collision with Motor Vehicle in Transport,no,no,no,no,no,False
103201919,METROPOLITAN NASHVILLE POLICE DEPT,20220039337,Davidson,Nashville,1/27/2022 6:10:00 AM,2,1,0,36.073550,-86.692230,I 24,,,,0.00,,,,,,,56.70,N,Not at Intersection,N,Non-Junction,None,,,         ,Todd,Watson,Cloudy,Front to Rear,no,no,no,no,no,False
103201928,METROPOLITAN NASHVILLE POLICE DEPT,20220039346,Davidson,Nashville,1/27/2022 6:34:00 AM,2,0,0,36.142200,-86.666600,I40 W EXT RAMP,,,,0.00,,,I 40,,,,0.00,Y,OTHER,Y,Intersection,None,,,         ,Aimee,Ortiz,Clear,Angle,no,no,no,no,no,False
103201940,METROPOLITAN NASHVILLE POLICE DEPT,20220039430,Davidson,Nashville,1/27/2022 12:00:00 AM,2,0,0,36.105890,-86.922200,BELLE VALLEY DR,,,,0.00,Feet,West,OLD HICKORY BLVD,,,,0.00,N,Not at Intersection, ,Non-Junction,None,,,         ,laina,herod,Clear,Angle,no,no,no,no,no,False
103201953,METROPOLITAN NASHVILLE POLICE DEPT,20220039532,Davidson,Nashville,1/27/2022 8:40:00 AM,2,1,0,36.153340,-86.686730,ELM HILL PKE,,,,1.00,Feet,West,ERMAC DR,,,,0.00,N,Not at Intersection,N,Non-Junction,None,,,         ,Tyler,Hall,Clear,Angle,no,no,no,no,no,False
103201956,Nashville Airport Police,2022-00304,Davidson,Nashville,1/26/2022 12:10:00 PM,2,0,0,36.133410,-86.665080,BNA DR,,,,0.00,,,TERMINAL DR,,,,0.00,Y,T-Intersection, ,Intersection,None,,,         ,Delphia,Murphy,Clear,Angle,no,no,no,no,no,False
103201963,METROPOLITAN NASHVILLE POLICE DEPT,20220039537,Davidson,Antioch,1/27/2022 7:56:00 AM,2,0,0,36.018440,-86.624810,I 24,,,,0.00,,,,,,,62.20,N,Not at Intersection, ,Non-Junction,None,,,         ,Lee,Davis,Clear,Front to Rear,no,no,no,no,no,False
103201964,METROPOLITAN NASHVILLE POLICE DEPT,20220039657,Davidson,Nashville,1/27/2022 10:04:00 AM,2,0,0,36.153880,-86.801190,20TH AVN,,,,0.00,,,STATE ST,,,,0.00,Y,T-Intersection, ,Intersection,None,,,         ,Earl,Davis,Clear,"Sideswipe, Same Direction",no,no,no,no,no,False
103201973,METROPOLITAN NASHVILLE POLICE DEPT,20220039492,Davidson,Nashville,1/27/2022 8:14:00 AM,2,0,0,36.154300,-86.788210,I 40,,,,0.00,,,,,,,209.20,N,Not at Intersection,N,Non-Junction,None,,,         ,James,Thornton,Clear,"Sideswipe, Same Direction",no,no,no,no,no,False
103201974,METROPOLITAN NASHVILLE POLICE DEPT,20220039488,Davidson,Joelton,1/27/2022 8:00:00 AM,1,0,0,36.308420,-86.882790,CLARKSVILLE PKE,,,,1152.00,Feet,South,EATONS CREEK RD,,,,0.00,N,Not at Intersection,N,Non-Junction,None,,,         ,Anthony,Butler,Clear,Not Collision with Motor Vehicle in Transport,no,no,no,no,no,False
103201998,METROPOLITAN NASHVILLE POLICE DEPT,20220039582,Davidson,Antioch,1/27/2022 9:08:00 AM,2,0,0,36.042070,-86.607910,HOBSON PKE,,,,491.00,Feet,West,MURFREESBORO PKE,,,,0.00,N,Not at Intersection, ,Non-Junction,None,,,         ,Lee,Davis,Clear,Angle,no,no,no,no,no,False