master_record_number,agency,agency_tracking_number,county,city,collision_date,vehicles_involved,number_injured,number_dead,latitude,longitude,roadway_name,roadway_suffix,roadway_number,roadway_local_id,distance_from_reference,miles-feet_indicator,direction_from_reference,intersection_road_name,intersection_road_name_suffix,intersection_road_number,intersection_local_id,mile_marker,intersection_indicator,intersect_type,interchange_related_indicator,relation_to_junction,work_zone_type,construction_maintenance_zone,construction_maintenance_zone_location,fatal_case_number,officer_first_name,officer_last_name,weather_condition(s),manner_of_crash,pedestrian,bicycle,scooter,parking,hitrun,mou
103205061,METROPOLITAN NASHVILLE POLICE DEPT,20220045005,Davidson,Nashville,1/30/2022 7:23:00 PM,4,1,0,36.053360,-86.714930,NOLENSVILLE PKE,,,,109.00,Feet,South,BREWER DR,,,,0.00,N,Not at Intersection,N,Non-Junction,None,,,         ,Matthew,Hogan,Clear,Front to Rear,no,no,no,no,yes,False
103205068,METROPOLITAN NASHVILLE POLICE DEPT,20220045021,Davidson,Nashville,1/30/2022 7:49:00 PM,2,2,0,36.064790,-86.628480,HAMILTON CHURCH RD,,,,0.00,,,MURFREESBORO PKE,,,,0.00,Y,Four-Way,N,Intersection,None,,,         ,Nathaniel,Myers,Clear,Angle,no,no,no,no,no,False
103205070,METROPOLITAN NASHVILLE POLICE DEPT,20220045040,Davidson,Nashville,1/30/2022 8:04:00 PM,2,2,0,36.136580,-86.795150,WEDGEWOOD AV,,,,0.00,,,MAGNOLIA BLVD,,,,0.00,Y,Four-Way,N,Intersection,None,,,         ,Travis,Pemberton,Clear,Angle,no,no,no,no,no,False
103205076,METROPOLITAN NASHVILLE POLICE DEPT,20220044969,Davidson,Not in City Limit,1/30/2022 12:00:00 AM,1,0,0,36.002100,-86.631270,OLD HICKORY BLVD,,,,436.00,Feet,West,RED APPLE RD,,,,0.00,N,Not at Intersection,N,Non-Junction,None,,,         ,Taylor,Blackwelder,Clear,Not Collision with Motor Vehicle in Transport,no,no,no,no,yes,False
103205087,METROPOLITAN NASHVILLE POLICE DEPT,20220044999,Davidson,Nashville,1/30/2022 12:00:00 AM,2,0,0,36.185030,-86.773670,DICKERSON PKE,,,,223.00,Feet,North,HANCOCK ST,,,,0.00,N,Not at Intersection,N,Non-Junction,None,,,         ,Derek,Garcia,Clear,"Sideswipe, Same Direction",no,no,no,no,yes,False
103205095,METROPOLITAN NASHVILLE POLICE DEPT,20220044992,Davidson,Nashville,1/30/2022 1:30:00 AM,1,0,0,36.123580,-86.742630,FOSTER AV,,,,140.00,Feet,North,ROSE ST,,,,0.00,N,Not at Intersection,N,Non-Junction,None,,,         ,Timothy,Ward,Clear,Not Collision with Motor Vehicle in Transport,no,no,no,yes,yes,False
103205114,METROPOLITAN NASHVILLE POLICE DEPT,20220045112,Davidson,Nashville,1/30/2022 12:00:00 AM,2,0,0,36.193230,-86.776030,I 65,,,,0.00,,,,,,,86.55,N,Not at Intersection,N,Non-Junction,None,,,         ,Vincent,McCrary,Clear,"Sideswipe, Same Direction",no,no,no,no,yes,False
103205137,METROPOLITAN NASHVILLE POLICE DEPT,20220045087,Davidson,Nashville,1/30/2022 8:50:00 PM,2,0,0,36.160300,-86.792900,I 40,,,,0.00,,,,,,,208.25,N,Not at Intersection,N,Non-Junction,None,,,         ,Dakota,Davis,Clear,"Sideswipe, Same Direction",no,no,no,no,yes,False
103205140,METROPOLITAN NASHVILLE POLICE DEPT,2022-0045111,Davidson,Nashville,1/30/2022 9:16:00 PM,2,0,0,36.116410,-86.697360,MURFREESBORO PKE,,,,0.00,,,MCGAVOCK PKE,,,,0.00,Y,Four-Way, ,Intersection,None,,,         ,Ernest,Jones,Clear,Front to Rear,no,no,no,no,no,False
103205143,METROPOLITAN NASHVILLE POLICE DEPT,20220045156,Davidson,Nashville,1/30/2022 10:33:00 PM,2,0,0,36.249410,-86.743540,OLD DUE WEST AV,,,,82.00,Feet,West,CHANNING DR,,,,0.00,N,Not at Intersection,N,Non-Junction,None,,,         ,Jonathon,Sheppard,Clear,Front to Rear,no,no,no,yes,no,False
103205166,METROPOLITAN NASHVILLE POLICE DEPT,20220044229,Davidson,Nashville,1/30/2022 12:00:00 AM,1,0,0,36.234430,-86.721430,BRILEY PKWY W EXT RAMP,,,,0.00,Feet,East,BRILEY PKWYW,,,,0.00,N,Not at Intersection,N,Non-Junction,None,,,         ,Thomas,Denenea,Clear,Not Collision with Motor Vehicle in Transport,no,no,no,no,no,False
103205188,METROPOLITAN NASHVILLE POLICE DEPT,20220045248,Davidson,Nashville,1/30/2022 11:30:00 PM,1,0,0,36.191230,-86.631920,NORA LN,,,,493.00,Feet,South,EVERSONG LN,,,,0.00,N,Not at Intersection, ,"Driveway, Alley Access, etc",None,,,         ,Nelson,Hemingway,Clear,Not Collision with Motor Vehicle in Transport,no,no,no,no,yes,False
103205191,METROPOLITAN NASHVILLE POLICE DEPT,20220044201,Davidson,Not in City Limit,1/30/2022 3:40:00 AM,1,0,0,36.260370,-86.712860,HICKORY ST,,,,0.00,Feet,North,GALLATIN PKES,,,,0.00,N,Not at Intersection,N,Non-Junction,None,,,         ,Sean,McConnell,Clear,Not Collision with Motor Vehicle in Transport,no,no,no,no,yes,False
103205229,METROPOLITAN NASHVILLE POLICE DEPT,20220043967,Davidson,Nashville,1/29/2022 12:00:00 AM,2,0,0,36.059070,-86.716220,TUSCULUM RD,,,,0.00,Feet,,NOLENSVILLE PKE,,,,0.00,Y,Four-Way,N,Intersection,None,,,         ,Antoine,Maghamez,Clear,Angle,no,no,no,no,no,False
103205237,METROPOLITAN NASHVILLE POLICE DEPT,20220045362,Davidson,Nashville,1/31/2022 12:00:00 AM,1,0,0,36.142510,-86.883150,PREMIER DR,,,,486.00,Feet,North,THUNDERBIRD DR,,,,0.00,N,Not at Intersection,N,Non-Junction,None,,,         ,Lynsey,Fish,Cloudy,Not Collision with Motor Vehicle in Transport,no,no,no,no,no,False
103205292,METROPOLITAN NASHVILLE POLICE DEPT,20220045547,Davidson,Not in City Limit,1/31/2022 6:03:00 AM,2,0,0,36.312690,-86.830400,I 24,,,,0.00,,,,,,,37.40,N,Not at Intersection,N,Non-Junction,None,,,         ,Sean,Herman,Clear,Front to Rear,no,no,no,no,no,False
103205304,METROPOLITAN NASHVILLE POLICE DEPT,20220045549,Davidson,Nashville,1/31/2022 6:11:00 AM,2,1,0,36.265520,-86.664160,ROBINSON,RD,,,0.00,,,HICKORY INDUSTRIAL,DR,,,0.00,Y,Four-Way,N,Intersection-Related,None,,,         ,Corey,Ethridge,Clear,"Sideswipe, Opposite Direction",no,no,no,no,no,False
103205308,METROPOLITAN NASHVILLE POLICE DEPT,20220045630,Davidson,Not in City Limit,1/31/2022 7:21:00 AM,2,0,0,36.264520,-86.731450,OLD HICKORY BLVDW,,,,244.00,Feet,East,N GRAYCROFT AV,,,,0.00,N,Not at Intersection, ,,None,,,         ,Christopher,Littles,,,no,no,no,no,no,False
103205340,METROPOLITAN NASHVILLE POLICE DEPT,20220045692,Davidson,Nashville,1/31/2022 8:03:00 AM,2,0,0,36.038460,-86.804130,OLD HICKORY BLVD,,,,267.00,Feet,West,BRIGHT HOUR FARM PVTDR,,,,0.00,N,Not at Intersection,N,Non-Junction,None,,,         ,Jackson,Smythe,Clear,"Sideswipe, Opposite Direction",no,no,no,no,no,False
103205349,METROPOLITAN NASHVILLE POLICE DEPT,20220045578,Davidson,Not in City Limit,1/31/2022 6:35:00 AM,3,0,0,36.325620,-86.880230,I 24,,,,0.00,,,,,,,34.25,N,Not at Intersection, ,Non-Junction,None,,,         ,Jeanine,Sarno,Clear,Front to Rear,no,no,no,no,no,False
103205365,METROPOLITAN NASHVILLE POLICE DEPT,20220045819,Davidson,Nashville,1/31/2022 9:23:00 AM,2,1,0,36.193430,-86.772530,DICKERSON PKE,,,,150.00,Feet,North,AUCTION WAY,,,,0.00,N,Not at Intersection,N,Non-Junction,None,,,         ,Jarret,Sonnenberg,Clear,Front to Rear,no,no,no,no,no,False
103205366,METROPOLITAN NASHVILLE POLICE DEPT,20220045769,Davidson,Not in City Limit,1/31/2022 8:30:00 AM,2,0,0,36.321610,-86.856560,I 24,,,,0.00,,,,,,,35.65,N,Not at Intersection, ,,None,,,         ,Nicholas,Cochran,,,no,no,no,no,no,False
103205376,METROPOLITAN NASHVILLE POLICE DEPT,20220045836,Davidson,Nashville,1/31/2022 9:35:00 AM,2,2,0,36.169920,-86.756200,S 8TH ST,,,,0.00,,,SHELBY AV,,,,0.00,Y,Four-Way,N,Non-Junction,None,,,         ,Michael,Agee,Cloudy,Angle,no,no,no,no,no,False
103205386,METROPOLITAN NASHVILLE POLICE DEPT,20220045794,Davidson,Nashville,1/31/2022 9:00:00 AM,1,3,0,36.208260,-86.787840,W TRINITY LN,,,,158.00,Feet,West,MONTICELLO ST,,,,0.00,N,Not at Intersection,N,Non-Junction,None,,,         ,Ryan,Worstall,Cloudy,Not Collision with Motor Vehicle in Transport,no,no,no,no,no,False
103205387,METROPOLITAN NASHVILLE POLICE DEPT,202200456561,Davidson,Nashville,1/31/2022 7:38:00 AM,1,1,0,36.038980,-86.811210,OLD HICKORY BLVD,,,,0.59,Miles,West,WESTPARK DR,,,,0.00,N,Not at Intersection,N,Crossover-Related,None,,,         ,Earl,Davis,Clear,Not Collision with Motor Vehicle in Transport,no,no,no,no,no,False
103205397,METROPOLITAN NASHVILLE POLICE DEPT,20220045939,Davidson,Goodlettsville,1/31/2022 10:58:00 AM,3,0,0,36.293550,-86.696140,MYATT DR,,,,138.00,Feet,South,SPRING BRANCH DR,,,,0.00,N,Not at Intersection,N,Non-Junction,None,,,         ,Christopher,Littles,Clear,"Sideswipe, Same Direction",no,no,no,no,yes,False
103205415,METROPOLITAN NASHVILLE POLICE DEPT,20220045931,Davidson,Nashville,1/31/2022 10:55:00 AM,1,0,0,36.137390,-86.875560,RUSSLEO DR,,,,29.00,Feet,West,FLEETWOOD DR,,,,0.00,N,Not at Intersection,N,Non-Junction,None,,,         ,Robert,Allen,Clear,Not Collision with Motor Vehicle in Transport,no,no,no,no,yes,False
103205421,METROPOLITAN NASHVILLE POLICE DEPT,20220045863,Davidson,Nashville,1/31/2022 9:03:00 AM,2,0,0,36.170120,-86.597610,I 40,,,,0.00,,,,,,,221.00,N,Not at Intersection,N,Non-Junction,None,,,         ,John,Chambers,Cloudy,Front to Rear,no,no,no,no,no,False
103205434,METROPOLITAN NASHVILLE POLICE DEPT,20220045986,Davidson,Nashville,1/31/2022 12:00:00 AM,2,1,0,36.130090,-86.900680,CHARLOTTE PKE,,,,28.00,Feet,East,CABOT DR,,,,0.00,N,Not at Intersection,N,Non-Junction,None,,,         ,laina,herod,Clear,Front to Rear,no,no,no,no,no,False
103205444,METROPOLITAN NASHVILLE POLICE DEPT,20220045962,Davidson,Nashville,1/31/2022 11:24:00 AM,2,0,0,36.167470,-86.770150,S 2ND ST,,,,150.00,Feet,South,RUSSELL ST,,,,0.00,N,Not at Intersection,N,Non-Junction,None,,,         ,Joshua,Reece,Clear,"Sideswipe, Same Direction",no,no,no,no,yes,False
103205446,VANDERBILT UNIVERSITY POLICE,20220045998,Davidson,Nashville,1/31/2022 11:20:00 AM,2,0,0,36.144180,-86.801870,STEVENSON CENTER LN,,,,352.00,Feet,North,GARLAND AV,,,,0.00,N,Not at Intersection, ,Non-Junction,None,,,         ,Christopher,Dion,,Rear to Rear,no,no,no,yes,no,Campus
103205448,VANDERBILT UNIVERSITY POLICE,20220045994,Davidson,Nashville,1/31/2022 12:00:00 PM,2,0,0,36.144330,-86.801840,STEVENSON CENTER LN,,,,403.00,Feet,North,GARLAND AV,,,,0.00,N,Not at Intersection, ,OtherLocation,None,,,         ,Ray,Stanard,,Rear to Rear,no,no,no,yes,no,Campus
103205450,METROPOLITAN NASHVILLE POLICE DEPT,20220045798,Davidson,Nashville,1/31/2022 8:55:00 AM,2,0,0,36.142200,-86.822960,I440 E EXT RAMP,,,,0.00,,,I 440,,,,0.00,Y,OTHER, ,Non-Junction,None,,,         ,Michael,Overberg,Cloudy,"Sideswipe, Same Direction",no,no,no,no,no,False
103205463,METROPOLITAN NASHVILLE POLICE DEPT,20220046022,Davidson,Not in City Limit,1/31/2022 12:10:00 PM,2,0,0,36.260520,-86.712800,GALLATIN PKES,,,,59.00,Feet,North,HICKORY ST,,,,0.00,N,Not at Intersection, ,Non-Junction,None,,,         ,Brian,Otto,Clear,Angle,no,no,no,no,no,False
103205469,METROPOLITAN NASHVILLE POLICE DEPT,20220046065,Davidson,Nashville,1/31/2022 12:30:00 PM,2,1,0,36.182190,-86.814400,23RD AVN,,,,0.00,Feet,,SEIFRIED ST,,,,0.00,Y,Four-Way,N,Non-Junction,None,,,         ,Anthony,Butler,Clear,Angle,no,no,no,no,no,False
103205475,METROPOLITAN NASHVILLE POLICE DEPT,20220046081,Davidson,Nashville,1/31/2022 12:47:00 PM,2,0,0,36.130320,-86.802030,21ST AVS,,,,0.00,,,BLAIR BLVD,,,,0.00,Y,Four-Way, ,Intersection,None,,,         ,Earl,Davis,Cloudy,Angle,no,no,no,no,no,False
103205496,METROPOLITAN NASHVILLE POLICE DEPT,20220046041,Davidson,Nashville,1/31/2022 12:00:00 AM,1,0,0,36.162230,-86.774360,1ST AVN,,,,0.00,,,BROADWAY,,,,0.00,Y,T-Intersection,N,OtherLocation,Construction Zone,Laneclosure,Advanced Warning Area,         ,Joshua,Reece,Clear,Not Collision with Motor Vehicle in Transport,no,no,no,no,yes,False
103205518,METROPOLITAN NASHVILLE POLICE DEPT,20220046141,Davidson,Nashville,1/31/2022 1:14:00 PM,2,1,0,36.118770,-86.700050,BRILEY PKWY S EXT RAMP,,,,0.00,,,BRILEY PKWYS,,,,0.00,Y,Four-Way,N,Non-Junction,None,,,         ,Joshua,Hausman,Clear,Front to Rear,no,no,no,no,no,False
103205519,METROPOLITAN NASHVILLE POLICE DEPT,20220046066,Davidson,Nashville,1/31/2022 11:40:00 AM,2,0,0,36.121250,-86.696710,BRILEY PKWYN,,,,94.00,Feet,South,BRILEY PKWY,,,,0.00,N,Not at Intersection,N,Non-Junction,None,,,         ,Rachael,Robinson,Clear,Angle,no,no,no,no,yes,False
103205521,METROPOLITAN NASHVILLE POLICE DEPT,20220046145,Davidson,Goodlettsville,1/31/2022 1:29:00 PM,2,0,0,36.287050,-86.705320,GALLATIN PKEN,,,,99.00,Feet,North,EDENWOLD RD,,,,0.00,N,Not at Intersection,N,Non-Junction,None,,,         ,Christopher,Littles,Clear,Not Collision with Motor Vehicle in Transport,no,no,no,no,no,False
103205523,METROPOLITAN NASHVILLE POLICE DEPT,20220045957,Davidson,Nashville,1/31/2022 11:09:00 AM,2,0,0,36.166930,-86.756510,S 7TH ST,,,,26.00,Feet,North,CAYCE PLACE PVTDR,,,,0.00,N,Not at Intersection,N,Non-Junction,None,,,         ,Faye,Denson,Clear,Angle,no,no,no,no,no,False
103205533,METROPOLITAN NASHVILLE POLICE DEPT,20220046090,Davidson,Nashville,1/31/2022 12:00:00 AM,3,0,0,36.196000,-86.768000,LUCILE ST,,,,249.00,Feet,West,MERIDIAN ST,,,,0.00,N,Not at Intersection,N,Non-Junction,None,,,         ,Dylan,Chambers,Cloudy,Angle,no,no,no,no,yes,False
103205542,METROPOLITAN NASHVILLE POLICE DEPT,20200046129,Davidson,Nashville,1/31/2022 12:00:00 PM,2,0,0,36.118475,-86.873599,DAVIDSON RD,,,,1.00,Feet,North,,,,,0.00,,Not at Intersection,N,Non-Junction,None,,,         ,Brad,Houser,Clear,"Sideswipe, Same Direction",no,no,no,yes,no,False
103205550,METROPOLITAN NASHVILLE POLICE DEPT,20220046052,Davidson,Nashville,1/31/2022 11:50:00 AM,2,0,0,36.088020,-86.690910,HARDING PL,,,,443.00,Feet,East,ANTIOCH PKE,,,,0.00,N,Not at Intersection, ,,None,,,         ,Robert,Higgins,,,no,no,no,no,no,False
103205551,METROPOLITAN NASHVILLE POLICE DEPT,20220046029,Davidson,Nashville,1/31/2022 10:45:00 AM,1,0,0,36.152700,-86.882790,ANNEX AV,,,,157.00,Feet,South,AMERICAN RD,,,,0.00,N,Not at Intersection,N,Non-Junction,None,,,         ,Jeffery,Leiser,Clear,Not Collision with Motor Vehicle in Transport,no,no,no,yes,no,False
103205584,METROPOLITAN NASHVILLE POLICE DEPT,20220046147,Davidson,Nashville,1/31/2022 1:26:00 PM,2,1,0,36.146450,-86.763080,TRIMBLE ST,,,,0.00,,,WHARF AVE,,,,0.00,Y,T-Intersection,N,Non-Junction,None,,,         ,Brian,Penny,Clear,"Sideswipe, Opposite Direction",no,no,no,no,no,False
103205598,METROPOLITAN NASHVILLE POLICE DEPT,20220046201,Davidson,Not in City Limit,1/31/2022 2:14:00 PM,1,1,0,36.277880,-86.799620,I24 W ENT RAMP,,,,0.00,,,I 24,,,,0.00,Y,Y-Intersection,N,Non-Junction,None,,,         ,Christopher,Littles,Clear,Not Collision with Motor Vehicle in Transport,no,no,no,no,no,False
103205600,METROPOLITAN NASHVILLE POLICE DEPT,20220046069,Davidson,Not in City Limit,1/30/2022 7:29:00 PM,1,0,0,36.312300,-86.882290,CLARKSVILLE PKE,,,,0.00,,,,,,,0.00,,,N,Non-Junction,None,,,         ,Jeanine,Sarno,Clear,Not Collision with Motor Vehicle in Transport,no,no,no,yes,yes,False
103205601,METROPOLITAN NASHVILLE POLICE DEPT,20220046117,Davidson,Nashville,1/31/2022 1:07:00 PM,2,1,0,36.081100,-86.758360,HARDING PL,,,,0.00,,,TROUSDALE DR,,,,0.00,Y,Four-Way,N,Intersection,None,,,         ,Cameron,Fritschie,Clear,Angle,no,no,no,no,no,False
103205602,METROPOLITAN NASHVILLE POLICE DEPT,20220045113,Davidson,Nashville,1/30/2022 9:15:00 PM,2,1,0,36.150690,-86.767950,2ND AVS,,,,0.00,,,LAFAYETTE ST,,,,0.00,Y,Five Point Or More,Y,Intersection,None,,,         ,Courtney,Kirtley,Clear,Angle,no,no,no,no,no,False
103205609,BELLE MEADE POLICE DEPT,22-0026,Davidson,Nashville,1/31/2022 12:20:00 PM,2,0,0,36.087400,-86.851350,LYNNWOOD BLVD,,,,353.00,Feet,South,FORSYTHE PL,,,,0.00,N,Not at Intersection, ,,Work Zone,,,         ,David,Read,,,no,no,no,no,no,False
103205617,METROPOLITAN NASHVILLE POLICE DEPT,20220046243,Davidson,Nashville,1/31/2022 2:45:00 PM,2,2,0,36.126250,-86.629880,BELL RD,,,,240.00,Feet,North,PRIEST WOODS DR,,,,0.00,N,Not at Intersection,N,Non-Junction,None,,,         ,Theodore,Flick,Clear,Front to Rear,no,no,no,no,no,False
103205618,METROPOLITAN NASHVILLE POLICE DEPT,20220046255,Davidson,Nashville,1/31/2022 2:54:00 PM,2,1,0,36.214490,-86.730520,STRATFORD AV,,,,0.00,Feet,,GALLATIN PKE,,,,0.00,Y,T-Intersection,N,Intersection-Related,None,,,         ,Jason,Milyaro Lucas,Clear,Front to Rear,no,no,no,no,no,False
103205648,METROPOLITAN NASHVILLE POLICE DEPT,20220046217,Davidson,Nashville,1/31/2022 2:28:00 PM,2,1,0,36.246660,-86.756610,DICKERSON PKE,,,,0.00,,,SKYLINE COMMONS PVTDR,,,,0.00,Y,Four-Way,N,Intersection,None,,,         ,Dillon,Deleacaes,Clear,Angle,no,no,no,no,yes,False
103205655,METROPOLITAN NASHVILLE POLICE DEPT,20220046347,Davidson,Nashville,1/31/2022 3:11:00 PM,2,1,0,36.045040,-86.779380,I 65,,,,0.00,,,,,,,75.05,N,Not at Intersection,N,Non-Junction,None,,,         ,Steven,Powers,Clear,"Sideswipe, Same Direction",no,no,no,no,yes,False
103205672,METROPOLITAN NASHVILLE POLICE DEPT,20220046365,Davidson,Nashville,1/31/2022 3:00:00 PM,2,1,0,36.163290,-86.826040,ALBION ST,,,,0.00,,,33RD AVN,,,,0.00,Y,Four-Way,Y,Intersection,None,,,         ,Jarrett,Messick,Clear,Angle,no,no,no,no,no,False
103205680,METROPOLITAN NASHVILLE POLICE DEPT,20220046434,Davidson,Nashville,1/31/2022 4:28:00 PM,2,0,0,36.205890,-86.768610,E TRINITY LN,,,,0.00,,,DICKERSON PKE,,,,0.00,Y,Four-Way,N,Intersection,None,,,         ,Cooper,HIll,Clear,Angle,no,no,no,no,no,False
103205693,METROPOLITAN NASHVILLE POLICE DEPT,20220046379,Davidson,Nashville,1/31/2022 3:51:00 PM,2,0,0,36.189710,-86.739640,GREENWOOD AV,,,,304.00,Feet,West,CHAPEL AV,,,,0.00,N,Not at Intersection,N,Non-Junction,None,,,         ,Tyler,Lewis,Clear,Angle,no,no,no,no,yes,False
103205697,METROPOLITAN NASHVILLE POLICE DEPT,20220046451,Davidson,Nashville,1/31/2022 4:40:00 PM,2,0,0,36.079600,-86.726320,HARDING PL,,,,0.00,,,NOLENSVILLE PKE,,,,0.00,Y,Four-Way, ,,None,,,         ,Steven,Powers,,,no,no,no,no,no,False
103205705,METROPOLITAN NASHVILLE POLICE DEPT,20220046450,Davidson,Nashville,1/31/2022 4:33:00 PM,2,0,0,36.085550,-86.701430,I24 E ENT RAMP,,,,0.00,Feet,,I 24,,,,0.00,Y,Four-Way,N,Intersection-Related,None,,,         ,Gary,Anderson,Clear,Front to Rear,no,no,no,no,no,False
103205740,METROPOLITAN NASHVILLE POLICE DEPT,20220046361,Davidson,Nashville,1/31/2022 3:41:00 PM,2,0,0,36.061260,-86.681210,I 24,,,,0.00,,,,,,,57.75,N,Not at Intersection,N,Non-Junction,None,,,         ,Joseph,Hurst,Clear,Front to Rear,no,no,no,no,no,False
103205741,METROPOLITAN NASHVILLE POLICE DEPT,20220046441,Davidson,Nashville,1/31/2022 3:34:00 PM,2,0,0,36.044970,-86.665280,BELL RD,,,,0.00,,,,,,,0.00,,,N,Non-Junction,None,,,         ,Joseph,Hurst,Clear,Angle,no,no,no,no,yes,False
103205742,METROPOLITAN NASHVILLE POLICE DEPT,20220046412,Davidson,Nashville,1/31/2022 4:15:00 PM,3,0,0,36.153060,-86.764850,I 40,,,,0.00,,,,,,,210.65,N,Not at Intersection,N,Non-Junction,None,,,         ,Douglas,Mann,Clear,Front to Rear,no,no,no,no,no,False
103205754,METROPOLITAN NASHVILLE POLICE DEPT,20220046476,Davidson,Antioch,1/31/2022 4:29:00 PM,2,0,0,36.047840,-86.612050,MURFREESBORO PKE,,,,1284.00,Feet,North,MOUNTAIN SPRINGS RD,,,,0.00,N,Not at Intersection, ,Non-Junction,None,,,         ,Nathaniel,Myers,Clear,"Sideswipe, Same Direction",no,no,no,no,no,False
103205756,METROPOLITAN NASHVILLE POLICE DEPT,20220046513,Davidson,Nashville,1/31/2022 4:38:00 PM,2,0,0,36.118710,-86.809410,HILLSBORO PKE,,,,341.00,Feet,North,GOLF CLUB LN,,,,0.00,N,Not at Intersection, ,Non-Junction,None,,,         ,Steven,Powers,Clear,Front to Rear,no,no,no,no,no,False
103205758,METROPOLITAN NASHVILLE POLICE DEPT,20220046478,Davidson,Nashville,1/31/2022 4:00:00 PM,2,0,0,36.092970,-86.703050,METROPLEX DR,,,,1154.00,Feet,North,ANTIOCH PKE,,,,0.00,N,Not at Intersection,N,Non-Junction,None,,,         ,John,Braxton,Clear,Front to Rear,no,no,no,no,no,False
103205759,METROPOLITAN NASHVILLE POLICE DEPT,20220046527,Davidson,Nashville,1/31/2022 12:00:00 AM,2,1,0,36.163280,-86.762100,I 24,,,,0.00,,,,,,,49.20,N,Not at Intersection,N,Non-Junction,None,,,         ,Trevor,Taylor,Clear,"Sideswipe, Same Direction",no,no,no,no,yes,False
103205766,METROPOLITAN NASHVILLE POLICE DEPT,20220046473,Davidson,Nashville,1/31/2022 4:45:00 PM,2,1,0,36.156450,-86.806590,CHARLOTTE AV,,,,48.00,Feet,West,21ST AVN,,,,0.00,N,Not at Intersection,N,Non-Junction,None,,,         ,Hendrik,Kruger,Clear,"Sideswipe, Opposite Direction",no,no,no,no,no,False
103205770,METROPOLITAN NASHVILLE POLICE DEPT,20220046481,Davidson,Nashville,1/31/2022 5:20:00 PM,2,0,0,36.127710,-86.762080,CRAIGHEAD ST,,,,513.00,Feet,North,WAYCROSS DR,,,,0.00,N,Not at Intersection,N,Non-Junction,Unknown,Laneclosure,Unknown,         ,Samuel,Sundra,Clear,Front to Rear,no,no,no,no,no,False
103205772,METROPOLITAN NASHVILLE POLICE DEPT,20220046400,Davidson,Nashville,1/31/2022 4:09:00 PM,2,1,0,36.155650,-86.789720,BROADWAY,,,,0.00,,,I40 E EXT RAMP,,,,0.00,Y,Four-Way,Y,Intersection,None,,,         ,Dakota,Davis,Clear,Angle,no,no,no,no,no,False
103205780,METROPOLITAN NASHVILLE POLICE DEPT,20220046576,Davidson,Nashville,1/31/2022 6:07:00 PM,3,2,0,36.077140,-86.641460,MURFREESBORO PKE,,,,0.00,,,LAKEVILLA DR,,,,0.00,Y,Four-Way,N,Intersection-Related,None,,,         ,Joseph,Hurst,Clear,Front to Rear,no,no,no,no,no,False
103205791,METROPOLITAN NASHVILLE POLICE DEPT,20220046371,Davidson,Nashville,1/31/2022 3:51:00 PM,3,0,0,36.071020,-86.635240,MURFREESBORO PKE,,,,415.00,Feet,South,BELL RD,,,,0.00,N,Not at Intersection,N,Non-Junction,None,,,         ,Beri,Scott,Clear,Angle,no,no,no,no,no,False
103205793,METROPOLITAN NASHVILLE POLICE DEPT,20220046554,Davidson,Nashville,1/31/2022 5:50:00 PM,2,0,0,36.158730,-86.818530,CLIFTON AV,,,,0.00,Feet,,28TH AVN,,,,0.00,Y,Four-Way,Y,Intersection,None,,,         ,Scarlett,Collins,Clear,Angle,no,no,no,no,yes,False
103205800,METROPOLITAN NASHVILLE POLICE DEPT,20220046524,Davidson,Nashville,1/31/2022 5:26:00 PM,3,1,0,36.158980,-86.791920,I 40,,,,0.00,,,,,,,208.15,N,Not at Intersection,N,Non-Junction,None,,,         ,Dakota,Davis,Clear,Front to Rear,no,no,no,no,no,False
103205802,METROPOLITAN NASHVILLE POLICE DEPT,20220046249,Davidson,Nashville,1/31/2022 12:30:00 PM,2,0,0,36.195640,-86.621340,LEBANON PKE,,,,120.00,Feet,East,BONNASPRING DR,,,,0.00,N,Not at Intersection,N,Non-Junction,None,,,         ,Christian,Vanders,Cloudy,Front to Rear,no,no,no,yes,yes,False
103205803,METROPOLITAN NASHVILLE POLICE DEPT,20220046591,Davidson,Nashville,1/31/2022 5:54:00 PM,2,2,0,36.117050,-86.631330,BELL RD,,,,419.00,Feet,South,HERON POINTE DR,,,,0.00,N,Not at Intersection,N,Non-Junction,None,,,         ,Robert,Marquez,Clear,Front to Rear,no,no,no,no,no,False
103205807,METROPOLITAN NASHVILLE POLICE DEPT,20220046484,Davidson,Nashville,1/31/2022 5:04:00 PM,2,2,0,36.229380,-86.759280,BROADMOOR DR,,,,0.00,,,DICKERSON PKE,,,,0.00,Y,Four-Way,N,Intersection,None,,,         ,Fady,Aziz,Clear,HeadOn,no,no,no,no,no,False
103205819,METROPOLITAN NASHVILLE POLICE DEPT,20220046573,Davidson,Nashville,1/31/2022 6:00:00 PM,2,0,0,36.242270,-86.760290,DOVERSIDE DR,,,,56.00,Feet,West,SKYLINE COMMONS PVTDR,,,,0.00,N,Not at Intersection,N,Non-Junction,None,,,         ,Theodore,Kenney,Clear,"Sideswipe, Same Direction",no,no,no,no,no,False
103205822,METROPOLITAN NASHVILLE POLICE DEPT,20220046294,Davidson,Nashville,1/31/2022 3:05:00 PM,2,0,0,36.191020,-86.798950,VANTAGE WAY CT,,,,0.00,,,ROSA L PARKS BLVD,,,,0.00,Y,Four-Way, ,Intersection,None,,,         ,Jonathan,Sharp,Clear,"Sideswipe, Opposite Direction",no,no,no,no,no,False