master_record_number,agency,agency_tracking_number,county,city,collision_date,vehicles_involved,number_injured,number_dead,latitude,longitude,roadway_name,roadway_suffix,roadway_number,roadway_local_id,distance_from_reference,miles-feet_indicator,direction_from_reference,intersection_road_name,intersection_road_name_suffix,intersection_road_number,intersection_local_id,mile_marker,intersection_indicator,intersect_type,interchange_related_indicator,relation_to_junction,work_zone_type,construction_maintenance_zone,construction_maintenance_zone_location,fatal_case_number,officer_first_name,officer_last_name,weather_condition(s),manner_of_crash,pedestrian,bicycle,scooter,parking,hitrun,mou
103210960,METROPOLITAN NASHVILLE POLICE DEPT,20220057591,Davidson,Nashville,2/7/2022 2:20:00 PM,3,0,0,36.158870,-86.798000,CHARLOTTE AV,,,,53.00,Feet,East,17TH AVN,,,,0.00,N,Not at Intersection,N,Non-Junction,None,,,         ,Dakota,Davis,Clear,Front to Rear,no,no,no,no,no,False
103210967,METROPOLITAN NASHVILLE POLICE DEPT,20220057598,Davidson,Nashville,2/7/2022 2:57:00 PM,2,0,0,36.181380,-86.760010,NEILL AV,,,,36.00,Feet,South,MANSFIELD CT,,,,0.00,N,Not at Intersection, ,Non-Junction,None,,,         ,Tyler,Lewis,Clear,"Sideswipe, Same Direction",no,no,no,no,no,False
103210989,METROPOLITAN NASHVILLE POLICE DEPT,20220057648,Davidson,Nashville,2/7/2022 3:25:00 PM,2,0,0,36.040490,-86.780130,OLD HICKORY BLVD,,,,224.00,Feet,East,I65 N ENT RAMP,,,,0.00,N,Not at Intersection, ,Non-Junction,None,,,         ,Dylan,Motes,Clear,Angle,no,no,no,no,no,False
103210994,METROPOLITAN NASHVILLE POLICE DEPT,20220057733,Davidson,Nashville,2/7/2022 5:22:00 PM,1,1,0,36.231770,-86.827330,BRILEY PKWYW,,,,693.00,Feet,West,BRILEY PKWYE,,,,0.00,N,Not at Intersection,N,Non-Junction,None,,,         ,Keegan,Winchell,Clear,Not Collision with Motor Vehicle in Transport,no,no,no,no,no,False
103210996,METROPOLITAN NASHVILLE POLICE DEPT,20220057667,Davidson,Nashville,2/7/2022 4:32:00 PM,2,1,0,36.185890,-86.749910,SEYMOUR AV,,,,0.00,,,BAILEY ST,,,,0.00,Y,T-Intersection,Y,Intersection,None,,,         ,Tyler,Lewis,Clear,Angle,no,no,no,no,no,False
103210998,METROPOLITAN NASHVILLE POLICE DEPT,20220057713,Davidson,Nashville,2/7/2022 5:07:00 PM,2,2,0,36.086560,-86.691550,ANTIOCH PKE,,,,371.00,Feet,South,HARDING PL,,,,0.00,N,Not at Intersection,N,Non-Junction,None,,,         ,Beri,Scott,Clear,HeadOn,no,no,no,no,no,False
103210999,METROPOLITAN NASHVILLE POLICE DEPT,20220057744,Davidson,Nashville,2/7/2022 12:00:00 AM,2,0,0,36.160500,-86.783130,ROSA L PARKS BLVD,,,,103.00,Feet,North,COMMERCE ST,,,,0.00,N,Not at Intersection, ,,None,,,         ,Trevor,Taylor,,,no,no,no,no,no,False
103211014,METROPOLITAN NASHVILLE POLICE DEPT,20220057743,Davidson,Nashville,2/7/2022 5:25:00 PM,3,0,0,36.190740,-86.826370,CLARKSVILLE PKE,,,,114.00,Feet,East,TSU CONNECTOR,,,,0.00,N,Not at Intersection, ,Non-Junction,None,,,         ,Scarlett,Collins,Clear,Front to Rear,no,no,no,no,no,False
103211016,METROPOLITAN NASHVILLE POLICE DEPT,20220057750,Davidson,Nashville,2/7/2022 3:30:00 PM,2,0,0,36.160480,-86.818960,28TH AVN,,,,107.00,Feet,North,BOOKER ST,,,,0.00,N,Not at Intersection,N,Non-Junction,None,,,         ,Hendrik,Kruger,Clear,Front to Rear,no,no,no,no,yes,False
103211033,METROPOLITAN NASHVILLE POLICE DEPT,20220057825,Davidson,Nashville,2/7/2022 6:43:00 PM,2,1,0,36.150750,-86.750110,I 40,,,,0.00,,,,,,,211.60,N,Not at Intersection,N,Non-Junction,None,,,         ,Douglas,Mann,Clear,Front to Rear,no,no,no,no,no,False
103211041,METROPOLITAN NASHVILLE POLICE DEPT,20220057791,Davidson,Nashville,2/7/2022 6:02:00 PM,2,1,0,36.238060,-86.831000,STEVENS LN,,,,60.00,Feet,West,CLARKSVILLE PKE,,,,0.00,N,Not at Intersection,N,Non-Junction,None,,,         ,Keegan,Winchell,Clear,"Sideswipe, Opposite Direction",no,no,no,no,yes,False
103211073,METROPOLITAN NASHVILLE POLICE DEPT,20220057834,Davidson,Nashville,2/7/2022 6:24:00 PM,2,1,0,36.090820,-86.625840,BELL RD,,,,261.00,Feet,East,SMITH SPRINGS RD,,,,0.00,N,Not at Intersection,N,Non-Junction,None,,,         ,Robert,Marquez,Clear,Front to Rear,no,no,no,no,yes,False
103211103,METROPOLITAN NASHVILLE POLICE DEPT,20220057790,Davidson,Goodlettsville,2/7/2022 6:17:00 PM,2,0,0,36.299600,-86.696810,GALLATIN PKEN,,,,93.00,Feet,South,CUDE LN,,,,0.00,N,Not at Intersection, ,Non-Junction,None,,,         ,Marcus,Mitchell,Clear,Angle,no,no,no,no,no,False
103211186,METROPOLITAN NASHVILLE POLICE DEPT,20220057918,Davidson,Nashville,2/7/2022 6:00:00 PM,2,0,0,36.130550,-86.716060,MURFREESBORO PKE,,,,335.00,Feet,East,FOOTHILL DR,,,,0.00,N,Not at Intersection,N,Non-Junction,None,,,         ,Robert,Crow,Clear,Angle,no,no,no,yes,yes,False
103211192,METROPOLITAN NASHVILLE POLICE DEPT,20220057836,Davidson,Nashville,2/7/2022 6:51:00 PM,4,1,0,36.037400,-86.786570,FRANKLIN PKE,,,,0.00,,,OLD HICKORY BLVD,,,,0.00,Y,Four-Way,N,Intersection,None,,,         ,Tyler,Shanks,Clear,Front to Rear,no,no,no,no,no,False
103211201,METROPOLITAN NASHVILLE POLICE DEPT,20220057931,Davidson,Nashville,2/7/2022 8:28:00 PM,1,0,0,36.050010,-86.649410,BELL RD,,,,0.00,,,MT VIEW RD,,,,0.00,Y,Four-Way,N,Intersection-Related,None,,,         ,Beri,Scott,Clear,Not Collision with Motor Vehicle in Transport,no,no,no,no,no,False
103211202,METROPOLITAN NASHVILLE POLICE DEPT,20220057951,Davidson,Goodlettsville,2/7/2022 8:57:00 PM,2,0,0,36.301620,-86.693480,GALLATIN PKEN,,,,15.00,Feet,West,THE GALLERY AT RIVERGATE PVTDR,,,,0.00,N,Not at Intersection,Y,Non-Junction,None,,,         ,Marcus,Mitchell,Clear,Angle,no,no,no,no,no,False
103211203,METROPOLITAN NASHVILLE POLICE DEPT,20220057979,Davidson,Nashville,2/7/2022 9:09:00 PM,1,0,0,36.062570,-86.923380,BELLEVUE RD,,,,80.00,Feet,East,HICKS RD,,,,0.00,N,Not at Intersection,N,Non-Junction,None,,,         ,Blake,Langford,Clear,Not Collision with Motor Vehicle in Transport,no,no,no,no,yes,False
103211221,METROPOLITAN NASHVILLE POLICE DEPT,20220057783,Davidson,Nashville,2/7/2022 6:10:00 PM,2,2,0,36.062350,-86.644810,RURAL HILL RD,,,,235.00,Feet,North,HICKORY HIGHLANDS DR,,,,0.00,N,Not at Intersection,N,Non-Junction,None,,,         ,Nathaniel,Myers,Clear,HeadOn,no,no,no,no,no,False
103211238,METROPOLITAN NASHVILLE POLICE DEPT,20220057790,Davidson,Nashville,2/7/2022 6:17:00 PM,2,5,0,36.255010,-86.715250,MADISON SQ,,,,3.00,Feet,West,GALLATIN PKES,,,,0.00,N,Not at Intersection,N,Non-Junction,None,,,         ,Dillon,Deleacaes,Clear,HeadOn,no,no,no,no,no,False
103211255,METROPOLITAN NASHVILLE POLICE DEPT,20220058005,Davidson,Nashville,2/7/2022 10:10:00 PM,1,1,0,36.157330,-86.853400,MORROW RD,,,,42.00,Feet,South,ILLINOIS AV,,,,0.00,N,Not at Intersection,N,Non-Junction,None,,,         ,Theodore,Meskers,Clear,Not Collision with Motor Vehicle in Transport,no,no,no,no,no,False
103211267,METROPOLITAN NASHVILLE POLICE DEPT,20220058082,Davidson,Nashville,2/7/2022 11:32:00 PM,3,1,0,36.170720,-86.740160,S 17TH ST,,,,174.00,Feet,North,SHELBY AV,,,,0.00,N,Not at Intersection,N,Non-Junction,None,,,         ,Shaquille,Graham,Clear,Front to Rear,no,no,no,no,no,False
103211268,METROPOLITAN NASHVILLE POLICE DEPT,20220058154,Davidson,Nashville,2/7/2022 11:26:00 PM,2,0,0,36.168680,-86.759410,SHELBY AV,,,,50.00,Feet,East,S 6TH ST,,,,0.00,N,Not at Intersection,N,Non-Junction,None,,,         ,David,Rehm,Cloudy,"Sideswipe, Opposite Direction",no,no,no,no,yes,False
103211290,METROPOLITAN NASHVILLE POLICE DEPT,20220058236,Davidson,Nashville,2/8/2022 2:17:00 AM,2,1,0,36.046270,-86.660910,I 24,,,,0.00,,,,,,,59.30,N,Not at Intersection,N,Non-Junction,None,,,         ,Lisa,Beck,Clear,"Sideswipe, Same Direction",no,no,no,no,no,False
103211310,METROPOLITAN NASHVILLE POLICE DEPT,20220058316,Davidson,Nashville,2/8/2022 3:47:00 AM,1,1,0,36.110890,-86.744510,THOMPSON LN,,,,210.00,Feet,East,NOLENSVILLE PKE,,,,0.00,N,Not at Intersection,N,Non-Junction,None,,,         ,Dillon,Gann,Clear,Not Collision with Motor Vehicle in Transport,no,no,no,no,no,False
103211325,GOODLETTSVILLE POLICE DEPT,22-04011,Davidson,Goodlettsville,2/7/2022 4:44:00 PM,3,0,0,36.308750,-86.690730,VIETNAM VETERANS BLVDN,,,,1263.00,Feet,East,CONFERENCE DR,,,,0.00,N,Not at Intersection,N,Non-Junction,None,,,         ,Rico,Jones,Clear,"Sideswipe, Same Direction",no,no,no,no,no,False
103211328,METROPOLITAN NASHVILLE POLICE DEPT,20220058436,Davidson,Nashville,2/8/2022 6:17:00 AM,1,0,0,36.074650,-86.692900,I 24,,,,0.00,,,,,,,56.60,N,Not at Intersection,N,Non-Junction,None,,,         ,Alex,DiBernardo,Clear,Not Collision with Motor Vehicle in Transport,no,no,no,no,no,False
103211329,METROPOLITAN NASHVILLE POLICE DEPT,20220058333,Davidson,Antioch,2/7/2022 12:00:00 AM,2,0,0,36.029330,-86.637400,I 24,,,,0.00,,,,,,,61.05,N,Not at Intersection,N,Non-Junction,Construction Zone,Laneclosure,Activity Area,         ,Paul,Hughes II,Clear,"Sideswipe, Same Direction",no,no,no,no,yes,False
103211359,METROPOLITAN NASHVILLE POLICE DEPT,20220058506,Davidson,Nashville,2/8/2022 7:14:00 AM,2,0,0,36.141810,-86.712790,I 40,,,,0.00,,,,,,,214.00,N,Not at Intersection, ,Non-Junction,None,,,         ,Michael,Raash,Clear,Front to Rear,no,no,no,no,no,False
103211360,METROPOLITAN NASHVILLE POLICE DEPT,20220058504,Davidson,Not in City Limit,2/8/2022 7:12:00 AM,2,0,0,36.077700,-86.996570,I 40,,,,0.00,,,,,,,193.85,N,Not at Intersection,N,Non-Junction,None,,,         ,Wesley,Tilley,Clear,Front to Rear,no,no,no,no,no,False
103211364,METROPOLITAN NASHVILLE POLICE DEPT,2022-0058465,Davidson,Nashville,2/8/2022 6:51:00 AM,3,2,0,36.232280,-86.624640,SHUTE LN,,,,28.00,Feet,East,OLD HICKORY BLVD,,,,0.00,N,Not at Intersection,N,Non-Junction,None,,,         ,Calvin,Graham,Clear,Angle,no,no,no,no,no,False
103211378,METROPOLITAN NASHVILLE POLICE DEPT,20220058451,Davidson,Nashville,2/8/2022 6:35:00 AM,3,0,0,36.248020,-86.720570,DUE WEST AVW,,,,64.00,Feet,West,GALLATIN PKES,,,,0.00,N,Not at Intersection,N,Non-Junction,None,,,         ,Brian,Otto,Clear,Angle,no,no,no,no,no,False
103211407,METROPOLITAN NASHVILLE POLICE DEPT,20220058536,Davidson,Not in City Limit,2/8/2022 7:40:00 AM,3,2,0,36.266640,-86.756710,DICKERSON PKE,,,,108.00,Feet,South,DARBYTOWN DR,,,,0.00,N,Not at Intersection,N,Non-Junction,None,,,         ,Travis,Baxter,Clear,HeadOn,no,no,no,no,yes,False
103211419,METROPOLITAN NASHVILLE POLICE DEPT,20220058584,Davidson,Nashville,2/8/2022 7:56:00 AM,2,0,0,36.089040,-86.636390,NASHBORO BLVD,,,,0.00,,,FLINTLOCK CT,,,,0.00,Y,T-Intersection, ,Intersection-Related,None,,,         ,Adam,Kauffman,Clear,"Sideswipe, Same Direction",no,no,no,no,yes,False
103211421,METROPOLITAN NASHVILLE POLICE DEPT,20220058635,Davidson,Nashville,2/8/2022 8:34:00 AM,2,0,0,36.115880,-86.783244,,,I440,,0.00,,East,,,,,5.00,N,Not at Intersection, ,Non-Junction,None,,,         ,Cameron,Fritschie,Clear,"Sideswipe, Same Direction",no,no,no,no,no,False
103211422,METROPOLITAN NASHVILLE POLICE DEPT,20220058517,Davidson,Nashville,2/8/2022 12:00:00 AM,2,0,0,36.179590,-86.756730,MYRTLE ST,,,,106.00,Feet,South,SMILEY ST,,,,0.00,N,Not at Intersection, ,Non-Junction,None,,,         ,Dylan,Chambers,Clear,Front to Rear,no,no,no,no,yes,False
103211427,WILLIAMSON CO SHERIFFS OFFICE,222617,Davidson,Nashville,2/8/2022 7:17:00 AM,2,0,0,36.039470,-86.869350,BEECH CREEK RDN,,,,42.00,Feet,South,HILLSBORO RD,,,,0.00,N,Not at Intersection, ,Non-Junction,None,,,         ,Ethan,Lankford,Clear,Front to Rear,no,no,no,no,no,False
103211433,METROPOLITAN NASHVILLE POLICE DEPT,20220058652,Davidson,Nashville,2/8/2022 9:00:00 AM,1,0,0,36.146300,-86.761520,TRIMBLE ST,,,,0.00,,,CLAIBORNE ST,,,,0.00,Y,T-Intersection,N,Intersection,None,,,         ,Rickie,Corman,Clear,Not Collision with Motor Vehicle in Transport,no,no,no,no,yes,False
103211442,METROPOLITAN NASHVILLE POLICE DEPT,2022058570,Davidson,Nashville,2/8/2022 8:03:00 AM,2,0,0,36.163370,-86.762190,I 24,,,,0.00,,,,,,,49.20,N,Not at Intersection, ,Non-Junction,None,,,         ,Joshua,Reece,Clear,Angle,no,no,no,no,no,False
103211446,METROPOLITAN NASHVILLE POLICE DEPT,20220058648,Davidson,Nashville,2/8/2022 8:50:00 AM,2,1,0,36.176210,-86.766210,ELLINGTON PKWYS,,,,57.00,Feet,North,SPRING ST,,,,0.00,N,Not at Intersection,N,Non-Junction,None,,,         ,Dylan,Chambers,Clear,Front to Rear,no,no,no,no,no,False
103211471,METROPOLITAN NASHVILLE POLICE DEPT,20220058701,Davidson,Nashville,2/8/2022 9:42:00 AM,2,0,0,36.153600,-86.847510,I 40,,,,0.00,,,,,,,204.50,N,Not at Intersection, ,Non-Junction,None,,,         ,Jeffery,Leiser,Clear,"Sideswipe, Same Direction",no,no,no,no,no,False
103211472,METROPOLITAN NASHVILLE POLICE DEPT,20220058559,Davidson,Nashville,2/8/2022 8:10:00 AM,2,2,0,36.254850,-86.733620,CHADWELL DR,,,,0.00,,,S GRAYCROFT AVE,,,,0.00,Y,Four-Way,N,Intersection,None,,,         ,Brandon,O'Guin,Clear,Angle,no,no,no,no,no,False
103211504,METROPOLITAN NASHVILLE POLICE DEPT,20220058851,Davidson,Nashville,2/8/2022 11:00:00 AM,2,0,0,36.150080,-86.870530,I 40,,,,0.00,,,,,,,203.20,N,Not at Intersection, ,Non-Junction,Maintenance Zone,,,         ,Douglas,Atwood,Clear,Front to Rear,no,no,no,no,yes,False
103211510,METROPOLITAN NASHVILLE POLICE DEPT,20220058840,Davidson,Nashville,2/8/2022 11:10:00 AM,2,0,0,36.248360,-86.742490,I 65,,,,0.00,,,,,,,91.05,N,Not at Intersection, ,,None,,,         ,Chase,Carter,,,no,no,no,no,no,False
103211512,METROPOLITAN NASHVILLE POLICE DEPT,20220058749,Davidson,Nashville,2/8/2022 9:45:00 AM,2,0,0,36.153510,-86.851660,I 40,,,,0.00,,,,,,,204.30,N,Not at Intersection,N,Non-Junction,Maintenance Zone,Intermittent Moving Work,Activity Area,         ,Jeffery,Leiser,Clear,"Sideswipe, Same Direction",no,no,no,no,no,False
103211514,METROPOLITAN NASHVILLE POLICE DEPT,20220058839,Davidson,Nashville,2/8/2022 11:40:00 AM,2,0,0,36.085650,-86.701430,-- UNKNOWN RAMP/ROAD --,,,,0.00,Feet,East,I 24,,,,0.00,N,Not at Intersection, ,Non-Junction,None,,,         ,Andre,Williams,Clear,"Sideswipe, Same Direction",no,no,no,no,yes,False
103211518,METROPOLITAN NASHVILLE POLICE DEPT,20220058835,Davidson,Nashville,2/8/2022 11:00:00 AM,2,0,0,36.149640,-86.872710,I 40,,,,0.00,,,,,,,203.05,N,Not at Intersection, ,Non-Junction,Work Zone,,,         ,George,Spencer,Clear,"Sideswipe, Same Direction",no,no,no,no,no,False
103211547,METROPOLITAN NASHVILLE POLICE DEPT,2022058881,Davidson,Nashville,2/8/2022 11:28:00 AM,2,0,0,36.168800,-86.780670,GAY ST,,,,0.00,,,3RD AVN,,,,0.00,Y,Four-Way,N,Intersection,None,,,         ,Joshua,Reece,Clear,Front to Rear,no,no,no,no,yes,False
103211551,METROPOLITAN NASHVILLE POLICE DEPT,20220058880,Davidson,Nashville,2/8/2022 12:00:00 AM,1,0,0,36.141600,-86.764500,4TH AVS,,,,4.00,Feet,North,HUMPHREYS ST,,,,0.00,N,Not at Intersection, ,Non-Junction,None,,,         ,Cherell,Kinchloe,Clear,Not Collision with Motor Vehicle in Transport,no,no,no,no,yes,False
103211594,METROPOLITAN NASHVILLE POLICE DEPT,20220058799,Davidson,Nashville,2/8/2022 10:46:00 AM,2,0,0,36.040900,-86.779380,OLD HICKORY BLVD,,,,0.00,,,STONE BROOK DR,,,,0.00,Y,Four-Way, ,Intersection,None,,,         ,Earl,Davis,Clear,Angle,no,no,no,no,no,False
103211635,METROPOLITAN NASHVILLE POLICE DEPT,20220059013,Davidson,Nashville,2/7/2022 6:45:00 PM,2,0,0,36.153430,-86.788720,DEMONBREUN ST,,,,100.00,Feet,West,14TH AVS,,,,0.00,N,Not at Intersection,N,OtherLocation,None,,,         ,Earl,Davis,Cloudy,Rear to Rear,no,no,no,yes,yes,False
103211650,METROPOLITAN NASHVILLE POLICE DEPT,20220059014,Davidson,Goodlettsville,2/8/2022 1:04:00 PM,3,0,0,36.302760,-86.691860,CONFERENCE DR,,,,4.00,Feet,North,GALLATIN PKEN,,,,0.00,N,Not at Intersection, ,,None,,,         ,James,Gilliam,,,no,no,no,no,no,False
103211692,METROPOLITAN NASHVILLE POLICE DEPT,202200588970007,Davidson,Nashville,2/5/2022 12:26:00 PM,1,0,0,36.198470,-86.798450,ATHENS WAY,,,,220.00,Feet,South,GREAT CIRCLE RD,,,,0.00,N,Not at Intersection,N,Non-Junction,None,,,         ,Jean,McCormack,Clear,Not Collision with Motor Vehicle in Transport,no,no,no,yes,yes,False
103211715,METROPOLITAN NASHVILLE POLICE DEPT,20220059089,Davidson,Nashville,2/8/2022 1:46:00 PM,2,1,0,36.206270,-86.773480,W TRINITY LN,,,,0.00,,,I65 N ENT RAMP,,,,0.00,Y,T-Intersection,Y,Intersection,None,,,         ,Jarret,Sonnenberg,Clear,Angle,no,no,no,no,no,False
103211718,METROPOLITAN NASHVILLE POLICE DEPT,20220059057,Davidson,Nashville,2/8/2022 1:31:00 PM,2,1,0,36.154920,-86.758440,DRIFTWOOD ST,,,,52.00,Feet,North,HERMITAGE AV,,,,0.00,N,Not at Intersection,N,Non-Junction,None,,,         ,Larry,Benz,Clear,Angle,no,no,no,no,no,False
103211722,METROPOLITAN NASHVILLE POLICE DEPT,20220059099,Davidson,Nashville,2/8/2022 1:55:00 PM,3,1,0,36.192320,-86.616300,JUAREZ DR,,,,0.00,,,OLD HICKORY BLVD,,,,0.00,Y,Four-Way,N,Intersection,None,,,         ,Michael,Raash,Clear,Angle,no,no,no,no,no,False
103211757,METROPOLITAN NASHVILLE POLICE DEPT,20220059216,Davidson,Nashville,2/8/2022 2:56:00 PM,2,0,0,36.255630,-86.707270,NEELYS BEND RD,,,,0.00,,,IDLEWILD AV,,,,0.00,Y,Four-Way, ,Intersection-Related,None,,,         ,Dillon,Deleacaes,Clear,Angle,no,no,no,no,no,False
103211783,METROPOLITAN NASHVILLE POLICE DEPT,20220059189,Davidson,Nashville,2/8/2022 12:00:00 AM,2,1,0,36.071460,-86.733360,EDMONDSON PKE,,,,188.00,Feet,North,SUTER DR,,,,0.00,N,Not at Intersection,N,Non-Junction,None,,,         ,Ashley,Kappenmacher,Clear,Other,no,no,no,no,no,False
103211807,METROPOLITAN NASHVILLE POLICE DEPT,20220059249,Davidson,Nashville,2/8/2022 12:51:00 PM,2,0,0,36.213380,-86.775610,I 65,,,,0.00,,,,,,,87.80,N,Not at Intersection,N,Non-Junction,None,,,         ,Keegan,Winchell,Clear,"Sideswipe, Same Direction",no,no,no,no,no,False
103211810,METROPOLITAN NASHVILLE POLICE DEPT,20220058681,Davidson,Nashville,2/8/2022 8:46:00 AM,2,0,0,36.087430,-86.692210,ANTIOCH PKE,,,,0.00,,,HARDING PL,,,,0.00,Y,Four-Way, ,,None,,,         ,Timothy,Mead,,,no,no,no,no,no,False
103211812,METROPOLITAN NASHVILLE POLICE DEPT,20220059226,Davidson,Nashville,2/8/2022 12:55:00 PM,2,0,0,36.138850,-86.880270,HILLWOOD BLVD,,,,116.00,Feet,East,CHARLOTTE PKE,,,,0.00,N,Not at Intersection,N,Non-Junction,None,,,         ,Jeremy,Huffine,Clear,Angle,no,no,no,no,yes,False
103211814,GOODLETTSVILLE POLICE DEPT,22-04150,Davidson,Goodlettsville,2/8/2022 4:20:00 PM,2,0,0,36.323050,-86.707790,LONG HOLLOW PKE,,,,65.00,Feet,West,CARTWRIGHT ST,,,,0.00,N,Not at Intersection, ,Non-Junction,None,,,         ,Rico,Jones,Clear,Front to Rear,no,no,no,no,no,False
103211816,METROPOLITAN NASHVILLE POLICE DEPT,20220059133,Davidson,Nashville,2/8/2022 2:26:00 PM,2,0,0,36.121617,-86.759018,,,I440E,,0.00,,East,,,,,500.40,N,Not at Intersection,N,Non-Junction,None,,,         ,Matthew,Hogan,Clear,Front to Rear,no,no,no,no,yes,False
103211821,METROPOLITAN NASHVILLE POLICE DEPT,20220059188,Davidson,Nashville,2/8/2022 2:53:00 PM,3,0,0,36.103660,-86.715260,I 24,,,,0.00,,,,,,,54.25,N,Not at Intersection,N,Non-Junction,None,,,         ,John,Braxton,Clear,"Sideswipe, Same Direction",no,no,no,no,no,False
103211824,METROPOLITAN NASHVILLE POLICE DEPT,20220059125,Davidson,Not in City Limit,2/8/2022 2:13:00 PM,2,0,0,36.262230,-86.677970,STATE RT 45,,,,344.00,Feet,East,EAGAN CIR,,,,0.00,N,Not at Intersection,N,Non-Junction,None,,,         ,Cameron,Van Der Merwe,Clear,Front to Rear,no,no,no,no,no,False
103211852,METROPOLITAN NASHVILLE POLICE DEPT,20220059394,Davidson,Nashville,2/8/2022 5:10:00 PM,2,0,0,36.094290,-86.758250,SIDCO DR,,,,0.00,,,POWELL AV,,,,0.00,Y,T-Intersection,N,Intersection,None,,,         ,Steven,Powers,Clear,Angle,no,no,no,no,no,False
103211875,METROPOLITAN NASHVILLE POLICE DEPT,20220059300,Davidson,Nashville,2/8/2022 3:56:00 PM,3,0,0,36.161960,-86.760660,I 24,,,,0.00,,,,,,,49.35,N,Not at Intersection, ,Non-Junction,None,,,         ,Forrest,Punke,Clear,Front to Rear,no,no,no,no,no,False
103211897,METROPOLITAN NASHVILLE POLICE DEPT,20220059449,Davidson,Nashville,2/8/2022 5:05:00 PM,2,0,0,36.059190,-86.902910,OLD HICKORY BLVD,,,,1247.00,Feet,South,HIGHWAY 100,,,,0.00,N,Not at Intersection, ,,None,,,         ,Heather,Fox,,,no,no,no,no,no,False
103211898,METROPOLITAN NASHVILLE POLICE DEPT,20220059417,Davidson,Nashville,2/8/2022 4:30:00 PM,2,0,0,36.169360,-86.679890,LEBANON PKE,,,,0.00,,,MCGAVOCK PKE,,,,0.00,Y,Four-Way,N,Intersection,None,,,         ,Douglas,Mann,Clear,Angle,no,no,no,no,yes,False
103211899,METROPOLITAN NASHVILLE POLICE DEPT,20220059360,Davidson,Nashville,2/8/2022 4:52:00 PM,2,1,0,36.082670,-86.710490,TAMPA DR,,,,0.00,Feet,,HARDING PL,,,,0.00,Y,Four-Way,N,Intersection,None,,,         ,Thomas,Parsons,Clear,Angle,no,no,no,no,no,False
103211907,METROPOLITAN NASHVILLE POLICE DEPT,20220059514,Davidson,Not in City Limit,2/8/2022 6:33:00 PM,2,0,0,36.262210,-86.712210,GALLATIN PKES,,,,0.00,,,E OLD HICKORY BLVD,,,,0.00,Y,Four-Way,N,Intersection-Related,None,,,         ,Dillon,Deleacaes,Clear,"Sideswipe, Opposite Direction",no,no,no,no,yes,False
103211909,METROPOLITAN NASHVILLE POLICE DEPT,20220059397,Davidson,Nashville,2/8/2022 4:21:00 PM,2,0,0,36.221140,-86.804900,REVELS DR,,,,0.00,,,WHITES CREEK PKE,,,,0.00,Y,Four-Way, ,Intersection,None,,,         ,Craig,Paschetti,Clear,Angle,no,no,no,no,no,False
103211910,METROPOLITAN NASHVILLE POLICE DEPT,20220059399,Davidson,Goodlettsville,2/8/2022 5:22:00 PM,2,0,0,36.307890,-86.693020,VIETNAM VETERANS BLVDN,,,,250.00,Feet,East,VIETNAM VETERANS BLVD SB EXT R,,,,0.00,N,Not at Intersection, ,Non-Junction,None,,,         ,Wesley,Carver,Clear,Front to Rear,no,no,no,no,no,False
103211918,METROPOLITAN NASHVILLE POLICE DEPT,20220059477,Davidson,Nashville,2/8/2022 6:18:00 PM,1,1,0,36.163400,-86.843270,CENTENNIAL BLVD,,,,1045.00,Feet,West,DR WALTER S DAVIS BLVD,,,,0.00,N,Not at Intersection,N,Rail Grade Crossing,None,,,         ,Eric,Westbrook,Clear,Not Collision with Motor Vehicle in Transport,no,no,no,no,no,False
103211931,METROPOLITAN NASHVILLE POLICE DEPT,20220059361,Davidson,Nashville,2/8/2022 4:18:00 PM,2,0,0,36.099750,-86.871400,HARDING PKE,,,,8.00,Feet,North,HIGHWAY 100,,,,0.00,N,Not at Intersection,N,Non-Junction,None,,,         ,Jeremy,Huffine,Clear,Angle,no,no,no,no,no,False
103211932,METROPOLITAN NASHVILLE POLICE DEPT,20220059550,Davidson,Nashville,2/8/2022 6:41:00 PM,2,0,0,36.092110,-86.705010,I 24,,,,0.00,,,,,,,55.20,N,Not at Intersection, ,,None,,,         ,John,Walden,,,no,no,no,no,no,False
103211949,METROPOLITAN NASHVILLE POLICE DEPT,20220059590,Davidson,Nashville,2/8/2022 7:27:00 PM,2,0,0,36.136550,-86.775620,I 65,,,,0.00,,,,,,,81.60,N,Not at Intersection, ,,None,,,         ,Dakota,Davis,,,no,no,no,no,no,False
103211951,METROPOLITAN NASHVILLE POLICE DEPT,20220059296,Davidson,Nashville,2/8/2022 3:44:00 PM,2,0,0,36.232290,-86.624730,SHUTE LN,,,,0.00,,,OLD HICKORY BLVD,,,,0.00,Y,T-Intersection, ,Intersection,None,,,         ,Cheri,Cox,Clear,Front to Rear,no,no,no,no,no,False
103211952,METROPOLITAN NASHVILLE POLICE DEPT,20220059546,Davidson,Nashville,2/8/2022 7:09:00 PM,2,1,0,36.143410,-86.688140,I 40,,,,0.00,,,,,,,215.40,N,Not at Intersection,N,Non-Junction,None,,,         ,Douglas,Mann,Clear,Unknown,no,no,no,no,no,False
103211953,METROPOLITAN NASHVILLE POLICE DEPT,20220059190,Davidson,Not in City Limit,2/8/2022 2:58:00 PM,2,1,0,36.080350,-86.958530,I 40,,,,0.00,,,,,,,196.20,N,Not at Intersection,N,Non-Junction,None,,,         ,Zacarias,Brito Jr.,Clear,Front to Rear,no,no,no,no,no,False