master_record_number,agency,agency_tracking_number,county,city,collision_date,vehicles_involved,number_injured,number_dead,latitude,longitude,roadway_name,roadway_suffix,roadway_number,roadway_local_id,distance_from_reference,miles-feet_indicator,direction_from_reference,intersection_road_name,intersection_road_name_suffix,intersection_road_number,intersection_local_id,mile_marker,intersection_indicator,intersect_type,interchange_related_indicator,relation_to_junction,work_zone_type,construction_maintenance_zone,construction_maintenance_zone_location,fatal_case_number,officer_first_name,officer_last_name,weather_condition(s),manner_of_crash,pedestrian,bicycle,scooter,parking,hitrun,mou
103211992,THP District 3 - Nashville,322008477,Davidson,Not in City Limit,2/8/2022 5:53:00 PM,2,0,0,36.326740,-86.885990,I 24,,,,0.00,,,,,,,34.00,N,Not at Intersection, ,Non-Junction,None,,,         ,Jacob,Farley,Clear,Angle,no,no,no,no,yes,False
103212007,METROPOLITAN NASHVILLE POLICE DEPT,20220059445,Davidson,Nashville,2/8/2022 5:28:00 PM,2,1,0,36.081080,-86.755610,HARDING PL,,,,65.00,Feet,West,TIMBERHILL DR,,,,0.00,N,Not at Intersection,N,Non-Junction,None,,,         ,Matthew,Hogan,Clear,Angle,no,no,no,no,no,False
103212008,METROPOLITAN NASHVILLE POLICE DEPT,20220059545,Davidson,Nashville,2/8/2022 5:35:00 PM,2,1,0,36.045200,-86.715180,OLD HICKORY BLVD,,,,113.00,Feet,West,BRENTWOOD EAST DR,,,,0.00,N,Not at Intersection,N,Non-Junction,None,,,         ,Travis,Pemberton,Clear,Angle,no,no,no,no,no,False
103212014,METROPOLITAN NASHVILLE POLICE DEPT,20220059497,Davidson,Nashville,2/8/2022 6:26:00 PM,2,0,0,36.110080,-86.735920,THOMPSON PARK DR,,,,3.00,Feet,North,THOMPSON LN,,,,0.00,N,Not at Intersection,N,Non-Junction,None,,,         ,Amgad,Bekhit,,Angle,no,no,no,no,no,False
103212018,METROPOLITAN NASHVILLE POLICE DEPT,20220059680,Davidson,Nashville,2/8/2022 6:55:00 PM,2,0,0,36.168380,-86.766070,I 24,,,,0.00,,,,,,,48.80,N,Not at Intersection,N,Non-Junction,None,,,         ,Douglas,Mann,Clear,"Sideswipe, Same Direction",no,no,no,no,yes,False
103212037,METROPOLITAN NASHVILLE POLICE DEPT,20220059636,Davidson,Nashville,2/7/2022 6:27:00 PM,2,0,0,36.073660,-86.676620,SAILFISH CT,,,,123.00,Feet,West,WAIKIKI BLVD,,,,0.00,N,Not at Intersection,N,Non-Junction,None,,,         ,Steven,Bowler,Clear,Angle,no,no,no,no,yes,False
103212059,METROPOLITAN NASHVILLE POLICE DEPT,20220059675,Davidson,Not in City Limit,2/8/2022 8:53:00 PM,2,1,0,36.262210,-86.712210,GALLATIN PKES,,,,0.00,,,E OLD HICKORY BLVD,,,,0.00,Y,T-Intersection,N,Intersection,None,,,         ,Joshua,Hargrave,Clear,Front to Rear,no,no,no,no,no,False
103212060,METROPOLITAN NASHVILLE POLICE DEPT,20220059650,Davidson,Nashville,2/8/2022 8:20:00 PM,3,0,0,36.183970,-86.772480,JOSEPH AV,,,,118.00,Feet,South,HANCOCK ST,,,,0.00,N,Not at Intersection,N,Non-Junction,None,,,         ,Flynn,Ireland,Clear,"Sideswipe, Opposite Direction",no,no,no,no,no,False
103212071,METROPOLITAN NASHVILLE POLICE DEPT,20220059518,Davidson,Not in City Limit,2/8/2022 6:49:00 PM,2,1,0,36.283390,-86.706960,EDGEMEADE BLVD,,,,0.00,,,GALLATIN PKEN,,,,0.00,Y,T-Intersection,N,Non-Junction,None,,,         ,Cameron,Van Der Merwe,Clear,HeadOn,no,no,no,no,yes,False
103212072,BERRY HILL POLICE DEPT,22-0322,Davidson,Berry Hill,2/8/2022 9:18:00 PM,2,0,0,36.120090,-86.775010,FRANKLIN PKE,,,,0.00,,,GALE LN,,,,0.00,Y,T-Intersection,N,Intersection,None,,,         ,Dawn,Thornsberry,Clear,Angle,no,no,no,no,no,False
103212084,METROPOLITAN NASHVILLE POLICE DEPT,20220059599,Davidson,Nashville,2/8/2022 4:49:00 PM,3,0,0,36.071210,-86.635450,MURFREESBORO PKE,,,,321.00,Feet,South,BELL RD,,,,0.00,N,Not at Intersection,N,Non-Junction,None,,,         ,Nathaniel,Myers,Clear,Angle,no,no,no,no,no,False
103212117,METROPOLITAN NASHVILLE POLICE DEPT,20220059734,Davidson,Nashville,2/8/2022 9:50:00 PM,2,0,0,36.239470,-86.753420,,,I65,,0.00,,,,,,,90.20,N,Not at Intersection,N,Non-Junction,None,,,         ,Zachariah,Souza,Clear,"Sideswipe, Same Direction",no,no,no,no,no,False
103212137,METROPOLITAN NASHVILLE POLICE DEPT,20220059586,Davidson,Goodlettsville,2/8/2022 7:38:00 PM,2,2,0,36.294060,-86.694050,SPRING BRANCH APTS PVTDR,,,,0.00,Feet,East,SPRING BRANCH DR,,,,0.00,N,Not at Intersection,N,Non-Junction,None,,,         ,Marcus,Mitchell,Clear,Angle,no,no,no,no,yes,False
103212138,METROPOLITAN NASHVILLE POLICE DEPT,20220059767,Davidson,Nashville,2/8/2022 10:42:00 PM,2,1,0,36.154480,-86.779440,8TH AVS,,,,0.00,,,LAFAYETTE ST,,,,0.00,Y,Roundabout,N,Intersection,None,,,         ,James,Hill,Clear,Angle,no,no,no,no,no,False
103212140,METROPOLITAN NASHVILLE POLICE DEPT,20220059836,Davidson,Nashville,2/8/2022 9:30:00 PM,2,0,0,36.212160,-86.592070,TRENTON DR,,,,62.00,Feet,North,PHOENIX DR,,,,0.00,N,Not at Intersection, ,Non-Junction,None,,,         ,Nelson,Hemingway,Clear,Not Collision with Motor Vehicle in Transport,no,no,no,no,yes,False
103212142,METROPOLITAN NASHVILLE POLICE DEPT,20220059848,Davidson,Nashville,2/8/2022 12:00:00 AM,2,0,0,36.093420,-86.736270,NOLENSVILLE PKE,,,,0.00,,,NATCHEZ CT,,,,0.00,Y,T-Intersection,Y,Intersection,None,,,         ,Clayton,Cox,Clear,Angle,no,no,no,no,yes,False
103212143,METROPOLITAN NASHVILLE POLICE DEPT,20220059183,Davidson,Nashville,2/8/2022 2:56:00 PM,1,1,0,36.092750,-86.676630,EZELL PKE,,,,0.00,,,,,,,0.00,,,N,Non-Junction,None,,,         ,Joseph,Hurst,Clear,Not Collision with Motor Vehicle in Transport,no,no,no,no,no,False
103212148,METROPOLITAN NASHVILLE POLICE DEPT,20220059887,Davidson,Nashville,2/9/2022 12:30:00 AM,1,0,0,36.165670,-86.793010,CLINTON ST,,,,39.00,Feet,West,11TH AVN,,,,0.00,N,Not at Intersection,N,Non-Junction,None,,,         ,Cory,Fetner,Clear,Not Collision with Motor Vehicle in Transport,no,no,no,no,no,False
103212158,METROPOLITAN NASHVILLE POLICE DEPT,20220059863,Davidson,Nashville,2/9/2022 12:00:00 AM,2,0,0,36.162500,-86.790790,11TH AVN,,,,85.00,Feet,South,SHANKLAND ST,,,,0.00,N,Not at Intersection,N,Non-Junction,None,,,         ,Damon,Hutcheson,Clear,"Sideswipe, Same Direction",no,no,no,no,yes,False
103212174,METROPOLITAN NASHVILLE POLICE DEPT,20220059822,Davidson,Nashville,2/8/2022 12:00:00 AM,4,2,0,36.195890,-86.775580,I 65,,,,0.00,,,,,,,86.55,N,Not at Intersection,N,Non-Junction,None,,,         ,Hunter,Levan,Clear,Front to Rear,no,no,no,no,no,False
103212191,METROPOLITAN NASHVILLE POLICE DEPT,20220059915,Davidson,Nashville,2/9/2022 1:30:00 AM,2,0,0,36.191540,-86.786070,I 65,,,,0.00,,,,,,,86.00,N,Not at Intersection, ,Non-Junction,None,,,         ,Clayton,Lewis,Clear,Front to Rear,no,no,no,no,no,False
103212192,METROPOLITAN NASHVILLE POLICE DEPT,20220059977,Davidson,Nashville,2/9/2022 12:00:00 AM,2,0,0,36.130070,-86.900780,CHARLOTTE PKE,,,,0.00,,,CABOT DR,,,,0.00,Y,T-Intersection,N,Intersection,None,,,         ,Kristopher,Sharpe,Clear,Front to Rear,no,no,no,no,yes,False
103212226,METROPOLITAN NASHVILLE POLICE DEPT,20220060109,Davidson,Nashville,2/9/2022 5:35:00 AM,1,1,0,36.229680,-86.760920,EWING DR,,,,495.00,Feet,West,DICKERSON PKE,,,,0.00,N,Not at Intersection,N,Non-Junction,None,,,         ,Peter,Kinsey,Clear,Not Collision with Motor Vehicle in Transport,no,no,no,no,no,False
103212234,METROPOLITAN NASHVILLE POLICE DEPT,20220060161,Davidson,Nashville,2/9/2022 6:37:00 AM,3,0,0,36.121610,-86.751730,I440 E EXT RAMP,,,,334.00,Feet,West,I 440,,,,0.00,N,Not at Intersection,Y,Entrance/Exit Ramp Related,None,,,         ,Earl,Davis,Clear,Front to Rear,no,no,no,no,yes,False
103212239,BERRY HILL POLICE DEPT,22-0318,Davidson,Berry Hill,2/8/2022 1:18:00 PM,2,0,0,36.119940,-86.770980,BERRY RD,,,,0.00,,,,,,,0.00,,, ,OtherLocation,None,,,         ,Ronnie,Hill,Clear,Front to Rear,no,no,no,yes,no,False
103212241,METROPOLITAN NASHVILLE POLICE DEPT,20220060171,Davidson,Nashville,2/9/2022 6:29:00 AM,1,1,0,36.056190,-86.642070,BELL RD,,,,440.00,Feet,North,THE OVERLOOK PVTDR,,,,0.00,N,Not at Intersection,N,Non-Junction,None,,,         ,Stanley,Collins,Cloudy,Not Collision with Motor Vehicle in Transport,no,no,no,no,no,False
103212254,METROPOLITAN NASHVILLE POLICE DEPT,20220060248,Davidson,Nashville,2/9/2022 7:38:00 AM,2,1,0,36.038210,-86.800900,OLD HICKORY BLVD,,,,0.00,,,WESTPARK DR,,,,0.00,Y,T-Intersection,N,Intersection,None,,,         ,Earl,Davis,Clear,Angle,no,no,no,no,no,False
103212261,METROPOLITAN NASHVILLE POLICE DEPT,20220057268,Davidson,Nashville,2/7/2022 11:42:00 AM,1,2,0,36.036290,-86.641210,CROSSINGS BLVD,,,,777.00,Feet,East,CROSSINGS CIR,,,,0.00,N,Not at Intersection,N,OtherLocation,None,,,         ,Nicholas,Hoffmann,Clear,Not Collision with Motor Vehicle in Transport,no,no,no,no,no,False
103212270,METROPOLITAN NASHVILLE POLICE DEPT,20220059042,Davidson,Nashville,2/8/2022 1:15:00 PM,3,1,0,36.132020,-86.801430,21ST AVS,,,,85.00,Feet,North,BERNARD AV,,,,0.00,N,Not at Intersection,N,OtherLocation,None,,,         ,Earl,Davis,Clear,Other,no,no,no,no,no,False
103212282,METROPOLITAN NASHVILLE POLICE DEPT,20220060186,Davidson,Not in City Limit,2/9/2022 6:30:00 AM,2,0,0,36.324140,-86.869320,I 24,,,,0.00,,,,,,,34.85,N,Not at Intersection,Y,Non-Junction,None,,,         ,Jeanine,Sarno,Clear,"Sideswipe, Same Direction",no,no,no,no,yes,False
103212291,METROPOLITAN NASHVILLE POLICE DEPT,20220060222,Davidson,Nashville,2/9/2022 7:00:00 AM,3,0,0,36.179890,-86.762830,ELLINGTON PKWYS,,,,634.00,Feet,South,ELLINGTON PKWYN,,,,0.00,N,Not at Intersection, ,Non-Junction,None,,,         ,Dylan,Chambers,Clear,Front to Rear,no,no,no,no,no,False
103212303,METROPOLITAN NASHVILLE POLICE DEPT,20220060381,Davidson,Nashville,2/9/2022 9:00:00 AM,1,0,0,36.153590,-86.788110,I 40,,,,0.00,,,,,,,209.25,N,Not at Intersection,Y,Entrance/Exit Ramp Related,None,,,         ,Earl,Davis,Clear,Not Collision with Motor Vehicle in Transport,no,no,no,no,no,False
103212305,METROPOLITAN NASHVILLE POLICE DEPT,2022060287,Davidson,Nashville,2/9/2022 8:10:00 AM,2,0,0,36.157980,-86.772640,2ND AVS,,,,0.00,,,KOREAN VETERANS BLVD,,,,0.00,Y,Four-Way,N,Intersection,None,,,         ,Wesley,Young,Clear,Angle,no,no,no,no,yes,False
103212307,METROPOLITAN NASHVILLE POLICE DEPT,20220060255,Davidson,Nashville,2/9/2022 6:53:00 AM,2,0,0,36.144210,-86.626440,BELL RD,,,,450.00,Feet,South,LINCOYA BAY DR,,,,0.00,N,Not at Intersection,N,Non-Junction,None,,,         ,Adam,Kauffman,Clear,Front to Rear,no,no,no,no,no,False
103212319,METROPOLITAN NASHVILLE POLICE DEPT,2022060367,Davidson,Nashville,2/9/2022 8:54:00 AM,3,0,0,36.168300,-86.777070,JAMES ROBERTSON PKWY,,,,130.00,Feet,East,GAY ST,,,,0.00,N,Not at Intersection,N,Non-Junction,None,,,         ,Joshua,Reece,Clear,Front to Rear,no,no,no,no,no,False
103212326,METROPOLITAN NASHVILLE POLICE DEPT,20220060283,Davidson,Nashville,2/9/2022 8:00:00 AM,2,0,0,36.216450,-86.775070,I 65,,,,0.00,,,,,,,88.00,N,Not at Intersection, ,Non-Junction,None,,,         ,Anthony,Butler,Clear,Front to Rear,no,no,no,no,no,False
103212331,METROPOLITAN NASHVILLE POLICE DEPT,20220060404,Davidson,Not in City Limit,2/9/2022 8:55:00 AM,2,0,0,36.268180,-86.710750,GALLATIN PKEN,,,,91.00,Feet,North,CUMBERLAND AV,,,,0.00,N,Not at Intersection, ,Non-Junction,None,,,         ,Brian,Otto,Clear,Angle,no,no,no,no,no,False
103212333,METROPOLITAN NASHVILLE POLICE DEPT,20220060310,Davidson,Nashville,2/9/2022 8:20:00 AM,4,1,0,36.128940,-86.629350,BELL RD,,,,500.00,Feet,North,PRIEST WOODS DR,,,,0.00,N,Not at Intersection,N,Non-Junction,None,,,         ,Adam,Kauffman,Clear,"Sideswipe, Opposite Direction",no,no,no,no,no,False
103212336,METROPOLITAN NASHVILLE POLICE DEPT,20220060446,Davidson,Nashville,2/9/2022 9:43:00 AM,2,0,0,36.216350,-86.775260,I 65,,,,0.00,,,,,,,88.00,N,Not at Intersection,N,Non-Junction,None,,,         ,William,Coy,Clear,Front to Rear,no,no,no,no,yes,False
103212341,METROPOLITAN NASHVILLE POLICE DEPT,20220060491,Davidson,Nashville,2/9/2022 10:02:00 AM,2,0,0,36.082140,-86.761820,HARDING PL,,,,55.00,Feet,West,SIDCO DR,,,,0.00,N,Not at Intersection, ,Non-Junction,None,,,         ,Earl,Davis,Clear,Front to Rear,no,no,no,no,no,False
103212347,METROPOLITAN NASHVILLE POLICE DEPT,20220060504,Davidson,Nashville,2/9/2022 12:00:00 AM,2,0,0,36.176360,-86.815780,OSAGE ST,,,,150.00,Feet,East,25TH AVN,,,,0.00,N,Not at Intersection, ,Non-Junction,None,,,         ,Bianca,Crawford,Clear,Angle,no,no,no,no,yes,False
103212360,METROPOLITAN NASHVILLE POLICE DEPT,20220060566,Davidson,Nashville,2/9/2022 9:39:00 AM,3,0,0,36.135700,-86.822870,WEST END AV,,,,203.00,Feet,West,I440 WEST END AV ENT RAMP,,,,0.00,N,Not at Intersection, ,Non-Junction,None,,,         ,Jared,Dick,Clear,Front to Rear,no,no,no,no,no,False
103212361,METROPOLITAN NASHVILLE POLICE DEPT,20220060580,Davidson,Nashville,2/9/2022 10:58:00 AM,2,0,0,36.152710,-86.754550,I 40,,,,0.00,,,,,,,211.30,N,Not at Intersection, ,Non-Junction,None,,,         ,Michael,Raash,Clear,"Sideswipe, Same Direction",no,no,no,no,no,False
103212363,METROPOLITAN NASHVILLE POLICE DEPT,20220060512,Davidson,Nashville,2/9/2022 10:12:00 AM,2,0,0,36.145950,-86.666600,ROYAL PKWY,,,,0.00,,,DONELSON PKE,,,,0.00,Y,Four-Way, ,Intersection,None,,,         ,Patrick,Lancaster,Clear,Front to Rear,no,no,no,no,no,False
103212386,METROPOLITAN NASHVILLE POLICE DEPT,20220060690,Davidson,Nashville,2/9/2022 12:00:00 PM,2,0,0,36.040250,-86.744960,OLD HICKORY BLVD,,,,450.00,Feet,West,EDMONDSON PKE,,,,0.00,N,Not at Intersection,N,Non-Junction,None,,,         ,Earl,Davis,Clear,Other,no,no,no,yes,yes,False
103212388,METROPOLITAN NASHVILLE POLICE DEPT,20220060524,Davidson,Nashville,2/9/2022 9:28:00 AM,2,0,0,36.130010,-86.834090,WHITLAND AV,,,,0.00,,,WILSON BLVDS,,,,0.00,Y,OTHER, ,,None,,,         ,Darren,Key,,,no,no,no,no,no,False
103212390,METROPOLITAN NASHVILLE POLICE DEPT,20220060550,Davidson,Nashville,2/9/2022 10:30:00 AM,2,0,0,36.176910,-86.774580,SPRING ST,,,,0.00,,,N 1ST ST,,,,0.00,Y,Four-Way, ,Intersection,None,,,         ,Sean,Pulizzano,Clear,HeadOn,no,no,no,no,yes,False
103212419,METROPOLITAN NASHVILLE POLICE DEPT,20220060578,Davidson,Nashville,2/9/2022 10:58:00 AM,2,1,0,36.242070,-86.747870,I65 N ENT RAMP,,,,0.00,Feet,East,I 65,,,,0.00,N,Not at Intersection,N,Entrance/Exit Ramp Related,None,,,         ,Christopher,Littles,Clear,"Sideswipe, Same Direction",no,no,no,no,yes,False
103212486,METROPOLITAN NASHVILLE POLICE DEPT,2022060731,Davidson,Nashville,2/9/2022 10:54:00 AM,2,0,0,36.158410,-86.790610,CHURCH ST,,,,0.00,,,GEORGE L DAVIS BLVD,,,,0.00,Y,Four-Way, ,Intersection,None,,,         ,Joshua,Reece,Clear,Front to Rear,no,no,no,no,no,False
103212557,METROPOLITAN NASHVILLE POLICE DEPT,20220060715,Davidson,Nashville,2/9/2022 12:10:00 PM,2,0,0,36.153740,-86.847890,I 40,,,,0.00,,,,,,,204.50,N,Not at Intersection,N,Non-Junction,None,,,         ,Wesley,Tilley,Clear,Front to Rear,no,no,no,no,yes,False
103212582,METROPOLITAN NASHVILLE POLICE DEPT,20220060730,Davidson,Nashville,2/9/2022 11:15:00 AM,2,0,0,36.181050,-86.787300,VAN BUREN ST,,,,0.00,,,2ND AVN,,,,0.00,Y,Four-Way, ,Intersection,Construction Zone,,,         ,Sean,Pulizzano,Clear,Other,no,no,no,no,no,False
103212665,METROPOLITAN NASHVILLE POLICE DEPT,20220060653,Davidson,Nashville,2/9/2022 11:35:00 AM,2,1,0,36.163680,-86.808480,21ST AVN,,,,0.00,Feet,East,HERMOSA ST,,,,0.00,N,Not at Intersection,N,Non-Junction,None,,,         ,Rachel,Susee,Clear,Angle,no,no,no,no,no,False
103212674,METROPOLITAN NASHVILLE POLICE DEPT,20220060906,Davidson,Nashville,2/9/2022 2:47:00 PM,2,1,0,36.080530,-86.696790,I 24,,,,0.00,,,,,,,56.15,N,Not at Intersection,N,Non-Junction,None,,,         ,Joseph,Hurst,Clear,Front to Rear,no,no,no,no,no,False
103212730,METROPOLITAN NASHVILLE POLICE DEPT,20220060827,Davidson,Nashville,2/9/2022 12:04:00 PM,2,0,0,36.151280,-86.862670,I 40,,,,0.00,,,,,,,203.65,N,Not at Intersection, ,,None,,,         ,Kyle,Lund,,,no,no,no,no,no,False
103212733,METROPOLITAN NASHVILLE POLICE DEPT,20220060954,Davidson,Nashville,2/9/2022 3:09:00 PM,2,1,0,36.215120,-86.597110,LEBANON PKE,,,,163.00,Feet,East,ANDREW JACKSON PKWY,,,,0.00,N,Not at Intersection,N,Non-Junction,None,,,         ,Jeffrey,Palomino-Gonzalez,Clear,Angle,no,no,no,no,no,False
103212748,METROPOLITAN NASHVILLE POLICE DEPT,20220060953,Davidson,Nashville,2/9/2022 3:09:00 PM,2,0,0,36.237540,-86.735510,BRILEY PKWYE,,,,170.00,Feet,South,BRILEY PKWYW,,,,0.00,N,Not at Intersection,N,Non-Junction,Work Zone,,,         ,Theodore,Kenney,Clear,Front to Rear,no,no,no,no,yes,False
103212763,METROPOLITAN NASHVILLE POLICE DEPT,20220060969,Davidson,Antioch,2/9/2022 2:20:00 PM,3,1,0,36.015100,-86.619950,I24 W EXT RAMP,,,,0.00,,,I 24,,,,0.00,Y,T-Intersection,N,Entrance/Exit Ramp Related,None,,,         ,Keith,Parlato,Clear,Front to Rear,no,no,no,no,no,False
103212770,METROPOLITAN NASHVILLE POLICE DEPT,20220061005,Davidson,Nashville,2/9/2022 3:30:00 PM,2,0,0,36.159160,-86.760010,I 24,,,,0.00,,,,,,,49.70,N,Not at Intersection, ,,None,,,         ,Kelcey,Bell,,,no,no,no,no,no,False
103212793,METROPOLITAN NASHVILLE POLICE DEPT,20220061052,Davidson,Nashville,2/9/2022 4:10:00 PM,3,1,0,36.044040,-86.781140,I 65,,,,0.00,,,,,,,75.00,N,Not at Intersection,N,Non-Junction,None,,,         ,Tyler,Shanks,Clear,Angle,no,no,no,no,no,False
103212809,METROPOLITAN NASHVILLE POLICE DEPT,20220061137,Davidson,Nashville,2/9/2022 5:08:00 PM,2,2,0,36.049980,-86.649500,BELL RD,,,,0.00,,,MT VIEW RD,,,,0.00,Y,Four-Way,N,Intersection,None,,,         ,Joseph,Hurst,Clear,Angle,no,no,no,no,no,False
103212823,METROPOLITAN NASHVILLE POLICE DEPT,20220061185,Davidson,Nashville,2/9/2022 5:16:00 PM,2,0,0,36.128750,-86.754130,NOLENSVILLE PKE,,,,206.00,Feet,North,CARSON ST,,,,0.00,N,Not at Intersection,N,Non-Junction,None,,,         ,Austin,Binner,Clear,"Sideswipe, Same Direction",no,no,no,no,yes,False
103212830,METROPOLITAN NASHVILLE POLICE DEPT,20220061110,Davidson,Nashville,2/9/2022 4:39:00 PM,2,0,0,36.115990,-86.787040,I 440,,,,0.00,,,,,,,4.15,N,Not at Intersection,N,Non-Junction,None,,,         ,Steven,Powers,Clear,Front to Rear,no,no,no,no,no,False
103212834,METROPOLITAN NASHVILLE POLICE DEPT,20220061033,Davidson,Nashville,2/9/2022 3:45:00 PM,2,0,0,36.081380,-86.759390,HARDING PL,,,,321.00,Feet,West,TROUSDALE DR,,,,0.00,N,Not at Intersection,N,Non-Junction,None,,,         ,Jacob,Robbins,Clear,Angle,no,no,no,no,yes,False
103212838,METROPOLITAN NASHVILLE POLICE DEPT,20220061146,Davidson,Nashville,2/9/2022 12:00:00 AM,2,0,0,36.161340,-86.597130,BELL RD,,,,0.00,,,OLD HICKORY BLVD,,,,0.00,Y,Four-Way,N,Intersection,None,,,         ,Keenan,McCann,Clear,Angle,no,no,no,no,no,False
103212840,METROPOLITAN NASHVILLE POLICE DEPT,20220061116,Davidson,Nashville,2/9/2022 4:53:00 PM,1,0,0,36.162640,-86.656160,MCCAMPBELL AV,,,,0.00,Feet,North,EBONY DR,,,,0.00,N,Not at Intersection,N,Non-Junction,None,,,         ,Evan,Grace,Clear,Not Collision with Motor Vehicle in Transport,no,no,no,no,no,False
103212841,METROPOLITAN NASHVILLE POLICE DEPT,20220061193,Davidson,Nashville,2/9/2022 5:45:00 PM,2,2,0,36.151500,-86.830930,38TH AVN,,,,0.00,,,PARK AV,,,,0.00,Y,Four-Way,N,Intersection-Related,None,,,         ,Ryan,Papp,Clear,Angle,no,no,no,no,no,False
103212846,METROPOLITAN NASHVILLE POLICE DEPT,20220061031,Davidson,Nashville,2/9/2022 3:45:00 PM,1,1,0,36.185000,-86.802810,CLAY ST,,,,175.00,Feet,East,9TH AVN,,,,0.00,N,Not at Intersection,N,Non-Junction,None,,,         ,Zachary,Wilbanks,Clear,Not Collision with Motor Vehicle in Transport,no,no,no,yes,no,False
103212847,METROPOLITAN NASHVILLE POLICE DEPT,20220061083,Davidson,Nashville,2/9/2022 4:31:00 PM,1,2,0,36.216520,-86.729130,GALLATIN PKE,,,,134.00,Feet,North,OAK ST,,,,0.00,N,Not at Intersection,N,Non-Junction,None,,,         ,Ralph,Gault,Clear,Not Collision with Motor Vehicle in Transport,no,no,no,no,no,False
103212848,METROPOLITAN NASHVILLE POLICE DEPT,20220061201,Davidson,Nashville,2/9/2022 6:01:00 PM,2,2,0,36.067270,-86.622520,OWENDALE DR,,,,70.00,Feet,South,LONSWAY CIR,,,,0.00,N,Not at Intersection,N,Non-Junction,None,,,         ,Brandon,Simpkins,Clear,Front to Rear,no,no,no,no,no,False
103212859,METROPOLITAN NASHVILLE POLICE DEPT,20220061235,Davidson,Nashville,2/9/2022 6:20:00 PM,2,1,0,36.202160,-86.776850,I 65,,,,0.00,,,,,,,87.00,N,Not at Intersection,N,Non-Junction,None,,,         ,Jackson,Sanders,Clear,Front to Rear,no,no,no,no,no,False
103212871,METROPOLITAN NASHVILLE POLICE DEPT,20220061232,Davidson,Nashville,2/9/2022 6:14:00 PM,2,0,0,36.070290,-86.722100,US HWY 31 ALT,,,,0.00,,,COTTON LN,,,,0.00,Y,T-Intersection, ,Intersection,None,,,         ,Steven,Powers,Clear,Not Collision with Motor Vehicle in Transport,no,no,no,no,no,False
103212872,METROPOLITAN NASHVILLE POLICE DEPT,20220061279,Davidson,Nashville,2/9/2022 6:00:00 PM,2,0,0,36.151760,-86.768630,2ND AVS,,,,0.00,,,I40 W EXT RAMP,,,,0.00,Y,OTHER,Y,Intersection,None,,,         ,Gabriel,Vasquez,Clear,"Sideswipe, Same Direction",no,no,no,no,yes,False
103212875,METROPOLITAN NASHVILLE POLICE DEPT,20220061258,Davidson,Nashville,2/9/2022 5:45:00 PM,2,0,0,36.141670,-86.714490,I 40,,,,0.00,,,,,,,213.05,N,Not at Intersection,N,Non-Junction,None,,,         ,Reagan,Heath,Clear,"Sideswipe, Same Direction",no,no,no,no,yes,False
103212877,METROPOLITAN NASHVILLE POLICE DEPT,20220061236,Davidson,Nashville,2/9/2022 6:12:00 PM,2,0,0,36.176780,-86.776900,SPRING ST,,,,216.00,Feet,West,COWAN ST,,,,0.00,N,Not at Intersection, ,Non-Junction,None,,,         ,Russell,Freeman,Clear,"Sideswipe, Same Direction",no,no,no,no,no,False
103212883,METROPOLITAN NASHVILLE POLICE DEPT,20220061247,Davidson,Nashville,2/9/2022 5:36:00 PM,2,0,0,36.133670,-86.779150,8TH AVS,,,,34.00,Feet,North,ROYCROFT PL,,,,0.00,N,Not at Intersection, ,Non-Junction,None,,,         ,Travis,Pemberton,Clear,Angle,no,no,no,no,yes,False
103212893,METROPOLITAN NASHVILLE POLICE DEPT,20220061252,Davidson,Nashville,2/9/2022 12:00:00 AM,2,1,0,36.027550,-86.589580,MURFREESBORO PKE,,,,393.00,Feet,South,LAVERGNE COUCHVILLE PKE,,,,0.00,N,Not at Intersection,N,Non-Junction,None,,,         ,John,Braun,Clear,Front to Rear,no,no,no,no,no,False
103212903,METROPOLITAN NASHVILLE POLICE DEPT,20220061315,Davidson,Nashville,2/9/2022 6:47:00 PM,2,0,0,36.150480,-86.749490,I 40,,,,0.00,,,,,,,211.65,N,Not at Intersection,N,Non-Junction,None,,,         ,Austin,Binner,Clear,"Sideswipe, Same Direction",no,no,no,no,yes,False
103212905,METROPOLITAN NASHVILLE POLICE DEPT,20220061243,Davidson,Not in City Limit,2/9/2022 6:16:00 PM,1,1,0,36.071280,-87.004140,MCCRORY LN,,,,0.56,Miles,West,SCARCROFT LN,,,,0.00,N,Not at Intersection,N,Non-Junction,None,,,         ,Zacarias,Brito Jr.,Clear,Not Collision with Motor Vehicle in Transport,no,no,no,no,no,False
103212906,METROPOLITAN NASHVILLE POLICE DEPT,20220061269,Davidson,Nashville,2/9/2022 5:47:00 PM,2,0,0,36.135960,-86.884900,CHARLOTTE PKE,,,,91.00,Feet,East,BROOK HOLLOW RD,,,,0.00,N,Not at Intersection,N,Non-Junction,None,,,         ,Brady,Reynolds,Clear,Front to Rear,no,no,no,no,yes,False
103212913,METROPOLITAN NASHVILLE POLICE DEPT,20220061331,Davidson,Nashville,2/9/2022 7:24:00 PM,2,0,0,36.132100,-86.718410,MURFREESBORO PKE,,,,0.00,,,,,,,0.00,,,N,Non-Junction,None,,,         ,Joseph,Hurst,Clear,"Sideswipe, Same Direction",no,no,no,no,no,False
103212934,METROPOLITAN NASHVILLE POLICE DEPT,20220061313,Davidson,Nashville,2/9/2022 7:20:00 PM,2,0,0,36.149380,-86.747440,I 40,,,,0.00,,,,,,,211.80,N,Not at Intersection,N,Non-Junction,None,,,         ,Douglas,Mann,Clear,Front to Rear,no,no,no,no,no,False