master_record_number,agency,agency_tracking_number,county,city,collision_date,vehicles_involved,number_injured,number_dead,latitude,longitude,roadway_name,roadway_suffix,roadway_number,roadway_local_id,distance_from_reference,miles-feet_indicator,direction_from_reference,intersection_road_name,intersection_road_name_suffix,intersection_road_number,intersection_local_id,mile_marker,intersection_indicator,intersect_type,interchange_related_indicator,relation_to_junction,work_zone_type,construction_maintenance_zone,construction_maintenance_zone_location,fatal_case_number,officer_first_name,officer_last_name,weather_condition(s),manner_of_crash,pedestrian,bicycle,scooter,parking,hitrun,mou
103227294,METROPOLITAN NASHVILLE POLICE DEPT,20220087673,Davidson,Nashville,2/25/2022 5:27:00 PM,2,0,0,36.105370,-86.814200,HILLSBORO PKE,,,,200.00,Feet,South,ABBOTT MARTIN RD,,,,0.00,N,Not at Intersection,N,Non-Junction,None,,,         ,Steven,Powers,Cloudy,Angle,no,no,no,no,no,False
103227301,METROPOLITAN NASHVILLE POLICE DEPT,20220087564,Davidson,Nashville,2/25/2022 4:33:00 PM,3,1,0,36.204700,-86.750930,E TRINITY LN,,,,0.00,Feet,,ELLINGTON PKWY S EXT RAMP,,,,0.00,Y,T-Intersection,N,Intersection,None,,,         ,Ralph,Gault,Cloudy,Angle,no,no,no,no,no,False
103227303,METROPOLITAN NASHVILLE POLICE DEPT,20220087731,Davidson,Nashville,2/25/2022 6:18:00 PM,2,0,0,36.066330,-86.686480,I24 E ENT RAMP,,,,0.00,Feet,East,I 24,,,,0.00,N,Not at Intersection, ,,None,,,         ,Joseph,Hurst,,,no,no,no,no,no,False
103227304,METROPOLITAN NASHVILLE POLICE DEPT,20220087665,Davidson,Nashville,2/25/2022 5:15:00 PM,2,0,0,36.149740,-86.784320,I 40,,,,0.00,,,,,,,209.55,N,Not at Intersection,N,Non-Junction,None,,,         ,Cory,Stratton,Cloudy,Front to Rear,no,no,no,no,yes,False
103227321,METROPOLITAN NASHVILLE POLICE DEPT,20220087719,Davidson,Nashville,2/25/2022 5:35:00 PM,2,0,0,36.249390,-86.719400,E PALESTINE AVE,,,,0.00,,,US HWY 31E,,,,0.00,Y,Four-Way,N,Unknown,None,,,         ,Dylan,Bradley,Clear,Angle,no,no,no,no,yes,False
103227328,METROPOLITAN NASHVILLE POLICE DEPT,20220087745,Davidson,Nashville,2/25/2022 6:59:00 PM,2,0,0,36.105370,-86.814210,HILLSBORO PKE,,,,202.00,Feet,South,ABBOTT MARTIN RD,,,,0.00,N,Not at Intersection, ,Non-Junction,None,,,         ,Steven,Powers,Cloudy,Front to Rear,no,no,no,no,no,False
103227340,METROPOLITAN NASHVILLE POLICE DEPT,20220087694,Davidson,Nashville,2/25/2022 5:30:00 PM,2,0,0,36.107430,-86.768530,I 65,,,,0.00,,,,,,,79.55,N,Not at Intersection, ,,None,,,         ,Darci,Stechman,,,no,no,no,no,no,False
103227343,METROPOLITAN NASHVILLE POLICE DEPT,20220087821,Davidson,Nashville,2/25/2022 7:27:00 PM,2,0,0,36.052300,-86.644820,STATE HWY 254,,,,659.00,Feet,West,EAGLE VIEW BLVD,,,,0.00,N,Not at Intersection,N,Non-Junction,None,,,         ,Nadine,Klemenz,Clear,"Sideswipe, Opposite Direction",no,no,no,no,yes,False
103227344,METROPOLITAN NASHVILLE POLICE DEPT,20220087771,Davidson,Nashville,2/25/2022 6:20:00 PM,2,0,0,36.167430,-86.824440,31ST AVN,,,,39.00,Feet,South,JOHN A MERRITT BLVD,,,,0.00,N,Not at Intersection,N,Non-Junction,None,,,         ,Daniel,Kallman,Clear,"Sideswipe, Opposite Direction",no,no,no,no,no,False
103227352,METROPOLITAN NASHVILLE POLICE DEPT,20220087797,Davidson,Nashville,2/25/2022 7:19:00 PM,2,0,0,36.164540,-86.614830,I 40,,,,0.00,,,,,,,220.00,N,Not at Intersection, ,,None,,,         ,Douglas,Mann,,,no,no,no,no,no,False
103227353,METROPOLITAN NASHVILLE POLICE DEPT,20220087761,Davidson,Nashville,2/25/2022 7:08:00 PM,2,1,0,36.163150,-86.617060,I 40,,,,0.00,,,,,,,219.85,N,Not at Intersection,N,Non-Junction,None,,,         ,Robert,Marquez,Clear,Front to Rear,no,no,no,no,yes,False
103227354,METROPOLITAN NASHVILLE POLICE DEPT,20220087772,Davidson,Nashville,2/25/2022 12:00:00 AM,2,1,0,36.150280,-86.770220,4TH AVS,,,,81.00,Feet,South,I40 E EXT RAMP,,,,0.00,N,Not at Intersection,Y,Entrance/Exit Ramp Related,None,,,         ,Alex,Gibson,Clear,Angle,no,no,no,no,no,False
103227363,METROPOLITAN NASHVILLE POLICE DEPT,20220087652,Davidson,Nashville,2/25/2022 4:45:00 PM,2,0,0,36.205770,-86.767200,E TRINITY LN,,,,0.00,Feet,,LUTON ST,,,,0.00,Y,T-Intersection, ,Intersection,None,,,         ,Ty,Cummings,Clear,Front to Rear,no,no,no,no,no,False
103227373,METROPOLITAN NASHVILLE POLICE DEPT,20220087681,Davidson,Nashville,2/25/2022 5:50:00 PM,2,1,0,36.133120,-86.726880,I24E,,,,77.00,Feet,East,I24 W EXT RAMP,,,,0.00,N,Not at Intersection,N,Non-Junction,None,,,         ,John,Walden,Clear,Front to Rear,no,no,no,no,no,False
103227374,METROPOLITAN NASHVILLE POLICE DEPT,20220087704,Davidson,Nashville,2/25/2022 6:02:00 PM,2,0,0,36.133120,-86.726880,I24E,,,,77.00,Feet,East,I24 W EXT RAMP,,,,0.00,N,Not at Intersection,N,Non-Junction,None,,,         ,John,Walden,Clear,Front to Rear,no,no,no,no,no,False
103227386,METROPOLITAN NASHVILLE POLICE DEPT,20220087662,Davidson,Nashville,2/25/2022 5:51:00 PM,3,1,0,36.079660,-86.684850,ANTIOCH PKE,,,,359.00,Feet,South,FRANKLIN LIMESTONE RD,,,,0.00,N,Not at Intersection,N,Non-Junction,None,,,         ,Megan,Arnett,Clear,"Sideswipe, Same Direction",no,no,no,no,yes,False
103227392,METROPOLITAN NASHVILLE POLICE DEPT,20220087814,Davidson,Nashville,2/25/2022 7:40:00 PM,3,1,0,36.164000,-86.762870,I 24,,,,0.00,,,,,,,49.15,N,Not at Intersection,N,Non-Junction,None,,,         ,Cory,Stratton,Cloudy,Front to Rear,no,no,no,no,no,False
103227393,METROPOLITAN NASHVILLE POLICE DEPT,20220087526,Davidson,Nashville,2/25/2022 3:09:00 PM,2,0,0,36.163690,-86.863430,MORROW RD,,,,0.00,,,TERRY DR,,,,0.00,Y,T-Intersection,N,Non-Junction,None,,,         ,Zacarias,Brito Jr.,Cloudy,Front to Rear,no,no,no,no,yes,False
103227428,METROPOLITAN NASHVILLE POLICE DEPT,20220087585,Davidson,Nashville,2/25/2022 4:51:00 PM,3,2,0,36.045730,-86.674310,BELL RD,,,,12.00,Feet,East,BLUE HOLE RD,,,,0.00,N,Not at Intersection,N,Non-Junction,None,,,         ,Beri,Scott,Cloudy,Front to Rear,no,no,no,no,no,False
103227438,METROPOLITAN NASHVILLE POLICE DEPT,20220087900,Davidson,Nashville,2/25/2022 8:47:00 PM,2,0,0,36.256190,-86.714390,NEELYS BEND RD,,,,0.00,,,GALLATIN PKES,,,,0.00,Y,Four-Way,N,Intersection-Related,None,,,         ,Dillon,Deleacaes,Clear,Front to Rear,no,no,no,no,yes,False
103227439,METROPOLITAN NASHVILLE POLICE DEPT,20220087791,Davidson,Nashville,2/25/2022 7:26:00 PM,2,0,0,36.193590,-86.831270,S HAMILTON RD,,,,30.00,Feet,South,CLARKSVILLE PKE,,,,0.00,N,Not at Intersection,N,Non-Junction,None,,,         ,Michael,Intrieri,Clear,"Sideswipe, Same Direction",no,no,no,no,no,False
103227469,METROPOLITAN NASHVILLE POLICE DEPT,20220087554,Davidson,Nashville,2/25/2022 4:23:00 PM,2,0,0,36.216170,-86.775280,I 65,,,,0.00,,,,,,,88.00,N,Not at Intersection, ,Non-Junction,None,,,         ,Gabriel,Centeno,Cloudy,Front to Rear,no,no,no,no,no,False
103227470,METROPOLITAN NASHVILLE POLICE DEPT,20220087887,Davidson,Nashville,2/25/2022 9:00:00 PM,2,0,0,36.160350,-86.782730,COMMERCE ST,,,,79.00,Feet,East,ROSA L PARKS BLVD,,,,0.00,N,Not at Intersection, ,,None,,,         ,Russell,Freeman,,,no,no,no,no,no,False
103227474,METROPOLITAN NASHVILLE POLICE DEPT,20220087693,Davidson,Nashville,2/25/2022 5:19:00 PM,2,0,0,36.174810,-86.771300,I 24,,,,0.00,,,,,,,48.05,N,Not at Intersection, ,Entrance/Exit Ramp Related,None,,,         ,Trevor,Taylor,Clear,"Sideswipe, Same Direction",no,no,no,no,no,False
103227478,METROPOLITAN NASHVILLE POLICE DEPT,20220087866,Davidson,Nashville,2/25/2022 7:39:00 PM,2,1,0,36.081380,-86.724250,SEVEN MILE CREEK HARDING MALL,,,,44.00,Feet,North,HARDING MALL PVTDR,,,,0.00,N,Not at Intersection,N,Non-Junction,None,,,         ,Laura,Williams,Cloudy,Angle,no,no,no,yes,no,False
103227511,METROPOLITAN NASHVILLE POLICE DEPT,20220087893,Davidson,Nashville,2/25/2022 6:14:00 PM,2,1,0,36.141910,-86.640610,TIMBER VALLEY DR,,,,0.00,,,ELM HILL PKE,,,,0.00,Y,T-Intersection,N,Intersection,None,,,         ,Rami,Rouhi,,Angle,no,no,no,no,yes,False
103227578,METROPOLITAN NASHVILLE POLICE DEPT,20220087937,Davidson,Nashville,2/25/2022 8:42:00 PM,1,1,0,36.153880,-86.701690,MASSMAN DR,,,,97.00,Feet,West,ACORN DR,,,,0.00,N,Not at Intersection,N,Non-Junction,None,,,         ,William,Boler,,Not Collision with Motor Vehicle in Transport,no,no,no,no,no,False
103227579,METROPOLITAN NASHVILLE POLICE DEPT,20220088000,Davidson,Nashville,2/25/2022 10:15:00 PM,2,1,0,36.159560,-86.774640,3RD AVS,,,,0.00,Feet,,DEMONBREUN ST,,,,0.00,Y,Four-Way,N,Intersection,None,,,         ,Kency,Le,Clear,Angle,no,no,no,no,no,False
103227584,METROPOLITAN NASHVILLE POLICE DEPT,20220088016,Davidson,Nashville,2/25/2022 10:38:00 PM,2,3,0,36.065320,-86.685420,I 24,,,,0.00,,,,,,,57.35,N,Not at Intersection,N,Non-Junction,None,,,         ,Eric,Laury,Clear,Front to Rear,no,no,no,no,no,False
103227600,METROPOLITAN NASHVILLE POLICE DEPT,20220087775,Davidson,Nashville,2/25/2022 7:14:00 PM,4,0,0,36.141610,-86.885370,I 40,,,,0.00,,,,,,,202.15,N,Not at Intersection,N,Non-Junction,None,,,         ,Zacarias,Brito Jr.,Cloudy,Front to Rear,no,no,no,no,no,False
103227614,METROPOLITAN NASHVILLE POLICE DEPT,20220087933,Davidson,Not in City Limit,2/25/2022 9:20:00 PM,2,1,0,36.263070,-86.711920,STATE RT 45,,,,0.00,,,GALLATIN PKEN,,,,0.00,Y,Four-Way,N,Intersection,None,,,         ,Forrest,Punke,Clear,Angle,no,no,no,no,no,False
103227615,THP District 3 - Nashville,322012908,Davidson,Nashville,2/24/2022 12:00:00 AM,2,0,0,36.108520,-86.720990,I 24,,,,0.00,,,,,,,53.80,N,Not at Intersection, ,Non-Junction,None,,,         ,Jacob,Plyler,Rain,"Sideswipe, Same Direction",no,no,no,no,no,False
103227643,METROPOLITAN NASHVILLE POLICE DEPT,20220088026,Davidson,Nashville,2/25/2022 10:40:00 PM,2,1,0,36.085560,-86.701430,I24 E ENT RAMP,,,,0.00,,,I 24,,,,0.00,Y,OTHER,N,Intersection-Related,None,,,         ,Tavin,Emlund,Clear,Angle,no,no,no,no,no,False
103227652,METROPOLITAN NASHVILLE POLICE DEPT,20220088097,Davidson,Nashville,2/25/2022 12:00:00 AM,1,0,0,36.176480,-86.811070,21ST AVN,,,,172.00,Feet,South,OSAGE ST,,,,0.00,N,Not at Intersection,N,Non-Junction,None,,,         ,Joel,Bennett,Clear,Not Collision with Motor Vehicle in Transport,no,no,no,no,yes,False
103227655,METROPOLITAN NASHVILLE POLICE DEPT,20220088045,Davidson,Nashville,2/25/2022 10:55:00 PM,1,0,0,36.325920,-86.853440,UNION HILL RD,,,,674.00,Feet,East,GARY RD,,,,0.00,N,Not at Intersection,N,Non-Junction,None,,,         ,Christopher,Cantrell,Clear,Not Collision with Motor Vehicle in Transport,no,no,no,no,no,False
103227723,METROPOLITAN NASHVILLE POLICE DEPT,20220088411,Davidson,Nashville,2/25/2022 8:00:00 PM,2,0,0,36.152990,-86.789670,DEMONBREUN ST,,,,427.00,Feet,West,MUSIC CIRE,,,,0.00,N,Not at Intersection, ,Non-Junction,None,,,         ,Michael,Hodges,Clear,Unknown,no,no,no,yes,yes,False
103227741,METROPOLITAN NASHVILLE POLICE DEPT,20220088073,Davidson,Not in City Limit,2/25/2022 11:11:00 PM,1,1,0,36.057090,-86.617820,MT VIEW RD,,,,0.00,,,MURFREESBORO PKE,,,,0.00,Y,OTHER,N,Non-Junction,None,,,         ,D’Mitri,Mackall,Clear,Not Collision with Motor Vehicle in Transport,no,no,no,no,no,False
103227818,VANDERBILT UNIVERSITY POLICE,20220087165,Davidson,Nashville,2/23/2022 12:30:00 PM,1,1,0,36.147860,-86.801240,21ST AVS,,,,0.00,,,,,,,0.00,,,N,Non-Junction,None,,,         ,Michael,Knupp,Rain,Not Collision with Motor Vehicle in Transport,yes,no,no,yes,no,Campus
103229244,TENNESSEE STATE UNIVERSITY ,22-04814,Davidson,Nashville,2/13/2022 12:00:00 AM,2,0,0,36.170890,-86.811230,HEIMAN ST,,,,0.00,Feet,South,22ND AVN,,,,0.00,N,Not at Intersection, ,"Driveway, Alley Access, etc",None,,,         ,James,Driscoll,Clear,Unknown,no,no,no,yes,no,False
103229252,THP District 3 - Nashville,322012048,Davidson,Nashville,2/21/2022 8:00:00 AM,3,0,0,36.093570,-86.705920,I 24,,,,0.00,,,,,,,55.10,N,Not at Intersection, ,Non-Junction,None,,,         ,Alexander,Campbell,Rain,Front to Rear,no,no,no,no,no,False
103229913,METROPOLITAN NASHVILLE POLICE DEPT,20220091842,Davidson,Nashville,2/22/2022 10:45:00 PM,1,0,0,36.081260,-86.716930,WELCH RD,,,,0.00,,,SHASTA DR,,,,0.00,Y,T-Intersection, ,Intersection,None,,,         ,Adam,Kauffman,Unknown,Unknown,no,no,no,yes,yes,False
103230333,METROPOLITAN NASHVILLE POLICE DEPT,20220090300,Davidson,Nashville,2/22/2022 4:35:00 PM,2,0,0,36.074480,-86.920940,OLD HICKORY BLVD,,,,0.00,,,HIGHWAY 70S,,,,0.00,Y,Four-Way,N,Intersection,None,,,         ,Justin,Pinkelton,Rain,"Sideswipe, Same Direction",no,no,no,no,yes,False
103232865,THP District 3 - Nashville,322011587,Davidson,Nashville,2/19/2022 3:16:00 PM,2,1,0,36.230340,-86.588450,SAUNDERSVILLE RD,,,,80.00,Feet,West,TYNE BLVD,,,,0.00,N,Not at Intersection,N,Non-Junction,None,,,         ,Bryan,White,Clear,Angle,no,no,no,no,no,False
103237757,METROPOLITAN NASHVILLE POLICE DEPT,20220107557,Davidson,Nashville,2/18/2022 12:00:00 AM,1,0,0,36.217690,-86.753170,OAKWOOD AV,,,,0.00,Feet,East,BETHWOOD DR,,,,0.00,N,Not at Intersection,N,Non-Junction,None,,,         ,Lindsey,Anderson,Unknown,Not Collision with Motor Vehicle in Transport,no,no,no,no,yes,False
103286189,VANDERBILT UNIVERSITY POLICE,20220005892,Davidson,Nashville,2/3/2022 6:34:00 AM,1,1,0,36.140810,-86.801120,DIXIE PL,,,,108.00,Feet,East,MEDICAL CENTER DR,,,,0.00,N,Not at Intersection,N,Non-Junction,None,,,         ,Harlan,Jones,Clear,Not Collision with Motor Vehicle in Transport,yes,no,no,yes,yes,Campus
103331325,METROPOLITAN NASHVILLE POLICE DEPT,20220296727,Davidson,Madison,2/16/2022 11:45:00 AM,1,0,0,36.248660,-86.669670,CHEYENNE BLVD,,,,41.00,Feet,North,QUANTO CT,,,,0.00,N,Not at Intersection,N,Non-Junction,None,,,         ,Samantha,Held,Clear,Not Collision with Motor Vehicle in Transport,no,no,no,no,no,False
103227656,METROPOLITAN NASHVILLE POLICE DEPT,20220088147,Davidson,Nashville,2/26/2022 12:06:00 AM,2,1,0,36.229380,-86.759280,BROADMOOR DR,,,,0.00,,,DICKERSON PKE,,,,0.00,Y,Four-Way,N,Intersection-Related,None,,,         ,Ronald,Conner,Clear,Angle,no,no,no,no,yes,False
103227684,METROPOLITAN NASHVILLE POLICE DEPT,20220088271,Davidson,Nashville,2/26/2022 1:59:00 AM,1,1,0,36.191180,-86.606590,ANDREW JACKSON PKWY,,,,570.00,Feet,South,STONERS GLEN DR,,,,0.00,N,Not at Intersection,N,Non-Junction,None,,,         ,Nelson,Hemingway,Clear,Not Collision with Motor Vehicle in Transport,no,no,no,no,no,False
103227686,METROPOLITAN NASHVILLE POLICE DEPT,20220088266,Davidson,Nashville,2/26/2022 1:50:00 AM,2,2,0,36.153250,-86.794010,17TH AVS,,,,0.00,Feet,,BROADWAY,,,,0.00,Y,Four-Way,N,Intersection-Related,None,,,         ,Michael,Hodges,Clear,Angle,no,no,no,no,no,False
103227699,METROPOLITAN NASHVILLE POLICE DEPT,20220088321,Davidson,Nashville,2/26/2022 2:50:00 AM,2,0,0,36.089050,-86.614230,SMITH SPRINGS RD,,,,47.00,Feet,West,CLEARLAKE DRW,,,,0.00,N,Not at Intersection,N,Non-Junction,None,,,         ,Bryson,Wilkins,Clear,Angle,no,no,no,no,no,False
103227700,METROPOLITAN NASHVILLE POLICE DEPT,20220088233,Davidson,Nashville,2/26/2022 12:04:00 AM,2,0,0,36.039760,-86.754240,OLD HICKORY BLVD,,,,56.00,Feet,West,BARRINGTON PLACE DR,,,,0.00,N,Not at Intersection,N,Non-Junction,None,,,         ,Bobby,Ehman,Clear,Angle,no,no,no,no,no,False
103227735,METROPOLITAN NASHVILLE POLICE DEPT,20220088416,Davidson,Nashville,2/26/2022 5:15:00 AM,2,1,0,36.072750,-86.637020,MURFREESBORO PKE,,,,406.00,Feet,North,BELL RD,,,,0.00,N,Not at Intersection,N,Non-Junction,None,,,         ,Bryson,Wilkins,Clear,HeadOn,no,no,no,no,yes,False
103227738,METROPOLITAN NASHVILLE POLICE DEPT,20220088408,Davidson,Nashville,2/26/2022 4:42:00 AM,1,0,0,36.215030,-86.592750,LEBANON PKE,,,,1458.00,Feet,East,ANDREW JACKSON PKWY,,,,0.00,N,Not at Intersection, ,Non-Junction,None,,,         ,Ryan,Malone,Clear,Not Collision with Motor Vehicle in Transport,no,no,no,no,no,False
103227747,METROPOLITAN NASHVILLE POLICE DEPT,20220088394,Davidson,Nashville,2/26/2022 4:10:00 AM,2,1,0,36.240100,-86.776210,DOVERSIDE DR,,,,411.00,Feet,South,BRILEY PKWYW,,,,0.00,N,Not at Intersection,N,Non-Junction,None,,,         ,Coleman,McKellar,Clear,HeadOn,no,no,no,no,yes,False
103227748,METROPOLITAN NASHVILLE POLICE DEPT,20220088296,Davidson,Nashville,2/26/2022 2:29:00 AM,1,1,0,36.033400,-86.674810,BLUE HOLE RD,,,,116.00,Feet,North,OAK CHASE DR,,,,0.00,N,Not at Intersection,N,Non-Junction,None,,,         ,Lisa,Beck,Cloudy,Not Collision with Motor Vehicle in Transport,no,no,no,no,no,False
103227759,METROPOLITAN NASHVILLE POLICE DEPT,20220088432,Davidson,Nashville,2/26/2022 5:52:00 AM,2,0,0,36.152590,-86.634120,I 40,,,,0.00,,,,,,,218.60,N,Not at Intersection,N,Non-Junction,None,,,         ,Nelson,Hemingway,Clear,Front to Rear,no,no,no,no,yes,False
103227773,METROPOLITAN NASHVILLE POLICE DEPT,20220088169,Davidson,Nashville,2/26/2022 12:21:00 AM,2,0,0,36.128680,-86.906680,CHARLOTTE PKE PVTDR,,,,0.00,Feet,,RIVER RD,,,,0.00,Y,OTHER, ,Intersection-Related,None,,,         ,Christopher,Alceus,Clear,Front to Rear,no,no,no,no,no,False
103227821,METROPOLITAN NASHVILLE POLICE DEPT,20220088505,Davidson,Nashville,2/26/2022 7:50:00 AM,1,0,0,36.056410,-86.901320,OLD HICKORY BLVD,,,,1194.00,Feet,North,GAUCHO ROAD PVTDR,,,,0.00,N,Not at Intersection,N,Non-Junction,None,,,         ,Douglas,Atwood,Cloudy,Not Collision with Motor Vehicle in Transport,no,no,no,no,no,False
103227833,METROPOLITAN NASHVILLE POLICE DEPT,20220088520,Davidson,Nashville,2/26/2022 8:06:00 AM,2,0,0,36.045480,-86.647290,MT VIEW RD,,,,0.00,,,CROSSINGS BLVD,,,,0.00,Y,Four-Way,N,Intersection,None,,,         ,Darrin,Hardin,Cloudy,Angle,no,no,no,no,no,False
103227875,METROPOLITAN NASHVILLE POLICE DEPT,20220088670,Davidson,Nashville,2/26/2022 11:00:00 AM,1,0,0,36.048160,-86.716450,HICKORY PLZ,,,,96.00,Feet,South,HICKORY TRACE DR PVTDR,,,,0.00,N,Not at Intersection, ,Non-Junction,None,,,         ,Tony,Folad,Cloudy,Not Collision with Motor Vehicle in Transport,no,no,no,yes,no,False
103227901,METROPOLITAN NASHVILLE POLICE DEPT,20220088571,Davidson,Nashville,2/26/2022 9:20:00 AM,2,1,0,36.095240,-86.707550,I 24,,,,0.00,,,,,,,55.00,N,Not at Intersection,N,Non-Junction,None,,,         ,Andre,Williams,Clear,Front to Rear,no,no,no,no,no,False
103227903,METROPOLITAN NASHVILLE POLICE DEPT,20220088580,Davidson,Nashville,2/26/2022 9:30:00 AM,2,4,0,36.166230,-86.765790,I24 E EXT RAMP,,,,0.00,,,I 24,,,,0.00,Y,Four-Way,N,Intersection,None,,,         ,Byron,Carter,Cloudy,Angle,no,no,no,no,no,False
103227932,METROPOLITAN NASHVILLE POLICE DEPT,20220088709,Davidson,Nashville,2/26/2022 10:44:00 AM,2,0,0,36.215110,-86.598480,LEBANON PKE,,,,239.00,Feet,West,ANDREW JACKSON PKWY,,,,0.00,N,Not at Intersection,N,Non-Junction,None,,,         ,Rex,Engelbert,Clear,Angle,no,no,no,no,no,False
103227949,METROPOLITAN NASHVILLE POLICE DEPT,20220088754,Davidson,Nashville,2/26/2022 12:00:00 AM,2,0,0,36.104750,-86.923690,BELLE VALLEY DR,,,,605.00,Feet,West,OLD HICKORY BLVD,,,,0.00,N,Not at Intersection,N,Non-Junction,None,,,         ,laina,herod,Unknown,Angle,no,no,no,yes,yes,False
103227975,METROPOLITAN NASHVILLE POLICE DEPT,20220088577,Davidson,Nashville,2/26/2022 9:24:00 AM,3,2,0,36.091570,-86.761320,SIDCO DR,,,,92.00,Feet,North,KENILWOOD DR,,,,0.00,N,Not at Intersection,N,Non-Junction,None,,,         ,Jackson,Smythe,Cloudy,Not Collision with Motor Vehicle in Transport,no,no,no,no,no,False
103228021,METROPOLITAN NASHVILLE POLICE DEPT,20220088788,Davidson,Nashville,2/26/2022 1:20:00 PM,3,0,0,36.153790,-86.756970,I 40,,,,0.00,,,,,,,211.15,N,Not at Intersection,N,Non-Junction,None,,,         ,Kaytlin,huyler,Clear,Front to Rear,no,no,no,no,no,False
103228035,METROPOLITAN NASHVILLE POLICE DEPT,20220088774,Davidson,Nashville,2/26/2022 10:39:00 AM,2,0,0,36.086300,-86.729160,ELYSIAN FIELDS RD,,,,94.00,Feet,East,NOLENSVILLE PKE,,,,0.00,N,Not at Intersection, ,Non-Junction,None,,,         ,Tyler,Heckaman,Cloudy,Front to Rear,no,no,no,no,no,False
103228092,METROPOLITAN NASHVILLE POLICE DEPT,20220088852,Davidson,Nashville,2/26/2022 2:35:00 PM,2,0,0,36.173590,-86.602150,CENTRAL PKE,,,,0.00,,,OLD HICKORY BLVD,,,,0.00,Y,Four-Way,Y,Intersection,None,,,         ,Joshua,Zambrano-Vera,Cloudy,Angle,no,no,no,no,yes,False
103228093,METROPOLITAN NASHVILLE POLICE DEPT,20220088862,Davidson,Nashville,2/26/2022 1:59:00 PM,2,0,0,36.158400,-86.790600,GEORGE L DAVIS BLVD,,,,3.00,Feet,South,CHURCH ST,,,,0.00,N,Not at Intersection, ,,None,,,         ,Brent,Morris,,,no,no,no,no,no,False
103228096,METROPOLITAN NASHVILLE POLICE DEPT,20220088898,Davidson,Nashville,2/26/2022 3:20:00 PM,2,0,0,36.066640,-86.630420,MURFREESBORO PKE,,,,373.00,Feet,South,FOREST VIEW DR,,,,0.00,N,Not at Intersection, ,Non-Junction,None,,,         ,Nadine,Klemenz,Cloudy,Front to Rear,no,no,no,no,no,False
103228108,METROPOLITAN NASHVILLE POLICE DEPT,20220088887,Davidson,Not in City Limit,2/26/2022 2:50:00 PM,2,0,0,36.280730,-86.749210,DICKERSON PKE,,,,976.00,Feet,South,DICKERSON PKES,,,,0.00,N,Not at Intersection, ,,None,,,         ,William,Badger,,,no,no,no,no,no,False
103228157,METROPOLITAN NASHVILLE POLICE DEPT,20220088990,Davidson,Nashville,2/26/2022 4:52:00 PM,2,0,0,36.116290,-86.743500,JOYNER AV,,,,0.00,,,FOSTER AV,,,,0.00,Y,Four-Way, ,Non-Junction,None,,,         ,Austin,Binner,Clear,Angle,no,no,no,no,no,False
103228188,METROPOLITAN NASHVILLE POLICE DEPT,20220088993,Davidson,Nashville,2/26/2022 12:00:00 AM,2,0,0,36.156520,-86.777720,6TH AVS,,,,276.00,Feet,North,KOREAN VETERANS BLVD,,,,0.00,N,Not at Intersection,N,Non-Junction,None,,,         ,Kency,Le,Clear,Unknown,no,no,no,yes,yes,False
103228189,METROPOLITAN NASHVILLE POLICE DEPT,20220089040,Davidson,Nashville,2/26/2022 5:27:00 PM,2,0,0,36.089230,-86.689060,HARDING PL,,,,206.00,Feet,West,EZELL PKE,,,,0.00,N,Not at Intersection,N,Non-Junction,None,,,         ,Austin,Binner,Clear,"Sideswipe, Same Direction",no,no,no,no,no,False
103228205,METROPOLITAN NASHVILLE POLICE DEPT,20220088959,Davidson,Nashville,2/26/2022 4:00:00 PM,2,0,0,36.135840,-86.800980,21ST AVS,,,,35.00,Feet,North,ACKLEN AV,,,,0.00,N,Not at Intersection, ,Non-Junction,None,,,         ,Cory,Stratton,Cloudy,Front to Rear,no,no,no,no,no,Campus
103228209,METROPOLITAN NASHVILLE POLICE DEPT,20220088998,Davidson,Nashville,2/26/2022 5:10:00 PM,2,0,0,36.140590,-86.722010,I 40,,,,0.00,,,,,,,213.50,N,Not at Intersection,N,Non-Junction,None,,,         ,Theodore,Flick,Clear,Front to Rear,no,no,no,no,no,False
103228213,METROPOLITAN NASHVILLE POLICE DEPT,20220089084,Davidson,Nashville,2/26/2022 4:30:00 PM,2,0,0,36.060240,-86.683000,DANLEY CT,,,,94.00,Feet,North,ST CLOUD DR,,,,0.00,N,Not at Intersection,N,Non-Junction,None,,,         ,Gary,Anderson,Clear,Rear to Rear,no,no,no,no,yes,False
103228214,METROPOLITAN NASHVILLE POLICE DEPT,20220089077,Davidson,Not in City Limit,2/26/2022 6:35:00 PM,1,1,0,36.261150,-86.712560,GALLATIN PKES,,,,33.00,Feet,South,MAPLE ST,,,,0.00,N,Not at Intersection,N,Non-Junction,None,,,         ,Seth,Wilson,Clear,Not Collision with Motor Vehicle in Transport,yes,no,no,no,no,False
103228216,METROPOLITAN NASHVILLE POLICE DEPT,20220088863,Davidson,Nashville,2/26/2022 1:51:00 PM,2,0,0,36.183180,-86.836110,HINKLE DR,,,,1.00,Feet,West,BRIARWICK DR,,,,0.00,N,Not at Intersection, ,Non-Junction,None,,,         ,Alec,Pellissier,Cloudy,Angle,no,no,no,no,no,False
103228229,GOODLETTSVILLE POLICE DEPT,22-06265,Davidson,Goodlettsville,2/26/2022 6:33:00 PM,2,0,0,36.295280,-86.708460,ALTA LOMA RD,,,,409.00,Feet,East,MONTICELLO AV,,,,0.00,N,Not at Intersection, ,Non-Junction,None,,,         ,William,Monaghan,Clear,Angle,no,no,no,no,no,False