master_record_number,agency,agency_tracking_number,county,city,collision_date,vehicles_involved,number_injured,number_dead,latitude,longitude,roadway_name,roadway_suffix,roadway_number,roadway_local_id,distance_from_reference,miles-feet_indicator,direction_from_reference,intersection_road_name,intersection_road_name_suffix,intersection_road_number,intersection_local_id,mile_marker,intersection_indicator,intersect_type,interchange_related_indicator,relation_to_junction,work_zone_type,construction_maintenance_zone,construction_maintenance_zone_location,fatal_case_number,officer_first_name,officer_last_name,weather_condition(s),manner_of_crash,pedestrian,bicycle,scooter,parking,hitrun,mou
103230876,METROPOLITAN NASHVILLE POLICE DEPT,20220094016,Davidson,Nashville,3/1/2022 1:40:00 PM,2,0,0,36.202820,-86.776660,I 65,,,,0.00,,,,,,,87.00,N,Not at Intersection,N,Non-Junction,None,,,         ,Jacob,Krispin,Clear,Front to Rear,no,no,no,no,yes,False
103230881,METROPOLITAN NASHVILLE POLICE DEPT,20220093805,Davidson,Nashville,3/1/2022 3:07:00 PM,2,0,0,36.127010,-86.803950,BEECHWOOD AV,,,,0.00,,,,,,,0.00,,,N,Non-Junction,None,,,         ,Brady,Reynolds,Clear,"Sideswipe, Same Direction",no,no,no,no,no,False
103230897,METROPOLITAN NASHVILLE POLICE DEPT,20220094079,Davidson,Nashville,3/1/2022 6:02:00 PM,2,0,0,36.124990,-86.752200,ROSEDALE AV,,,,0.00,,,NOLENSVILLE PKE,,,,0.00,Y,T-Intersection, ,Intersection,None,,,         ,Dalton,Crum,Clear,Angle,no,no,no,no,no,False
103230899,METROPOLITAN NASHVILLE POLICE DEPT,20220094091,Davidson,Nashville,3/1/2022 5:40:00 PM,2,0,0,36.162590,-86.819510,28TH AVN,,,,0.00,Feet,East,I40 E ENT RAMP,,,,0.00,N,Not at Intersection, ,Non-Junction,None,,,         ,Jackson,Sanders,Clear,Front to Rear,no,no,no,no,no,False
103230907,METROPOLITAN NASHVILLE POLICE DEPT,20220094133,Davidson,Nashville,3/1/2022 6:42:00 PM,2,0,0,36.154020,-86.852350,MORROW RD,,,,0.00,,,DELAWARE AV,,,,0.00,Y,T-Intersection,N,Intersection,None,,,         ,Jared,Dick,Clear,Angle,no,no,no,no,yes,False
103230910,VANDERBILT UNIVERSITY POLICE,20220094063,Davidson,Nashville,3/1/2022 12:00:00 AM,2,0,0,36.142930,-86.808980,JESS NEELY DR,,,,340.00,Feet,East,NATCHEZ TRC,,,,0.00,N,Not at Intersection, ,Non-Junction,None,,,         ,Alan,Reed,Clear,Front to Rear,no,no,no,no,no,Campus
103230914,METROPOLITAN NASHVILLE POLICE DEPT,20220093982,Davidson,Nashville,3/1/2022 4:40:00 PM,1,1,0,36.042430,-86.713270,SWISS AV,,,,97.00,Feet,West,NOLENSVILLE PKE,,,,0.00,N,Not at Intersection,N,Non-Junction,None,,,         ,Gabriel,Hamilton,Clear,Not Collision with Motor Vehicle in Transport,no,no,no,no,no,False
103230916,METROPOLITAN NASHVILLE POLICE DEPT,20220094116,Davidson,Nashville,3/1/2022 6:31:00 PM,2,1,0,36.235740,-86.758220,US HWY 31W,,,,174.00,Feet,South,-- UNKNOWN RAMP/ROAD --,,,,0.00,N,Not at Intersection,N,Non-Junction,None,,,         ,Adam,Warren,Clear,Angle,no,no,no,no,no,False
103230925,METROPOLITAN NASHVILLE POLICE DEPT,20220094071,Davidson,Nashville,3/1/2022 5:10:00 PM,2,0,0,36.190790,-86.745290,GREENWOOD AV,,,,0.00,,,GALLATIN AV,,,,0.00,Y,T-Intersection, ,Intersection,None,,,         ,Kelsey,Hemminger,Clear,Angle,no,no,no,no,no,False
103230926,METROPOLITAN NASHVILLE POLICE DEPT,20220094130,Davidson,Nashville,3/1/2022 6:40:00 PM,2,0,0,36.174740,-86.751880,S 10TH ST,,,,200.00,Feet,North,FATHERLAND ST,,,,0.00,N,Not at Intersection,N,Non-Junction,None,,,         ,Kevin,Clausius,Clear,"Sideswipe, Same Direction",no,no,no,no,yes,False
103230930,METROPOLITAN NASHVILLE POLICE DEPT,20220094067,Davidson,Nashville,3/1/2022 5:47:00 PM,2,0,0,36.159760,-86.792350,I 40,,,,0.00,,,,,,,208.80,N,Not at Intersection, ,Non-Junction,None,,,         ,David,Snowden,Clear,Front to Rear,no,no,no,no,no,False
103230936,METROPOLITAN NASHVILLE POLICE DEPT,20220094104,Davidson,Not in City Limit,3/1/2022 5:01:00 PM,3,1,0,36.308610,-86.681540,GALLATIN PKEN,,,,0.00,Feet,West,RIVERCHASE BLVD,,,,0.00,N,Not at Intersection,N,Non-Junction,None,,,         ,Wesley,Carver,Clear,Angle,no,no,no,no,no,False
103230940,METROPOLITAN NASHVILLE POLICE DEPT,20220094172,Davidson,Not in City Limit,3/1/2022 7:16:00 PM,2,1,0,36.077560,-87.020710,I40 W EXT RAMP,,,,0.00,Feet,East,I 40,,,,0.00,N,Not at Intersection,Y,Entrance/Exit Ramp Related,None,,,         ,Eric,Westbrook,Clear,Angle,no,no,no,no,no,False
103230942,METROPOLITAN NASHVILLE POLICE DEPT,20220094060,Davidson,Nashville,3/1/2022 5:49:00 PM,4,0,0,36.108870,-86.769520,I 65,,,,0.00,,,,,,,79.70,N,Not at Intersection,N,Non-Junction,None,,,         ,Brady,Reynolds,Clear,Front to Rear,no,no,no,no,no,False
103230944,METROPOLITAN NASHVILLE POLICE DEPT,20220093874,Davidson,Nashville,3/1/2022 3:50:00 PM,2,0,0,36.213290,-86.799570,WHITES CREEK PKE,,,,220.00,Feet,South,FRANCES ST,,,,0.00,N,Not at Intersection, ,Non-Junction,None,,,         ,Gabriel,Centeno,Clear,Front to Rear,no,no,no,no,no,False
103230954,METROPOLITAN NASHVILLE POLICE DEPT,20220094045,Davidson,Nashville,3/1/2022 5:34:00 PM,2,0,0,36.154630,-86.779160,LAFAYETTE ST,,,,0.00,,,8TH AVS,,,,0.00,Y,Roundabout,N,Intersection,None,,,         ,James,Hill,Clear,Angle,no,no,no,no,no,False
103230957,METROPOLITAN NASHVILLE POLICE DEPT,20220094168,Davidson,Nashville,3/1/2022 7:15:00 AM,2,0,0,36.147090,-86.743430,I 40,,,,0.00,,,,,,,212.05,N,Not at Intersection,N,Non-Junction,None,,,         ,Russell,Freeman,Clear,"Sideswipe, Same Direction",no,no,no,no,yes,False
103230958,METROPOLITAN NASHVILLE POLICE DEPT,20220094008,Davidson,Nashville,3/1/2022 5:07:00 PM,2,1,0,36.077360,-86.739790,HARDING PL,,,,81.00,Feet,East,BINKLEY DR,,,,0.00,N,Not at Intersection,N,Non-Junction,None,,,         ,Steven,Powers,Clear,Front to Rear,no,no,no,no,no,False
103231013,METROPOLITAN NASHVILLE POLICE DEPT,20220094119,Davidson,Not in City Limit,3/1/2022 6:38:00 PM,2,0,0,36.272120,-86.689630,ANDERSON LN,,,,0.00,,,MYATT DR,,,,0.00,Y,Four-Way,N,Intersection,None,,,         ,Bradley,Campbell,Clear,Angle,no,no,no,no,no,False
103231017,METROPOLITAN NASHVILLE POLICE DEPT,20220094260,Davidson,Nashville,3/1/2022 6:07:00 PM,2,0,0,36.072220,-86.683490,ANTIOCH PKE,,,,0.00,,,CHEROKEE PL,,,,0.00,Y,T-Intersection, ,Intersection,None,,,         ,Megan,Arnett,Clear,Angle,no,no,no,no,no,False
103231023,METROPOLITAN NASHVILLE POLICE DEPT,20220094205,Davidson,Nashville,3/1/2022 7:51:00 PM,2,1,0,36.213590,-86.764500,DELLWAY VILLA RD,,,,0.00,,,US HWY 31W,,,,0.00,Y,T-Intersection,N,Intersection,None,,,         ,Adam,Warren,Clear,Angle,no,no,no,no,no,False
103231048,METROPOLITAN NASHVILLE POLICE DEPT,20220094261,Davidson,Nashville,3/1/2022 8:30:00 PM,2,0,0,36.215120,-86.597720,LEBANON PKE,,,,14.00,Feet,West,ANDREW JACKSON PKWY,,,,0.00,N,Not at Intersection, ,Non-Junction,None,,,         ,Zaire,Murray,Clear,Front to Rear,no,no,no,no,no,False
103231067,METROPOLITAN NASHVILLE POLICE DEPT,20220094126,Davidson,Not in City Limit,3/1/2022 6:38:00 PM,2,5,0,36.306480,-86.686310,GALLATIN PKEN,,,,441.00,Feet,East,NORTHSIDE DR,,,,0.00,N,Not at Intersection,N,Non-Junction,None,,,         ,DuJuan,Kendrick,Clear,"Sideswipe, Same Direction",no,no,no,no,no,False
103231068,METROPOLITAN NASHVILLE POLICE DEPT,20220094222,Davidson,Not in City Limit,3/1/2022 8:08:00 PM,2,0,0,36.266530,-86.690080,N DUPONT AV,,,,10.00,Feet,East,MYATT DR,,,,0.00,N,Not at Intersection,N,Non-Junction,None,,,         ,DuJuan,Kendrick,Clear,"Sideswipe, Same Direction",no,no,no,no,yes,False
103231103,METROPOLITAN NASHVILLE POLICE DEPT,20220094330,Davidson,Nashville,3/1/2022 6:08:00 PM,2,0,0,36.227870,-86.759580,DICKERSON PKE,,,,555.00,Feet,South,BROADMOOR DR,,,,0.00,N,Not at Intersection,N,Non-Junction,None,,,         ,Kristopher,Sutton,Clear,"Sideswipe, Same Direction",no,no,no,no,yes,False
103231115,METROPOLITAN NASHVILLE POLICE DEPT,20220094255,Davidson,Nashville,3/1/2022 7:20:00 PM,3,0,0,36.111440,-86.811270,HILLSBORO PKE,,,,83.00,Feet,North,GRAYBAR LN,,,,0.00,N,Not at Intersection, ,Non-Junction,None,,,         ,Brady,Reynolds,Clear,Front to Rear,no,no,no,no,no,False
103231117,METROPOLITAN NASHVILLE POLICE DEPT,20220094384,Davidson,Nashville,3/1/2022 6:00:00 PM,2,0,0,36.071870,-86.636180,BELL RD,,,,0.00,,,MURFREESBORO PKE,,,,0.00,Y,OTHER,N,Non-Junction,None,,,         ,Samuel,Fredericks,Clear,Front to Rear,no,no,no,yes,yes,False
103231158,METROPOLITAN NASHVILLE POLICE DEPT,20220094106,Davidson,Not in City Limit,3/1/2022 5:00:00 PM,2,0,0,36.272270,-86.689550,MYATT DR,,,,57.00,Feet,North,ANDERSON LN,,,,0.00,N,Not at Intersection,N,Non-Junction,None,,,         ,Bradley,Campbell,Clear,Angle,no,no,no,no,no,False
103231163,METROPOLITAN NASHVILLE POLICE DEPT,20220094263,Davidson,Not in City Limit,3/1/2022 12:00:00 AM,2,0,0,36.263600,-86.711730,GALLATIN PKEN,,,,78.00,Feet,South,OLD TIME VILLAGE PVTDR,,,,0.00,N,Not at Intersection, ,Non-Junction,None,,,         ,Zachary,Smith,Clear,"Sideswipe, Same Direction",no,no,no,no,yes,False
103231168,METROPOLITAN NASHVILLE POLICE DEPT,20220094143,Davidson,Nashville,3/1/2022 6:52:00 PM,1,0,0,36.143880,-86.882050,I 40,,,,0.00,,,,,,,202.40,N,Not at Intersection,N,Non-Junction,None,,,         ,Andrew,McCarron,Clear,Not Collision with Motor Vehicle in Transport,no,no,no,no,no,False
103231176,METROPOLITAN NASHVILLE POLICE DEPT,20220094395,Davidson,Nashville,3/1/2022 9:45:00 PM,2,1,0,36.206270,-86.773480,W TRINITY LN,,,,0.00,Feet,,I65 N ENT RAMP,,,,0.00,Y,T-Intersection,N,Intersection,None,,,         ,Dillon,Hunt,Clear,Angle,no,no,no,no,no,False
103231177,METROPOLITAN NASHVILLE POLICE DEPT,20220094434,Davidson,Nashville,3/1/2022 10:00:00 PM,1,1,0,36.180310,-86.804900,BUCHANAN ST,,,,25.00,Feet,West,11TH AVN,,,,0.00,N,Not at Intersection,N,Non-Junction,None,,,         ,Brian,DeMarce,Clear,Not Collision with Motor Vehicle in Transport,no,no,no,no,yes,False
103231188,METROPOLITAN NASHVILLE POLICE DEPT,20220094178,Davidson,Nashville,3/1/2022 7:22:00 PM,2,0,0,36.232260,-86.624690,STATE HWY 45,,,,0.00,,,SHUTE LN,,,,0.00,Y,T-Intersection, ,Intersection,None,,,         ,Cheri,Cox,Clear,Front to Rear,no,no,no,no,no,False
103231195,METROPOLITAN NASHVILLE POLICE DEPT,20220094381,Davidson,Nashville,3/1/2022 9:15:00 PM,2,1,0,36.081870,-86.701890,WALLACE RD,,,,0.00,Feet,,LINBAR DR,,,,0.00,Y,T-Intersection,Y,Intersection,None,,,         ,Laura,Williams,Clear,Angle,no,no,no,no,no,False
103231196,METROPOLITAN NASHVILLE POLICE DEPT,20220094472,Davidson,Nashville,3/1/2022 7:21:00 PM,2,0,0,36.079410,-86.764670,I 65,,,,0.00,,,,,,,77.60,N,Not at Intersection,N,Entrance/Exit Ramp Related,None,,,         ,Steven,Powers,Clear,"Sideswipe, Same Direction",no,no,no,no,yes,False
103231197,METROPOLITAN NASHVILLE POLICE DEPT,20220093909,Davidson,Antioch,3/1/2022 3:48:00 PM,2,0,0,36.047670,-86.611860,MURFREESBORO PKE,,,,1199.00,Feet,North,MOUNTAIN SPRINGS RD,,,,0.00,N,Not at Intersection, ,Non-Junction,None,,,         ,Nathaniel,Myers,Clear,Front to Rear,no,no,no,no,no,False
103231198,METROPOLITAN NASHVILLE POLICE DEPT,20220094540,Davidson,Antioch,3/1/2022 10:42:00 PM,2,0,0,36.042850,-86.606550,MURFREESBORO PKE,,,,0.00,,,HOBSON PKE,,,,0.00,Y,Four-Way, ,Intersection-Related,None,,,         ,Nathaniel,Myers,Clear,Front to Rear,no,no,no,no,no,False
103231200,METROPOLITAN NASHVILLE POLICE DEPT,20220094503,Davidson,Nashville,3/1/2022 10:35:00 PM,2,2,0,36.058190,-86.722580,MCMURRAY DR,,,,0.00,,,TUSCULUM RD,,,,0.00,Y,T-Intersection,N,Intersection,None,,,         ,Jacob,Robbins,Clear,Angle,no,no,no,no,yes,False
103231204,METROPOLITAN NASHVILLE POLICE DEPT,20220094692,Davidson,Nashville,3/1/2022 11:35:00 PM,1,0,0,36.081820,-86.727010,NOLENSVILLE PKE,,,,297.00,Feet,South,WELSHWOOD DR,,,,0.00,N,Not at Intersection,N,Non-Junction,None,,,         ,Ricardo,Cruz,Clear,Not Collision with Motor Vehicle in Transport,no,no,no,no,no,False
103231221,METROPOLITAN NASHVILLE POLICE DEPT,20220094272,Davidson,Nashville,3/1/2022 8:46:00 PM,1,1,0,36.175050,-86.765830,ELLINGTON PKWY N ENT RAMP,,,,0.00,,,SPRING ST,,,,0.00,Y,OTHER,N,Entrance/Exit Ramp Related,None,,,         ,Cooper,HIll,Clear,Not Collision with Motor Vehicle in Transport,no,no,no,no,no,False
103231222,METROPOLITAN NASHVILLE POLICE DEPT,2022000909,Davidson,Nashville,2/28/2022 12:00:00 AM,2,0,0,36.049890,-86.649850,BELL RD,,,,108.00,Feet,West,MT VIEW RD,,,,0.00,N,Not at Intersection,N,Non-Junction,None,,,         ,Antoine,Maghamez,Clear,Angle,no,no,no,no,yes,False
103231224,THP District 9 - Administrative,322014610,Davidson,Nashville,3/2/2022 12:04:00 AM,2,0,0,36.150790,-86.749800,I 40,,,,0.00,,,,,,,211.60,N,Not at Intersection,N,Non-Junction,None,,,         ,Justin,Johnson,Clear,"Sideswipe, Same Direction",no,no,no,no,yes,False
103231225,METROPOLITAN NASHVILLE POLICE DEPT,20220094313,Davidson,Nashville,3/1/2022 12:00:00 AM,2,0,0,36.095160,-86.737150,NOLENSVILLE PKE,,,,259.00,Feet,South,WHEELER AV,,,,0.00,N,Not at Intersection, ,Non-Junction,None,,,         ,Clayton,Cox,Clear,Angle,no,no,no,no,no,False
103231226,METROPOLITAN NASHVILLE POLICE DEPT,20220094582,Davidson,Nashville,3/1/2022 11:00:00 PM,1,0,0,36.081530,-86.646330,MURFREESBORO PKE,,,,0.00,,,SHIAWAY DR,,,,0.00,Y,T-Intersection, ,,None,,,         ,Bridget,Griepentrog,,,no,no,no,no,no,False
103231283,METROPOLITAN NASHVILLE POLICE DEPT,20220094965,Davidson,Nashville,3/2/2022 3:57:00 AM,2,1,0,36.154960,-86.759760,HERMITAGE AV,,,,7.00,Feet,East,I40 E ENT RAMP,,,,0.00,N,Not at Intersection,N,Entrance/Exit Ramp Related,None,,,         ,Torry,Hill,Clear,Front to Rear,no,no,no,no,yes,False
103231323,METROPOLITAN NASHVILLE POLICE DEPT,20220095077,Davidson,Nashville,3/2/2022 6:00:00 AM,2,1,0,36.016490,-86.619970,OLD HICKORY BLVD,,,,134.00,Feet,South,FIRESTONE PKWY,,,,0.00,N,Not at Intersection,N,Non-Junction,None,,,         ,Alex,DiBernardo,Clear,"Sideswipe, Opposite Direction",no,no,no,no,no,False
103231345,METROPOLITAN NASHVILLE POLICE DEPT,20220095169,Davidson,Not in City Limit,3/2/2022 6:56:00 AM,2,0,0,36.272780,-86.710160,GALLATIN PKEN,,,,0.00,,,NESBITT LN,,,,0.00,Y,T-Intersection, ,Intersection,None,,,         ,Christopher,Littles,Clear,Angle,no,no,no,no,no,False
103231355,METROPOLITAN NASHVILLE POLICE DEPT,20220095114,Davidson,Nashville,3/2/2022 6:28:00 AM,2,0,0,36.080960,-86.696790,I 24,,,,0.00,,,,,,,56.10,N,Not at Intersection, ,Non-Junction,None,,,         ,Stanley,Collins,Clear,Front to Rear,no,no,no,no,no,False
103231358,METROPOLITAN NASHVILLE POLICE DEPT,2022093654,Davidson,Nashville,3/1/2022 1:32:00 PM,2,0,0,36.167100,-86.779710,JAMES ROBERTSON PKWY,,,,0.00,,,3RD AVN,,,,0.00,Y,Four-Way, ,Intersection-Related,None,,,         ,Joshua,Reece,Clear,Front to Rear,no,no,no,no,no,False
103231359,BERRY HILL POLICE DEPT,22-0533,Davidson,Berry Hill,3/1/2022 1:24:00 PM,2,0,0,36.125080,-86.765880,BRANSFORD AV,,,,0.00,,,ROSEDALE AV,,,,0.00,Y,T-Intersection, ,Intersection,None,,,         ,Ronnie,Hill,Clear,Angle,no,no,no,no,no,False
103231367,VANDERBILT UNIVERSITY POLICE,20220093781,Davidson,Nashville,3/1/2022 1:59:00 PM,2,1,0,36.110810,-86.766050,POWELL AV,,,,0.00,,,,,,,0.00,,,N,Non-Junction,None,,,         ,Karl,Haury,Clear,Rear to Side,no,no,no,yes,no,OHO
103231384,METROPOLITAN NASHVILLE POLICE DEPT,20220095168,Davidson,Nashville,3/2/2022 7:00:00 AM,2,0,0,36.153930,-86.857240,URBANDALE AV,,,,75.00,Feet,East,BRILEY PKWYS,,,,0.00,N,Not at Intersection, ,Non-Junction,None,,,         ,George,Spencer,Clear,Front to Rear,no,no,no,no,no,False
103231392,METROPOLITAN NASHVILLE POLICE DEPT,2022095157,Davidson,Nashville,3/2/2022 6:49:00 AM,2,0,0,36.166850,-86.779420,3RD AVN,,,,0.00,,,CHARLOTTE AV,,,,0.00,Y,T-Intersection, ,Intersection-Related,None,,,         ,Joshua,Reece,Clear,Angle,no,no,no,no,no,False
103231395,METROPOLITAN NASHVILLE POLICE DEPT,20220095218,Davidson,Nashville,3/2/2022 7:37:00 AM,2,0,0,36.158680,-86.792230,14TH AVN,,,,115.00,Feet,South,I40 E EXT RAMP,,,,0.00,N,Not at Intersection,N,Non-Junction,None,,,         ,Bianca,Crawford,Clear,"Sideswipe, Same Direction",no,no,no,no,no,False
103231400,METROPOLITAN NASHVILLE POLICE DEPT,20220095156,Davidson,Nashville,3/2/2022 6:50:00 AM,2,0,0,36.110370,-86.722020,I 24,,,,0.00,,,,,,,53.65,N,Not at Intersection,N,Non-Junction,None,,,         ,Eric,Burford,Clear,Angle,no,no,no,no,no,False
103231403,METROPOLITAN NASHVILLE POLICE DEPT,20220095257,Davidson,Nashville,3/2/2022 8:00:00 AM,2,0,0,36.074540,-86.919420,BELLEVUE VALLEY PLAZA PVTDR,,,,143.00,Feet,South,HIGHWAY 70S,,,,0.00,N,Not at Intersection, ,Non-Junction,None,,,         ,Wesley,Tilley,,Angle,no,no,no,no,no,False
103231412,METROPOLITAN NASHVILLE POLICE DEPT,20220095062,Davidson,Nashville,3/2/2022 5:21:00 AM,2,0,0,36.035950,-86.611470,SADDLECREEK WAY,,,,95.00,Feet,West,HOBSON PKE,,,,0.00,N,Not at Intersection,N,Non-Junction,None,,,         ,Dillon,Gann,Clear,Angle,no,no,no,no,yes,False
103231415,METROPOLITAN NASHVILLE POLICE DEPT,20220095297,Davidson,Nashville,3/2/2022 8:37:00 AM,2,0,0,36.077560,-86.642030,MURFREESBORO PKE,,,,227.00,Feet,West,LAKEVILLA DR,,,,0.00,N,Not at Intersection,N,Non-Junction,None,,,         ,Michael,Brooks,Clear,Angle,no,no,no,no,yes,False
103231416,METROPOLITAN NASHVILLE POLICE DEPT,20220095237,Davidson,Nashville,3/2/2022 7:36:00 AM,2,2,0,36.214040,-86.764970,ROCK ST,,,,172.00,Feet,West,DICKERSON PKE,,,,0.00,N,Not at Intersection,N,Non-Junction,None,,,         ,Jarret,Sonnenberg,Clear,"Sideswipe, Same Direction",no,no,no,no,no,False
103231422,METROPOLITAN NASHVILLE POLICE DEPT,2022095291,Davidson,Nashville,3/2/2022 8:35:00 AM,2,0,0,36.153380,-86.764600,I 40,,,,0.00,,,,,,,210.70,N,Not at Intersection, ,Non-Junction,None,,,         ,Wesley,Young,Clear,Front to Rear,no,no,no,no,no,False
103231428,METROPOLITAN NASHVILLE POLICE DEPT,20220095248,Davidson,Nashville,3/2/2022 3:32:00 AM,1,0,0,36.204540,-86.748000,E TRINITY LN,,,,117.00,Feet,East,AMBROSE AV,,,,0.00,N,Not at Intersection,N,Non-Junction,None,,,         ,Jordan,Knight,Clear,Not Collision with Motor Vehicle in Transport,no,no,no,no,yes,False
103231431,METROPOLITAN NASHVILLE POLICE DEPT,20220095281,Davidson,Nashville,3/2/2022 8:25:00 AM,2,0,0,36.153000,-86.857610,BRILEY PKWY,,,,0.00,,,I40 W EXT RAMP,,,,0.00,Y,Four-Way, ,Entrance/Exit Ramp Related,None,,,         ,Michael,Pyle,,Angle,no,no,no,no,no,False
103231432,METROPOLITAN NASHVILLE POLICE DEPT,20220095187,Davidson,Nashville,3/2/2022 7:13:00 AM,2,0,0,36.074750,-86.920960,OLD HICKORY BLVD,,,,100.00,Feet,North,HIGHWAY 70S,,,,0.00,N,Not at Intersection,N,Non-Junction,None,,,         ,Terence,Mitchell,,Front to Rear,no,no,no,no,yes,False
103231452,METROPOLITAN NASHVILLE POLICE DEPT,20220095251,Davidson,Nashville,3/2/2022 8:00:00 AM,2,1,0,36.052030,-86.644060,EAGLE VIEW BLVD,,,,261.00,Feet,East,BELL RD,,,,0.00,N,Not at Intersection,N,"Driveway, Alley Access, etc",None,,,         ,Patrick,Martin,Clear,Angle,no,no,no,no,no,False
103231453,METROPOLITAN NASHVILLE POLICE DEPT,20220095354,Davidson,Nashville,3/2/2022 9:00:00 AM,1,0,0,36.211990,-86.715300,ARDEE AV,,,,571.00,Feet,East,GOLF ST,,,,0.00,N,Not at Intersection, ,,None,,,         ,Michael,Agee,,,no,no,no,no,no,False
103231460,METROPOLITAN NASHVILLE POLICE DEPT,20220095411,Davidson,Nashville,3/2/2022 10:03:00 AM,2,3,0,36.256090,-86.713520,NEELYS BEND RD,,,,257.00,Feet,East,GALLATIN PKES,,,,0.00,N,Not at Intersection,N,Non-Junction,None,,,         ,Christopher,Littles,Clear,Front to Rear,no,no,no,no,no,False
103231471,METROPOLITAN NASHVILLE POLICE DEPT,20220095395,Davidson,Nashville,3/2/2022 9:40:00 AM,2,0,0,36.040130,-86.649730,I 24,,,,0.00,,,,,,,60.00,N,Not at Intersection,N,Non-Junction,None,,,         ,Gregory,Scott,Clear,Front to Rear,no,no,no,no,no,False
103231472,GOODLETTSVILLE POLICE DEPT,22-06683,Davidson,Goodlettsville,3/2/2022 9:58:00 AM,2,0,0,36.325060,-86.699520,NORTHCREEK BLVD,,,,526.00,Feet,South,LONG HOLLOW PKE,,,,0.00,N,Not at Intersection, ,Non-Junction,None,,,         ,Hannah,Poole,Clear,Angle,no,no,no,no,no,False
103231480,METROPOLITAN NASHVILLE POLICE DEPT,20220095117,Davidson,Nashville,3/2/2022 6:16:00 AM,2,5,0,36.110210,-86.721920,I 24,,,,0.00,,,,,,,53.65,N,Not at Intersection,N,Entrance/Exit Ramp Related,None,,,         ,Joseph,Gonzales,Clear,"Sideswipe, Same Direction",no,no,no,no,no,False
103231491,METROPOLITAN NASHVILLE POLICE DEPT,20220095119,Davidson,Nashville,3/2/2022 6:32:00 AM,2,1,0,36.045610,-86.719770,OLD HICKORY BLVD,,,,0.00,,,ZERMATT AV,,,,0.00,Y,T-Intersection,N,Intersection,None,,,         ,Jonas,Elias,Clear,Angle,no,no,no,no,no,False
103231495,METROPOLITAN NASHVILLE POLICE DEPT,20220095392,Davidson,Nashville,3/2/2022 9:43:00 AM,2,0,0,36.046650,-86.661550,I 24,,,,0.00,,,,,,,59.25,N,Not at Intersection, ,,Maintenance Zone,,,         ,Stanley,Collins,,,no,no,no,no,no,False
103231498,METROPOLITAN NASHVILLE POLICE DEPT,20220095234,Davidson,Nashville,3/2/2022 12:00:00 AM,1,0,0,36.096860,-86.738030,NOLENSVILLE PKE,,,,281.00,Feet,North,ALLIED DR,,,,0.00,N,Not at Intersection,N,Non-Junction,None,,,         ,Joseph,Gonzales,Clear,Not Collision with Motor Vehicle in Transport,no,no,no,no,yes,False
103231499,METROPOLITAN NASHVILLE POLICE DEPT,20220095434,Davidson,Nashville,3/2/2022 9:54:00 AM,1,0,0,36.154450,-86.815890,CHARLOTTE AV,,,,78.00,Feet,West,26TH AVN,,,,0.00,N,Not at Intersection, ,OtherLocation,None,,,         ,Jason,Lyons,Clear,Not Collision with Motor Vehicle in Transport,no,no,no,yes,no,False
103231503,METROPOLITAN NASHVILLE POLICE DEPT,20220095445,Davidson,Nashville,3/2/2022 8:20:00 AM,2,0,0,36.177580,-86.794330,ROSA L PARKS BLVD,,,,215.00,Feet,South,CHEATHAM PL,,,,0.00,N,Not at Intersection,N,Non-Junction,None,,,         ,Jeanine,Sarno,Clear,Front to Rear,no,no,no,no,yes,False
103231504,METROPOLITAN NASHVILLE POLICE DEPT,20220095182,Davidson,Nashville,3/2/2022 7:02:00 AM,2,0,0,36.170820,-86.601550,OLD HICKORY BLVD,,,,0.00,,,I40 W EXT RAMP,,,,0.00,Y,Four-Way, ,Intersection,None,,,         ,Ian,Hammond,Clear,Angle,no,no,no,no,yes,False
103231505,METROPOLITAN NASHVILLE POLICE DEPT,20220095262,Davidson,Nashville,3/2/2022 7:02:00 AM,2,0,0,36.182140,-86.608120,OLD HICKORY BLVD,,,,0.00,,,ANDREW JACKSON WAY,,,,0.00,Y,Four-Way, ,Intersection,None,,,         ,Ian,Hammond,Clear,Front to Rear,no,no,no,no,no,False
103231506,METROPOLITAN NASHVILLE POLICE DEPT,20220093875,Davidson,Nashville,3/1/2022 3:50:00 PM,3,0,0,36.085120,-86.702840,HARDING PL,,,,0.00,,,I24 E ENT RAMP,,,,0.00,Y,T-Intersection,N,Intersection,None,,,         ,Todd,Watson,Clear,Front to Rear,no,no,no,no,no,False
103231527,METROPOLITAN NASHVILLE POLICE DEPT,2022-0095561,Davidson,Nashville,3/2/2022 11:52:00 AM,1,0,0,36.158810,-86.740890,VISCO DR,,,,172.00,Feet,West,OMOHUNDRO PL,,,,0.00,N,Not at Intersection, ,Non-Junction,None,,,         ,Calvin,Graham,Clear,Not Collision with Motor Vehicle in Transport,no,no,no,no,no,False
103231531,METROPOLITAN NASHVILLE POLICE DEPT,20220095481,Davidson,Nashville,3/2/2022 10:41:00 AM,2,1,0,36.233560,-86.724820,GALLATIN PKE,,,,0.00,,,JOYCE LN,,,,0.00,Y,Four-Way,N,Intersection,None,,,         ,William,Clemons,Clear,Angle,no,no,no,no,no,False
103231539,METROPOLITAN NASHVILLE POLICE DEPT,20220095341,Davidson,Nashville,3/2/2022 8:22:00 AM,3,1,0,36.039100,-86.729700,OLD HICKORY BLVD,,,,403.00,Feet,East,WOODLAND HILLS DR,,,,0.00,N,Not at Intersection,N,Non-Junction,None,,,         ,Jonas,Elias,Clear,Front to Rear,no,no,no,no,yes,False