master_record_number,agency,agency_tracking_number,county,city,collision_date,vehicles_involved,number_injured,number_dead,latitude,longitude,roadway_name,roadway_suffix,roadway_number,roadway_local_id,distance_from_reference,miles-feet_indicator,direction_from_reference,intersection_road_name,intersection_road_name_suffix,intersection_road_number,intersection_local_id,mile_marker,intersection_indicator,intersect_type,interchange_related_indicator,relation_to_junction,work_zone_type,construction_maintenance_zone,construction_maintenance_zone_location,fatal_case_number,officer_first_name,officer_last_name,weather_condition(s),manner_of_crash,pedestrian,bicycle,scooter,parking,hitrun,mou
103233330,METROPOLITAN NASHVILLE POLICE DEPT,20220099200,Davidson,Not in City Limit,3/4/2022 3:41:00 AM,2,0,0,36.019120,-86.625570,I 24,,,,0.00,,,,,,,62.15,N,Not at Intersection,N,Non-Junction,Construction Zone,Work On Shoulder Or Median,Activity Area,         ,William,Williams,Clear,Front to Rear,no,no,no,no,no,False
103233343,METROPOLITAN NASHVILLE POLICE DEPT,20220099117,Davidson,Nashville,3/4/2022 1:55:00 AM,2,1,0,36.045520,-86.659620,I 24,,,,0.00,,,,,,,59.40,N,Not at Intersection,N,Non-Junction,Construction Zone,Laneclosure,Transition Area,         ,John,Braxton,Clear,"Sideswipe, Same Direction",no,no,no,no,no,False
103233346,METROPOLITAN NASHVILLE POLICE DEPT,20220099021,Davidson,Not in City Limit,3/4/2022 12:00:00 AM,1,1,0,35.991930,-86.658650,BURKITT RD,,,,1132.00,Feet,West,WHITTEMORE LN,,,,0.00,N,Not at Intersection,N,Non-Junction,None,,,         ,Kristopher,Sharpe,Clear,Not Collision with Motor Vehicle in Transport,no,no,no,no,no,False
103233384,METROPOLITAN NASHVILLE POLICE DEPT,20220099309,Davidson,Madison,3/4/2022 6:13:00 AM,2,0,0,36.263950,-86.711610,GALLATIN PKEN,,,,53.00,Feet,North,OLD TIME VILLAGE PVTDR,,,,0.00,N,Not at Intersection,N,Non-Junction,None,,,         ,Brian,Otto,Clear,Angle,no,no,no,no,no,False
103233389,METROPOLITAN NASHVILLE POLICE DEPT,20220099363,Davidson,Nashville,3/4/2022 6:45:00 AM,2,0,0,36.249390,-86.719410,E PALESTINE AV,,,,0.00,,,GALLATIN PKES,,,,0.00,Y,Four-Way, ,Intersection,None,,,         ,Travis,Baxter,Clear,Front to Rear,no,no,no,no,no,False
103233392,GOODLETTSVILLE POLICE DEPT,22-06566,Davidson,Goodlettsville,3/1/2022 4:59:00 PM,4,3,0,36.307300,-86.694620,CONFERENCE DR,,,,31.00,Feet,South,VIETNAM VETERANS BLVDN,,,,0.00,N,Not at Intersection,Y,Non-Junction,None,,,         ,Benny,Alexander,Clear,Front to Rear,no,no,no,no,no,False
103233398,METROPOLITAN NASHVILLE POLICE DEPT,20220099330,Davidson,Nashville,3/4/2022 6:33:00 AM,2,1,0,36.199620,-86.619270,LEBANON PKE,,,,500.00,Feet,North,OLD HICKORY BLVD,,,,0.00,N,Not at Intersection,N,Non-Junction,None,,,         ,Terry,Denton,Clear,Front to Rear,no,no,no,no,no,False
103233401,METROPOLITAN NASHVILLE POLICE DEPT,20220099354,Davidson,Nashville,3/4/2022 6:49:00 AM,4,0,0,36.114690,-86.693320,MURFREESBORO PKE,,,,302.00,Feet,East,PINEWAY DR,,,,0.00,N,Not at Intersection,N,Non-Junction,None,,,         ,Michael,Brooks,Clear,Front to Rear,no,no,no,no,no,False
103233437,METROPOLITAN NASHVILLE POLICE DEPT,20220099459,Davidson,Nashville,3/4/2022 7:56:00 AM,3,0,0,36.177410,-86.764760,ELLINGTON PKWYS,,,,87.00,Feet,West,ELLINGTON PKWYN,,,,0.00,N,Not at Intersection,N,Non-Junction,None,,,         ,Jason,Milyaro Lucas,Clear,Front to Rear,no,no,no,no,yes,False
103233454,METROPOLITAN NASHVILLE POLICE DEPT,20220099376,Davidson,Nashville,3/4/2022 6:56:00 AM,1,0,0,36.153960,-86.763010,I24 W ENT RAMP,,,,0.00,Feet,East,I 40,,,,0.00,N,Not at Intersection,Y,Entrance/Exit Ramp Related,None,,,         ,Cameron,Fritschie,Clear,Not Collision with Motor Vehicle in Transport,no,no,no,no,no,False
103233468,METROPOLITAN NASHVILLE POLICE DEPT,20220099340,Davidson,Nashville,3/4/2022 6:36:00 AM,2,1,0,36.068690,-86.703270,HAYWOOD LN,,,,90.00,Feet,South,LOCUSTWOOD DR,,,,0.00,N,Not at Intersection,N,Non-Junction,None,,,         ,Zachary,Triano,Clear,Angle,no,no,no,no,no,False
103233480,METROPOLITAN NASHVILLE POLICE DEPT,20220099475,Davidson,Nashville,3/4/2022 7:58:00 AM,2,0,0,36.042040,-86.825240,OLD HICKORY BLVD,,,,135.00,Feet,West,RIVER OAKS RD,,,,0.00,N,Not at Intersection,N,Non-Junction,None,,,         ,Brian,Hickman,Clear,Front to Rear,no,no,no,no,no,False
103233487,METROPOLITAN NASHVILLE POLICE DEPT,20220099555,Davidson,Nashville,3/4/2022 6:50:00 AM,2,0,0,36.165030,-86.763860,I 24,,,,0.00,,,,,,,49.05,N,Not at Intersection, ,Non-Junction,None,,,         ,Steven,Williams,Clear,"Sideswipe, Same Direction",no,no,no,no,yes,False
103233490,METROPOLITAN NASHVILLE POLICE DEPT,20220099450,Davidson,Nashville,3/4/2022 7:56:00 AM,2,0,0,36.149690,-86.779180,8TH AVS,,,,0.00,,,DIVISION ST,,,,0.00,Y,Four-Way, ,,Construction Zone,,,         ,Johnathan,Carlisle,,,no,no,no,no,no,False
103233491,METROPOLITAN NASHVILLE POLICE DEPT,20220099529,Davidson,Nashville,3/4/2022 8:45:00 AM,2,0,0,36.189560,-86.791600,I 65,,,,0.00,,,,,,,85.60,N,Not at Intersection,N,Non-Junction,None,,,         ,Ian,Wilson,Clear,"Sideswipe, Same Direction",no,no,no,no,no,False
103233495,METROPOLITAN NASHVILLE POLICE DEPT,20220099486,Davidson,Nashville,3/4/2022 7:10:00 AM,3,0,0,36.121510,-86.726810,I440 W ENT RAMP,,,,0.00,Feet,East,I 24,,,,0.00,N,Not at Intersection,N,Non-Junction,None,,,         ,David,Rehm,Clear,Front to Rear,no,no,no,no,no,False
103233512,METROPOLITAN NASHVILLE POLICE DEPT,20220099491,Davidson,Nashville,3/4/2022 8:09:00 AM,2,2,0,36.208300,-86.788870,W TRINITY LN,,,,0.00,,,OLD MATTHEWS RD,,,,0.00,Y,T-Intersection,N,Intersection-Related,None,,,         ,Jacob,Frederick,Clear,Angle,no,no,no,no,no,False
103233519,METROPOLITAN NASHVILLE POLICE DEPT,20220099493,Davidson,Nashville,3/4/2022 7:10:00 AM,2,2,0,36.061850,-86.682550,APACHE TRL,,,,0.00,,,BARELLA DR,,,,0.00,Y,T-Intersection,N,Intersection,None,,,         ,Zachary,Wilbanks,Clear,Angle,no,no,no,no,no,False
103233522,METROPOLITAN NASHVILLE POLICE DEPT,20220099625,Davidson,Nashville,3/4/2022 10:12:00 AM,2,0,0,36.163710,-86.793670,I 40,,,,0.00,,,,,,,208.50,N,Not at Intersection, ,Non-Junction,None,,,         ,Rachael,Robinson,Clear,Front to Rear,no,no,no,no,no,False
103233523,METROPOLITAN NASHVILLE POLICE DEPT,20220099563,Davidson,Nashville,3/4/2022 9:18:00 AM,2,0,0,36.151370,-86.751580,I 40,,,,0.00,,,,,,,211.50,N,Not at Intersection, ,Non-Junction,None,,,         ,Patrick,Lancaster,Clear,"Sideswipe, Same Direction",no,no,no,no,no,False
103233534,METROPOLITAN NASHVILLE POLICE DEPT,20220099439,Davidson,Not in City Limit,3/4/2022 7:40:00 AM,3,1,0,36.324010,-86.868400,I 24,,,,0.00,,,,,,,34.90,N,Not at Intersection,N,Non-Junction,None,,,         ,Chase,Harriman,Clear,Front to Rear,no,no,no,no,no,False
103233535,METROPOLITAN NASHVILLE POLICE DEPT,20220099456,Davidson,Nashville,3/4/2022 7:51:00 AM,2,0,0,36.150600,-86.827440,ELKINS AV,,,,152.00,Feet,West,35TH AVN,,,,0.00,N,Not at Intersection,N,Non-Junction,None,,,         ,Michael,Pyle,Clear,"Sideswipe, Same Direction",no,no,no,no,no,False
103233539,METROPOLITAN NASHVILLE POLICE DEPT,20220099445,Davidson,Nashville,3/4/2022 7:40:00 AM,2,0,0,36.141340,-86.716490,I 40,,,,0.00,,,,,,,213.15,N,Not at Intersection,N,Non-Junction,None,,,         ,Cameron,Fritschie,Clear,Front to Rear,no,no,no,no,no,False
103233542,METROPOLITAN NASHVILLE POLICE DEPT,20220099667,Davidson,Nashville,3/4/2022 10:00:00 AM,2,0,0,36.083430,-86.727480,NOLENSVILLE PKE,,,,13.00,Feet,North,WELCH RD,,,,0.00,N,Not at Intersection, ,,None,,,         ,William,McDaniel,,,no,no,no,no,no,False
103233543,METROPOLITAN NASHVILLE POLICE DEPT,20220099736,Davidson,Nashville,3/4/2022 11:22:00 AM,2,0,0,36.110110,-86.809540,BENHAM AV,,,,340.00,Feet,South,GRAYBAR LN,,,,0.00,N,Not at Intersection,N,OtherLocation,None,,,         ,Justin,Pinkelton,Clear,"Sideswipe, Opposite Direction",no,no,no,yes,yes,False
103233561,METROPOLITAN NASHVILLE POLICE DEPT,20220099737,Davidson,Nashville,3/4/2022 11:24:00 AM,1,2,0,36.201520,-86.748120,DELMAS AV,,,,56.00,Feet,East,FAIRWIN AV,,,,0.00,N,Not at Intersection,N,Rail Grade Crossing,None,,,         ,Ian,Wilson,Clear,Not Collision with Motor Vehicle in Transport,no,no,no,no,no,False
103233577,METROPOLITAN NASHVILLE POLICE DEPT,20220099781,Davidson,Antioch,3/4/2022 12:02:00 PM,2,0,0,36.030250,-86.612610,LOGISTICS WAY,,,,0.00,,,OLD HICKORY BLVD,,,,0.00,Y,T-Intersection, ,,None,,,         ,Steven,Williams,,,no,no,no,no,no,False
103233583,METROPOLITAN NASHVILLE POLICE DEPT,20220099795,Davidson,Nashville,3/4/2022 11:41:00 AM,2,0,0,36.152220,-86.841560,CHARLOTTE AV,,,,195.00,Feet,East,46TH AVN,,,,0.00,N,Not at Intersection, ,Non-Junction,None,,,         ,Michael,Pyle,Clear,Angle,no,no,no,no,no,False
103233611,METROPOLITAN NASHVILLE POLICE DEPT,20220099731,Davidson,Nashville,3/4/2022 11:15:00 AM,1,1,0,36.106310,-86.818050,ABBOTT MARTIN RD,,,,359.00,Feet,East,RAMP,,,,0.00,N,Not at Intersection,N,Non-Junction,None,,,         ,Allison,Zornes,Clear,Not Collision with Motor Vehicle in Transport,yes,no,no,yes,no,False
103233641,METROPOLITAN NASHVILLE POLICE DEPT,20220099611,Davidson,Nashville,3/4/2022 10:04:00 AM,2,0,0,36.124730,-86.752050,NOLENSVILLE PKE,,,,104.00,Feet,South,ROSEDALE AV,,,,0.00,N,Not at Intersection,N,Non-Junction,None,,,         ,Kyle,Kinsman,Clear,"Sideswipe, Same Direction",no,no,no,no,no,False
103233674,METROPOLITAN NASHVILLE POLICE DEPT,20200099766,Davidson,Nashville,3/4/2022 11:51:00 AM,2,0,0,36.155480,-86.765800,HERMITAGE AV,,,,0.00,,,ACADEMY PL,,,,0.00,Y,Four-Way,N,Intersection,None,,,         ,Michael,Douglas,Clear,Angle,no,no,no,no,no,False
103233794,METROPOLITAN NASHVILLE POLICE DEPT,2022099864,Davidson,Nashville,3/4/2022 1:00:00 PM,2,0,0,36.159160,-86.782270,ROSA L PARKS BLVD,,,,100.00,Feet,North,BROADWAY,,,,0.00,N,Not at Intersection,N,Non-Junction,None,,,         ,Joshua,Reece,Clear,Angle,no,no,no,no,yes,False
103233816,METROPOLITAN NASHVILLE POLICE DEPT,20220099825,Davidson,Nashville,3/4/2022 12:30:00 PM,2,0,0,36.153650,-86.796470,18TH AVN,,,,166.00,Feet,South,HAYES ST,,,,0.00,N,Not at Intersection, ,Non-Junction,None,,,         ,William,McDaniel,Clear,Angle,no,no,no,no,no,False
103233828,THP District 9 - Administrative,322014469,Davidson,Nashville,3/1/2022 2:05:00 PM,2,0,0,36.164790,-86.784350,7TH AVE N,,,,0.00,,,CHARLOTTE AVE,,,,0.00,Y,Four-Way,Y,Intersection,None,,,         ,Shane,Moore,Clear,Angle,no,no,no,no,no,False
103233837,METROPOLITAN NASHVILLE POLICE DEPT,20220099937,Davidson,Nashville,3/4/2022 2:00:00 PM,2,0,0,36.179370,-86.800570,I 65,,,,0.00,,,,,,,86.00,N,Not at Intersection, ,,None,,,         ,Billy,Price,,,no,no,no,no,no,False
103233856,METROPOLITAN NASHVILLE POLICE DEPT,20220099905,Davidson,Nashville,3/4/2022 1:15:00 PM,1,1,0,36.060600,-86.640020,BELL RD,,,,0.00,,,HICKORY HIGHLANDS DR,,,,0.00,Y,T-Intersection,N,Intersection,None,,,         ,Michael,Schlegel,Clear,Not Collision with Motor Vehicle in Transport,no,no,no,no,yes,False
103233918,GOODLETTSVILLE POLICE DEPT,22-06928,Davidson,Goodlettsville,3/4/2022 1:23:00 PM,1,0,0,36.334210,-86.717190,N MAIN ST,,,,0.00,,,FANNIN DR,,,,0.00,Y,T-Intersection, ,Intersection-Related,None,,,         ,Benny,Alexander,Cloudy,Not Collision with Motor Vehicle in Transport,no,no,no,no,no,False
103233928,METROPOLITAN NASHVILLE POLICE DEPT,20220099964,Davidson,Nashville,3/4/2022 2:03:00 PM,2,1,0,36.176620,-86.770850,SPRING ST,,,,46.00,Feet,East,DICKERSON PKE,,,,0.00,N,Not at Intersection,N,Non-Junction,None,,,         ,Jason,Milyaro Lucas,Clear,"Sideswipe, Same Direction",no,no,no,no,no,False
103233929,METROPOLITAN NASHVILLE POLICE DEPT,20220099981,Davidson,Nashville,3/4/2022 2:44:00 PM,2,1,0,36.118180,-86.725930,I 24,,,,0.00,,,,,,,53.00,N,Not at Intersection,N,Non-Junction,None,,,         ,Tavin,Emlund,Clear,Front to Rear,no,no,no,no,no,False
103233931,METROPOLITAN NASHVILLE POLICE DEPT,20220099960,Davidson,Nashville,3/4/2022 1:57:00 PM,2,0,0,36.169360,-86.679890,LEBANON PKE,,,,0.00,,,MCGAVOCK PKE,,,,0.00,Y,Four-Way,N,Intersection,None,,,         ,Cameron,Fritschie,Clear,Angle,no,no,no,no,yes,False
103233942,METROPOLITAN NASHVILLE POLICE DEPT,20220100041,Davidson,Nashville,3/4/2022 3:12:00 PM,2,0,0,36.219690,-86.774410,I 65,,,,0.00,,,,,,,88.25,N,Not at Intersection,N,Non-Junction,None,,,         ,Ian,Wilson,Clear,"Sideswipe, Same Direction",no,no,no,no,no,False
103233944,METROPOLITAN NASHVILLE POLICE DEPT,20220100084,Davidson,Nashville,3/4/2022 3:30:00 PM,2,0,0,36.159650,-86.796180,CHARLOTTE AV,,,,0.00,,,MCMILLIN ST,,,,0.00,Y,OTHER, ,,None,,,         ,D’Mitri,Mackall,,,no,no,no,no,no,False
103233947,METROPOLITAN NASHVILLE POLICE DEPT,20220099986,Davidson,Nashville,3/4/2022 1:40:00 PM,2,0,0,36.230390,-86.782100,I 24,,,,0.00,,,,,,,44.00,N,Not at Intersection, ,Non-Junction,None,,,         ,Jeanine,Sarno,Clear,"Sideswipe, Same Direction",no,no,no,no,no,False
103233950,METROPOLITAN NASHVILLE POLICE DEPT,20220100048,Davidson,Not in City Limit,3/4/2022 3:21:00 PM,2,1,0,36.324950,-86.872470,I 24,,,,0.00,,,,,,,34.70,N,Not at Intersection,N,Non-Junction,None,,,         ,Keegan,Winchell,Clear,Front to Rear,no,no,no,no,no,False
103233972,METROPOLITAN NASHVILLE POLICE DEPT,2022100064,Davidson,Nashville,3/4/2022 3:25:00 PM,2,1,0,36.101670,-86.870490,HARDING PKE,,,,201.00,Feet,South,HARDING PL,,,,0.00,N,Not at Intersection,N,Non-Junction,None,,,         ,Tony,Folad,Cloudy,Front to Rear,no,no,no,no,no,False
103233976,METROPOLITAN NASHVILLE POLICE DEPT,20220100112,Davidson,Nashville,3/4/2022 3:42:00 PM,2,0,0,36.093060,-86.652380,MURFREESBORO PKE,,,,350.00,Feet,South,OLD MURFREESBORO PKE,,,,0.00,N,Not at Intersection, ,Non-Junction,None,,,         ,Adam,Kauffman,Clear,"Sideswipe, Same Direction",no,no,no,no,no,False
103233980,METROPOLITAN NASHVILLE POLICE DEPT,20220099775,Davidson,Nashville,3/4/2022 11:56:00 AM,2,1,0,36.151270,-86.769650,LAFAYETTE ST,,,,0.00,,,I40 W EXT RAMP,,,,0.00,Y,Four-Way,N,Intersection-Related,None,,,         ,Johnathan,Carlisle,Clear,Front to Rear,no,no,no,no,no,False
103233984,METROPOLITAN NASHVILLE POLICE DEPT,20220100059,Davidson,Nashville,3/4/2022 3:25:00 PM,2,0,0,36.190170,-86.626530,LEBANON PKE,,,,757.00,Feet,South,BONNABROOK DR,,,,0.00,N,Not at Intersection, ,Non-Junction,None,,,         ,Brandon,O'Guin,Clear,"Sideswipe, Same Direction",no,no,no,no,no,False
103234028,METROPOLITAN NASHVILLE POLICE DEPT,20220100116,Davidson,Nashville,3/4/2022 3:22:00 PM,2,0,0,36.171970,-86.764430,WOODLAND ST,,,,108.00,Feet,East,S 5TH ST,,,,0.00,N,Not at Intersection,Y,Non-Junction,None,,,         ,Daniel,Carney,Clear,Angle,no,no,no,no,yes,False
103234031,METROPOLITAN NASHVILLE POLICE DEPT,20220095962,Davidson,Nashville,3/2/2022 3:10:00 PM,2,0,0,36.155190,-86.788980,I 40,,,,0.00,,,,,,,209.15,N,Not at Intersection, ,Non-Junction,None,,,         ,Dakota,Davis,Clear,Angle,no,no,no,no,no,False
103234032,METROPOLITAN NASHVILLE POLICE DEPT,20220096126,Davidson,Nashville,3/2/2022 4:20:00 PM,2,0,0,36.161700,-86.793280,I 40,,,,0.00,,,,,,,208.35,N,Not at Intersection,N,Non-Junction,None,,,         ,Dakota,Davis,Clear,Front to Rear,no,no,no,no,no,False
103234033,METROPOLITAN NASHVILLE POLICE DEPT,20220100132,Davidson,Nashville,3/4/2022 4:00:00 PM,2,0,0,36.156780,-86.796640,17TH AVN,,,,6.00,Feet,South,STATE ST,,,,0.00,N,Not at Intersection,N,Non-Junction,None,,,         ,Dakota,Davis,Clear,Angle,no,no,no,no,no,False
103234043,METROPOLITAN NASHVILLE POLICE DEPT,20220100158,Davidson,Nashville,3/4/2022 4:04:00 PM,3,0,0,36.085960,-86.699900,I 24,,,,0.00,,,,,,,55.75,N,Not at Intersection,N,Non-Junction,None,,,         ,Patrick,Martin,Clear,Front to Rear,no,no,no,no,no,False
103234049,METROPOLITAN NASHVILLE POLICE DEPT,20220100205,Davidson,Nashville,3/4/2022 5:00:00 PM,2,1,0,36.074290,-86.638470,MURFREESBORO PKE,,,,84.00,Feet,South,RURAL HILL RD,,,,0.00,N,Not at Intersection,N,Non-Junction,None,,,         ,Brandon,Simpkins,Clear,Front to Rear,no,no,no,no,yes,False
103234090,METROPOLITAN NASHVILLE POLICE DEPT,20220100207,Davidson,Not in City Limit,3/4/2022 6:02:00 AM,2,0,0,36.269320,-86.710610,WILEY ST,,,,0.00,Feet,North,GALLATIN PKEN,,,,0.00,N,Not at Intersection, ,,None,,,         ,Justan,Vance,,,no,no,no,no,no,False
103234093,METROPOLITAN NASHVILLE POLICE DEPT,20220100121,Davidson,Nashville,3/4/2022 3:50:00 PM,2,0,0,36.167880,-86.692510,LEBANON PKE,,,,0.00,Feet,,COTTAGE LN,,,,0.00,Y,T-Intersection,Y,Intersection-Related,None,,,         ,Dylan,Colquhoun,Clear,Angle,no,no,no,no,no,False
103234100,METROPOLITAN NASHVILLE POLICE DEPT,20220100243,Davidson,Nashville,3/4/2022 12:00:00 AM,2,0,0,36.153710,-86.886820,RIVER ROUGE DR,,,,351.00,Feet,West,RIVER ROUGE CT,,,,0.00,N,Not at Intersection, ,Non-Junction,None,,,         ,Blake,Langford,Unknown,Unknown,no,no,no,no,yes,False
103234111,METROPOLITAN NASHVILLE POLICE DEPT,20220100153,Davidson,Not in City Limit,3/4/2022 4:10:00 PM,2,0,0,36.264080,-86.723440,OLD HICKORY BLVDW,,,,100.00,Feet,West,HICKORY CHASE DR,,,,0.00,N,Not at Intersection,N,Non-Junction,None,,,         ,Dylan,Bradley,Clear,Front to Rear,no,no,no,no,no,False
103234116,METROPOLITAN NASHVILLE POLICE DEPT,20220100275,Davidson,Nashville,3/4/2022 5:52:00 PM,2,0,0,36.102700,-86.870010,HARDING PKE,,,,208.00,Feet,North,HARDING PL,,,,0.00,N,Not at Intersection, ,Non-Junction,None,,,         ,Robert,Higgins,Clear,Angle,no,no,no,no,no,False
103234137,METROPOLITAN NASHVILLE POLICE DEPT,20220100156,Davidson,Nashville,3/4/2022 4:15:00 PM,2,0,0,36.124228,-86.740680,,,I440,,0.60,Miles,East,,,,,6.60,N,Not at Intersection, ,,None,,,         ,Darci,Stechman,,,no,no,no,no,no,False
103234141,METROPOLITAN NASHVILLE POLICE DEPT,20220100220,Davidson,Nashville,3/4/2022 2:48:00 PM,2,0,0,36.116020,-86.792460,,,I3.6,,100.00,Feet,East,,,,,3.00,N,Not at Intersection, ,Non-Junction,None,,,         ,Dylan,Chambers,Clear,Front to Rear,no,no,no,no,no,False
103234148,METROPOLITAN NASHVILLE POLICE DEPT,20220100301,Davidson,Not in City Limit,3/4/2022 5:22:00 PM,2,0,0,36.324740,-86.870980,I 24,,,,0.00,,,,,,,34.75,N,Not at Intersection,N,Non-Junction,None,,,         ,Keegan,Winchell,Clear,Front to Rear,no,no,no,no,yes,False
103234157,METROPOLITAN NASHVILLE POLICE DEPT,20220100176,Davidson,Nashville,3/4/2022 3:03:00 PM,1,0,0,36.131150,-86.773750,I 65,,,,0.00,,,,,,,81.15,N,Not at Intersection, ,Non-Junction,None,,,         ,Brady,Reynolds,Clear,Not Collision with Motor Vehicle in Transport,no,no,no,no,no,False
103234158,METROPOLITAN NASHVILLE POLICE DEPT,20220100211,Davidson,Nashville,3/4/2022 1:00:00 PM,2,0,0,36.142770,-86.765990,HOUSTON ST,,,,39.00,Feet,East,PILLOW ST,,,,0.00,N,Not at Intersection,N,Non-Junction,None,,,         ,Brady,Reynolds,Clear,"Sideswipe, Same Direction",no,no,no,no,yes,False
103234159,METROPOLITAN NASHVILLE POLICE DEPT,20220100211,Davidson,Nashville,3/4/2022 4:50:00 PM,2,0,0,36.149320,-86.773460,I 40,,,,0.00,,,,,,,210.15,N,Not at Intersection, ,,None,,,         ,Brady,Reynolds,,,no,no,no,no,no,False
103234172,METROPOLITAN NASHVILLE POLICE DEPT,20220100189,Davidson,Nashville,3/4/2022 4:42:00 PM,2,1,0,36.153230,-86.756290,I 40,,,,0.00,,,,,,,211.20,N,Not at Intersection,N,Non-Junction,None,,,         ,Zachary,Aldrich,Clear,Front to Rear,no,no,no,no,yes,False
103234176,METROPOLITAN NASHVILLE POLICE DEPT,20220100396,Davidson,Nashville,3/4/2022 7:20:00 PM,2,2,0,36.075850,-86.681710,ANTIOCH PIKE,,,,410.00,Feet,South,LUNA DR,,,,0.00,N,Not at Intersection,N,Non-Junction,None,,,         ,Michael,Hones,Clear,HeadOn,no,no,no,no,no,False
103234182,METROPOLITAN NASHVILLE POLICE DEPT,20220100331,Davidson,Nashville,3/4/2022 6:41:00 PM,2,0,0,36.134920,-86.704780,MASSMAN DR,,,,0.00,Feet,East,PATRICIA DR,,,,0.00,N,Not at Intersection,N,Non-Junction,None,,,         ,Evan,Grace,Clear,Angle,no,no,no,no,no,False
103234202,METROPOLITAN NASHVILLE POLICE DEPT,20220100359,Davidson,Nashville,3/4/2022 6:25:00 PM,2,0,0,36.138320,-86.778500,LYNWOOD AV,,,,0.00,,,8TH AVS,,,,0.00,Y,T-Intersection, ,Intersection,None,,,         ,Cory,Stratton,Clear,Angle,no,no,no,no,no,False
103234208,METROPOLITAN NASHVILLE POLICE DEPT,20220100336,Davidson,Not in City Limit,3/4/2022 6:39:00 PM,3,2,0,35.992870,-86.685030,NOLENSVILLE RD,,,,75.00,Feet,North,OLD BURKITT RD,,,,0.00,N,Not at Intersection,N,Non-Junction,None,,,         ,Adam,Kauffman,Clear,HeadOn,no,no,no,no,no,False
103234225,METROPOLITAN NASHVILLE POLICE DEPT,20220100517,Davidson,Nashville,3/4/2022 9:02:00 PM,2,0,0,36.155500,-86.790040,BROADWAY,,,,52.00,Feet,East,15TH AVS,,,,0.00,N,Not at Intersection, ,,None,,,         ,Dakota,Davis,,,no,no,no,no,no,False
103234237,METROPOLITAN NASHVILLE POLICE DEPT,20220100372,Davidson,Nashville,3/4/2022 6:27:00 PM,3,0,0,36.135800,-86.725040,I24 W EXT RAMP,,,,0.00,,,SPENCE LN,,,,0.00,Y,OTHER,N,Intersection,None,,,         ,Theodore,Flick,Clear,Angle,no,no,no,no,yes,False
103234264,METROPOLITAN NASHVILLE POLICE DEPT,20220100279,Davidson,Nashville,3/4/2022 6:03:00 PM,2,2,0,36.045450,-86.703960,OLD HICKORY BLVD,,,,104.00,Feet,West,EULALA DR,,,,0.00,N,Not at Intersection,N,Non-Junction,None,,,         ,Matthew,Hogan,Clear,"Sideswipe, Opposite Direction",no,no,no,no,no,False
103234282,METROPOLITAN NASHVILLE POLICE DEPT,20220100191,Davidson,Nashville,3/4/2022 4:25:00 PM,2,0,0,36.120530,-86.750020,NOLENSVILLE PKE,,,,0.00,,,I440 E ENT RAMP,,,,0.00,Y,T-Intersection, ,,None,,,         ,Darci,Stechman,,,no,no,no,no,no,False
103234295,METROPOLITAN NASHVILLE POLICE DEPT,20220100407,Davidson,Nashville,3/4/2022 7:20:00 PM,2,0,0,36.079660,-86.655090,COTTAGE HILL DR,,,,4.00,Feet,West,UNA ANTIOCH PKE,,,,0.00,N,Not at Intersection,N,Non-Junction,None,,,         ,Nadine,Klemenz,Clear,Front to Rear,no,no,no,no,no,False
103234296,METROPOLITAN NASHVILLE POLICE DEPT,20220100428,Davidson,Nashville,3/4/2022 7:50:00 PM,2,0,0,36.156870,-86.780840,8TH AVS,,,,0.00,,,DEMONBREUN ST,,,,0.00,Y,Four-Way, ,Intersection,None,,,         ,Zachary,Cooper,Clear,"Sideswipe, Same Direction",no,no,no,no,no,False
103234309,METROPOLITAN NASHVILLE POLICE DEPT,20220100500,Davidson,Nashville,3/4/2022 8:47:00 PM,2,0,0,36.112100,-86.811160,HILLSBORO PKE,,,,327.00,Feet,North,GRAYBAR LN,,,,0.00,N,Not at Intersection, ,Non-Junction,None,,,         ,Ryan,Coll,Clear,Front to Rear,no,no,no,no,no,False
103234322,METROPOLITAN NASHVILLE POLICE DEPT,20220100539,Davidson,Nashville,3/4/2022 6:53:00 PM,2,0,0,36.136210,-86.726710,I40 E ENT RAMP,,,,0.00,,,I 24,,,,0.00,Y,Y-Intersection,Y,Entrance/Exit Ramp Related,None,,,         ,Jeffrey,Palomino-Gonzalez,Clear,Angle,no,no,no,no,yes,False
103234328,METROPOLITAN NASHVILLE POLICE DEPT,20220100285,Davidson,Nashville,3/4/2022 4:25:00 PM,2,0,0,36.126700,-86.711090,MURFREESBORO PKE,,,,0.00,,,THOMPSON PL,,,,0.00,Y,Four-Way,N,Intersection,None,,,         ,Zachary,Aldrich,Clear,Angle,no,no,no,no,yes,False
103234347,METROPOLITAN NASHVILLE POLICE DEPT,20220100369,Davidson,Nashville,3/4/2022 3:15:00 PM,2,0,0,36.060750,-86.680680,I 24,,,,0.00,,,,,,,57.80,N,Not at Intersection, ,Non-Junction,None,,,         ,Keith,Parlato,Clear,"Sideswipe, Same Direction",no,no,no,no,no,False
103234387,METROPOLITAN NASHVILLE POLICE DEPT,20220100620,Davidson,Nashville,3/4/2022 9:55:00 PM,2,0,0,36.180050,-86.810300,BUCHANAN ST,,,,154.00,Feet,West,16TH AVN,,,,0.00,N,Not at Intersection,N,Non-Junction,None,,,         ,Dylan,Ramos,Clear,Angle,no,no,no,no,no,False