master_record_number,agency,agency_tracking_number,county,city,collision_date,vehicles_involved,number_injured,number_dead,latitude,longitude,roadway_name,roadway_suffix,roadway_number,roadway_local_id,distance_from_reference,miles-feet_indicator,direction_from_reference,intersection_road_name,intersection_road_name_suffix,intersection_road_number,intersection_local_id,mile_marker,intersection_indicator,intersect_type,interchange_related_indicator,relation_to_junction,work_zone_type,construction_maintenance_zone,construction_maintenance_zone_location,fatal_case_number,officer_first_name,officer_last_name,weather_condition(s),manner_of_crash,pedestrian,bicycle,scooter,parking,hitrun,mou
103240176,METROPOLITAN NASHVILLE POLICE DEPT,20220112436,Davidson,Not in City Limit,3/10/2022 7:22:00 PM,3,2,0,36.045470,-86.950560,TEMPLE RD,,,,0.00,,,HIGHWAY 100,,,,0.00,Y,Four-Way,N,Intersection,None,,,         ,Eric,Westbrook,Clear,Front to Rear,no,no,no,no,no,False
103240180,METROPOLITAN NASHVILLE POLICE DEPT,20220112145,Davidson,Nashville,3/10/2022 4:08:00 PM,5,2,0,36.090420,-86.703640,I 24,,,,0.00,,,,,,,55.35,N,Not at Intersection,N,Non-Junction,None,,,         ,Keith,Parlato,Clear,Front to Rear,no,no,no,no,yes,False
103240205,METROPOLITAN NASHVILLE POLICE DEPT,20220112597,Davidson,Nashville,3/10/2022 9:25:00 PM,2,2,0,36.110350,-86.744910,NOLENSVILLE PKE,,,,65.00,Feet,North,COLLIER AV,,,,0.00,N,Not at Intersection,N,Non-Junction,None,,,         ,John,Braun,Clear,Unknown,no,no,no,no,no,False
103240222,METROPOLITAN NASHVILLE POLICE DEPT,20220112274,Davidson,Antioch,3/10/2022 5:20:00 PM,2,0,0,36.029950,-86.592280,MURFREESBORO PKE,,,,0.00,Feet,West,HURRICANE CREEK BLVD,,,,0.00,N,Not at Intersection, ,Non-Junction,None,,,         ,Brandon,Simpkins,Clear,Angle,no,no,no,no,no,False
103240223,METROPOLITAN NASHVILLE POLICE DEPT,20220112358,Davidson,Nashville,3/10/2022 5:45:00 PM,2,0,0,36.183450,-86.639510,LEBANON PKE,,,,850.00,Feet,East,JACKSON DOWNS BLVD,,,,0.00,N,Not at Intersection, ,Non-Junction,None,,,         ,Christian,Vanders,Cloudy,Front to Rear,no,no,no,no,no,False
103240224,METROPOLITAN NASHVILLE POLICE DEPT,20220112417,Davidson,Nashville,3/10/2022 5:22:00 PM,2,0,0,36.142300,-86.735630,I 40,,,,0.00,,,,,,,212.60,N,Not at Intersection, ,Non-Junction,None,,,         ,Christian,Vanders,Cloudy,Front to Rear,no,no,no,no,no,False
103240226,METROPOLITAN NASHVILLE POLICE DEPT,20220112733,Davidson,Nashville,3/10/2022 8:55:00 PM,2,0,0,36.055010,-86.642420,THE OVERLOOK PVTDR,,,,3.00,Feet,West,BELL RD,,,,0.00,N,Not at Intersection,N,Non-Junction,None,,,         ,Eric,Laury,Clear,Front to Rear,no,no,no,no,yes,False
103240241,METROPOLITAN NASHVILLE POLICE DEPT,20220112653,Davidson,Nashville,3/10/2022 8:33:00 PM,2,0,0,36.249330,-86.719100,E PALESTINE AV,,,,97.00,Feet,East,GALLATIN PKES,,,,0.00,N,Not at Intersection,N,Non-Junction,None,,,         ,Jose,Oliveros,Clear,Angle,no,no,no,yes,yes,False
103240242,METROPOLITAN NASHVILLE POLICE DEPT,20220112691,Davidson,Nashville,3/10/2022 7:49:00 PM,2,0,0,36.046650,-86.661550,I 24,,,,0.00,,,,,,,59.25,N,Not at Intersection,N,Non-Junction,None,,,         ,Phillip,Lovell,Clear,Front to Rear,no,no,no,no,no,False
103240249,METROPOLITAN NASHVILLE POLICE DEPT,20220112699,Davidson,Nashville,3/10/2022 10:23:00 PM,2,2,0,36.148390,-86.780520,I 40,,,,0.00,,,,,,,209.75,N,Not at Intersection,N,Non-Junction,None,,,         ,Brenton,Adcox,Clear,"Sideswipe, Same Direction",no,no,no,no,no,False
103240277,METROPOLITAN NASHVILLE POLICE DEPT,20220112168,Davidson,Lakewood,3/10/2022 2:00:00 PM,2,0,0,36.238780,-86.630010,OLD HICKORY BLVD,,,,0.00,,,LAKESHORE DR,,,,0.00,Y,Four-Way,N,Intersection,None,,,         ,Cheri,Cox,Clear,Front to Rear,no,no,no,no,no,False
103240278,METROPOLITAN NASHVILLE POLICE DEPT,20220112437,Davidson,Lakewood,3/10/2022 7:20:00 PM,1,0,0,36.239100,-86.630450,OLD HICKORY BLVD,,,,174.00,Feet,West,LAKESHORE DR,,,,0.00,N,Not at Intersection,N,Non-Junction,None,,,         ,Cheri,Cox,Clear,Not Collision with Motor Vehicle in Transport,no,no,no,no,no,False
103240279,METROPOLITAN NASHVILLE POLICE DEPT,20220112545,Davidson,Nashville,3/10/2022 8:52:00 PM,1,1,0,36.223390,-86.826380,BOYD DR,,,,200.00,Feet,South,FAIRMEADE DR,,,,0.00,N,Not at Intersection,N,Non-Junction,None,,,         ,Gabriel,Centeno,Clear,Not Collision with Motor Vehicle in Transport,no,no,no,no,yes,False
103240299,METROPOLITAN NASHVILLE POLICE DEPT,20220112730,Davidson,Nashville,3/10/2022 10:42:00 PM,2,0,0,36.154510,-86.832110,I 40,,,,0.00,,,,,,,205.35,N,Not at Intersection,N,Non-Junction,None,,,         ,Fady,Aziz,Clear,Angle,no,no,no,no,no,False
103240302,METROPOLITAN NASHVILLE POLICE DEPT,20220100705,Davidson,Nashville,3/4/2022 10:38:00 PM,1,0,0,36.166660,-86.777220,UNION ST,,,,122.00,Feet,South,1ST AVN,,,,0.00,N,Not at Intersection,N,Non-Junction,None,,,         ,Kevin,Steiner,Clear,Not Collision with Motor Vehicle in Transport,no,no,no,no,no,False
103240303,METROPOLITAN NASHVILLE POLICE DEPT,20220112804,Davidson,Nashville,3/11/2022 12:00:00 AM,2,0,0,36.169390,-86.772400,S 1ST ST,,,,132.00,Feet,North,WOODLAND ST,,,,0.00,N,Not at Intersection, ,Non-Junction,None,,,         ,Kevin,Steiner,Clear,"Sideswipe, Same Direction",no,no,no,no,no,False
103240322,METROPOLITAN NASHVILLE POLICE DEPT,20220112815,Davidson,Nashville,3/10/2022 12:00:00 AM,1,1,0,36.043990,-86.693250,BROOK VIEW ESTATES DR,,,,25.00,Feet,North,BELL RD,,,,0.00,N,Not at Intersection,N,Non-Junction,None,,,         ,Kristopher,Sharpe,Clear,Not Collision with Motor Vehicle in Transport,no,no,no,no,no,False
103240338,METROPOLITAN NASHVILLE POLICE DEPT,20220112947,Davidson,Nashville,3/11/2022 12:35:00 AM,1,1,0,36.154600,-86.786200,DEMONBREUN ST,,,,0.00,Feet,East,12TH AVS,,,,0.00,N,Not at Intersection,N,Non-Junction,None,,,         ,Tre,Marlowe,Clear,Not Collision with Motor Vehicle in Transport,no,yes,no,no,no,False
103240357,METROPOLITAN NASHVILLE POLICE DEPT,20220113017,Davidson,Nashville,3/11/2022 1:38:00 AM,2,3,0,36.104220,-86.668380,MURFREESBORO PKE,,,,0.00,Feet,,OLD MURFREESBORO PKE,,,,0.00,Y,T-Intersection,N,Intersection,None,,,         ,Autumn,Manning,Clear,Angle,no,no,no,no,no,False
103240372,METROPOLITAN NASHVILLE POLICE DEPT,20220113139,Davidson,Hermitage,3/11/2022 4:27:00 AM,1,0,0,36.258200,-86.657260,ROBINSON RD,,,,160.00,Feet,West,MARTINGALE DR,,,,0.00,N,Not at Intersection,N,Non-Junction,None,,,         ,Bryan,Malone,Clear,Not Collision with Motor Vehicle in Transport,no,no,no,no,no,False
103240384,METROPOLITAN NASHVILLE POLICE DEPT,20220113165,Davidson,Nashville,3/11/2022 4:55:00 AM,3,0,0,36.110940,-86.745220,THOMPSON LN,,,,0.00,,,NOLENSVILLE PKE,,,,0.00,Y,Four-Way,Y,Intersection,None,,,         ,Ricardo,Cruz,Clear,Angle,no,no,no,no,yes,False
103240407,METROPOLITAN NASHVILLE POLICE DEPT,20220113136,Davidson,Nashville,3/11/2022 4:20:00 AM,1,0,0,36.227950,-86.773140,I 65,,,,0.00,,,,,,,88.80,N,Not at Intersection,N,Non-Junction,None,,,         ,Matthew,Herod,Clear,Not Collision with Motor Vehicle in Transport,no,no,no,no,no,False
103240416,METROPOLITAN NASHVILLE POLICE DEPT,20220112216,Davidson,Goodlettsville,3/10/2022 4:47:00 PM,3,2,0,36.303780,-86.702260,RIVERGATE PKWY,,,,84.00,Feet,South,RIVERGATE MALL PVTDR,,,,0.00,N,Not at Intersection,N,Non-Junction,None,,,         ,Sandra,Fly,Clear,Front to Rear,no,no,no,no,no,False
103240423,METROPOLITAN NASHVILLE POLICE DEPT,20220113258,Davidson,Nashville,3/11/2022 6:38:00 AM,2,1,0,36.043930,-86.693300,BELL RD,,,,0.00,,,BROOK VIEW ESTATES DR,,,,0.00,Y,Four-Way,N,Intersection,None,,,         ,Tavin,Emlund,Clear,Angle,no,no,no,no,no,False
103240436,METROPOLITAN NASHVILLE POLICE DEPT,20220113172,Davidson,Nashville,3/11/2022 5:08:00 AM,2,0,0,36.228370,-86.772860,I 65,,,,0.00,,,,,,,88.80,N,Not at Intersection, ,Entrance/Exit Ramp Related,None,,,         ,Zachary,Lang,Clear,"Sideswipe, Same Direction",no,no,no,no,no,False
103240437,METROPOLITAN NASHVILLE POLICE DEPT,20220113274,Davidson,Nashville,3/11/2022 6:28:00 AM,2,0,0,36.093400,-86.705780,I 24,,,,0.00,,,,,,,55.10,N,Not at Intersection,N,Non-Junction,None,,,         ,Charles,Agius,Clear,Front to Rear,no,no,no,no,no,False
103240439,METROPOLITAN NASHVILLE POLICE DEPT,20220113297,Davidson,Nashville,3/11/2022 7:00:00 AM,2,1,0,36.151190,-86.691830,BRILEY PKWY S EXT RAMP,,,,0.00,,,ELM HILL PKE,,,,0.00,Y,T-Intersection,N,Non-Junction,None,,,         ,Brian,Ritz,Clear,Front to Rear,no,no,no,no,no,False
103240483,METROPOLITAN NASHVILLE POLICE DEPT,20220113344,Davidson,Nashville,3/11/2022 7:45:00 AM,3,1,0,36.055150,-86.900790,OLD HICKORY BLVD,,,,767.00,Feet,West,GAUCHO ROAD PVTDR,,,,0.00,N,Not at Intersection,N,Non-Junction,None,,,         ,George,Spencer,Clear,Front to Rear,no,no,no,no,no,False
103240486,THP District 3 - Nashville,322016600,Davidson,Nashville,3/8/2022 11:59:00 AM,2,0,0,36.106430,-86.819430,ABBOTT MARTIN RD,,,,0.00,,,CLEGHORN AV,,,,0.00,Y,Four-Way, ,Intersection,None,,,         ,Alexander,Campbell,Clear,Front to Rear,no,no,no,no,no,False
103240523,METROPOLITAN NASHVILLE POLICE DEPT,20220113415,Davidson,Nashville,3/11/2022 8:43:00 AM,3,4,0,36.080500,-86.696500,I 24,,,,0.00,,,,,,,56.15,N,Not at Intersection,N,Non-Junction,None,,,         ,Darrin,Hardin,Clear,Front to Rear,no,no,no,no,no,False
103240554,METROPOLITAN NASHVILLE POLICE DEPT,20220113498,Davidson,Antioch,3/11/2022 9:20:00 AM,2,0,0,36.017850,-86.624150,I 24,,,,0.00,,,,,,,62.25,N,Not at Intersection, ,Non-Junction,None,,,         ,Zachary,Wilbanks,Clear,"Sideswipe, Same Direction",no,no,no,no,yes,False
103240573,METROPOLITAN NASHVILLE POLICE DEPT,20220113323,Davidson,Antioch,3/11/2022 6:20:00 AM,2,0,0,36.042850,-86.606550,MURFREESBORO RD,,,,0.00,,,,,SR,,0.00,Y,Y-Intersection, ,Intersection-Related,None,,,         ,Michael,Passaro,Clear,Front to Rear,no,no,no,no,yes,False
103240578,METROPOLITAN NASHVILLE POLICE DEPT,20220113546,Davidson,Nashville,3/11/2022 9:54:00 AM,2,1,0,36.225640,-86.597810,ANDREW JACKSON PKWY,,,,0.00,,,SAUNDERSVILLE RD,,,,0.00,Y,Four-Way,N,Intersection,None,,,         ,Zachariah,Souza,Clear,HeadOn,no,no,no,no,no,False
103240654,METROPOLITAN NASHVILLE POLICE DEPT,20220113683,Davidson,Nashville,3/9/2022 12:45:00 PM,2,0,0,36.199580,-86.588280,CHANDLER RD,,,,1106.00,Feet,East,TULIP GROVE RD,,,,0.00,N,Not at Intersection,N,Non-Junction,None,,,         ,Michael,Brooks,Unknown,Front to Rear,no,no,no,no,yes,False
103240697,METROPOLITAN NASHVILLE POLICE DEPT,2022113751,Davidson,Nashville,3/11/2022 10:45:00 AM,2,0,0,36.151000,-86.783730,DIVISION ST,,,,174.00,Feet,West,MAGAZINE ST,,,,0.00,N,Not at Intersection,N,Non-Junction,None,,,         ,Wesley,Young,Clear,Angle,no,no,no,no,no,False
103240699,METROPOLITAN NASHVILLE POLICE DEPT,20220113615,Davidson,Nashville,3/11/2022 10:58:00 AM,2,0,0,36.149380,-86.773340,I 40,,,,0.00,,,,,,,210.15,N,Not at Intersection,N,Non-Junction,None,,,         ,Lee,Davis,Clear,Front to Rear,no,no,no,no,no,False
103240702,METROPOLITAN NASHVILLE POLICE DEPT,20220113690,Davidson,Nashville,3/11/2022 11:29:00 AM,2,0,0,36.248120,-86.756810,DICKERSON PKE,,,,0.00,,,,,,,0.00,,,N,Non-Junction,None,,,         ,Patrick,McGinnis,Clear,Front to Rear,no,no,no,no,no,False
103240744,METROPOLITAN NASHVILLE POLICE DEPT,2022113828,Davidson,Nashville,3/11/2022 12:45:00 PM,2,0,0,36.164230,-86.777730,3RD AVN,,,,0.00,,,CHURCH ST,,,,0.00,Y,Four-Way, ,Non-Junction,None,,,         ,Wesley,Young,Clear,Front to Rear,no,no,no,no,no,False
103240805,METROPOLITAN NASHVILLE POLICE DEPT,20220113403,Davidson,Nashville,3/11/2022 8:30:00 AM,2,0,0,36.153170,-86.765060,I 40,,,,0.00,,,,,,,210.65,N,Not at Intersection, ,Non-Junction,None,,,         ,Maria,Reynolds,Clear,Angle,no,no,no,no,no,False
103240838,METROPOLITAN NASHVILLE POLICE DEPT,20220113704,Davidson,Goodlettsville,3/11/2022 11:56:00 AM,2,0,0,36.291660,-86.735650,DICKERSON PKES,,,,0.00,,,,,,,0.00,,, ,,None,,,         ,Patrick,McGinnis,,,no,no,no,no,no,False
103240864,METROPOLITAN NASHVILLE POLICE DEPT,20220113866,Davidson,Nashville,3/11/2022 12:00:00 AM,1,0,0,36.039020,-86.649300,I24 E ENT RAMP,,,,0.00,Feet,East,I 24,,,,0.00,N,Not at Intersection,N,Entrance/Exit Ramp Related,None,,,         ,Patrick,Martin,Clear,Not Collision with Motor Vehicle in Transport,no,no,no,no,yes,False
103240869,METROPOLITAN NASHVILLE POLICE DEPT,20220113908,Davidson,Nashville,3/11/2022 2:00:00 PM,2,0,0,36.115220,-86.917390,I 40,,,,0.00,,,,,,,199.60,N,Not at Intersection, ,,None,,,         ,Jackson,Smythe,,,no,no,no,no,no,False
103240870,METROPOLITAN NASHVILLE POLICE DEPT,20220102081,Davidson,Nashville,3/5/2022 7:42:00 PM,2,0,0,36.154630,-86.779160,LAFAYETTE ST,,,,0.00,Feet,,8TH AVS,,,,0.00,Y,Roundabout,N,Intersection,None,,,         ,Zachary,Cooper,Clear,"Sideswipe, Same Direction",no,no,no,no,no,False
103240919,THP District 3 - Nashville,322017745,Davidson,Nashville,3/11/2022 12:00:00 AM,2,0,0,36.143250,-86.685990,I 40,,,,0.00,,,,,,,215.50,N,Not at Intersection,N,Non-Junction,None,,,         ,Matthew,Priest,Clear,Front to Rear,no,no,no,no,no,False
103240946,METROPOLITAN NASHVILLE POLICE DEPT,20220113691,Davidson,Nashville,3/11/2022 11:36:00 AM,2,0,0,36.153270,-86.769560,2ND AVS,,,,0.00,,,ASH ST,,,,0.00,Y,T-Intersection, ,,None,,,         ,Michael,Douglas,,,no,no,no,no,no,False
103240955,METROPOLITAN NASHVILLE POLICE DEPT,20220113883,Davidson,Nashville,3/11/2022 11:07:00 AM,2,0,0,36.164130,-86.685530,BLUE HILLS DR,,,,0.00,,,FAIRWAY DR,,,,0.00,Y,Four-Way,N,Intersection,None,,,         ,Cameron,Fritschie,Cloudy,Angle,no,no,no,no,yes,False
103240956,METROPOLITAN NASHVILLE POLICE DEPT,20220113904,Davidson,Nashville,3/11/2022 2:00:00 PM,2,1,0,36.215680,-86.604590,SHUTE LN,,,,0.00,,,,,,,0.00,,,N,OtherLocation,None,,,         ,Travis,Baxter,Cloudy,"Sideswipe, Same Direction",no,no,no,yes,no,False
103240962,METROPOLITAN NASHVILLE POLICE DEPT,20220113914,Davidson,Nashville,3/11/2022 2:08:00 PM,2,0,0,36.151900,-86.786820,I 40,,,,0.00,,,,,,,209.40,N,Not at Intersection, ,Non-Junction,None,,,         ,Bianca,Crawford,Cloudy,Front to Rear,no,no,no,no,no,False
103240985,METROPOLITAN NASHVILLE POLICE DEPT,20220113967,Davidson,Nashville,3/11/2022 2:56:00 PM,2,0,0,36.111630,-86.773400,FRANKLIN PKE,,,,0.00,,,FRANKLIN PKE SB ENT RAMP,,,,0.00,Y,Four-Way, ,Entrance/Exit Ramp Related,None,,,         ,Justin,Pinkelton,Cloudy,Angle,no,no,no,no,no,False
103240988,METROPOLITAN NASHVILLE POLICE DEPT,20220113961,Davidson,Nashville,3/11/2022 2:31:00 PM,3,0,0,36.151990,-86.847900,CHARLOTTE AV,,,,199.00,Feet,East,51ST AVN,,,,0.00,N,Not at Intersection, ,Non-Junction,None,,,         ,Tony,Folad,Clear,Front to Rear,no,no,no,no,no,False
103240990,METROPOLITAN NASHVILLE POLICE DEPT,20220113929,Davidson,Nashville,3/11/2022 2:23:00 PM,2,1,0,36.159110,-86.773360,2ND AVS,,,,0.00,,,MOLLOY ST,,,,0.00,Y,Four-Way,N,Non-Junction,None,,,         ,Michael,Douglas,Cloudy,Front to Rear,no,no,no,no,yes,False
103240992,METROPOLITAN NASHVILLE POLICE DEPT,20220113769,Davidson,Nashville,3/11/2022 12:36:00 PM,2,4,0,36.210960,-86.733080,GALLATIN PKE,,,,15.00,Feet,North,GREENFIELD AV,,,,0.00,N,Not at Intersection,N,Non-Junction,None,,,         ,Steven,Meador,Clear,Angle,no,no,no,no,no,False
103241009,METROPOLITAN NASHVILLE POLICE DEPT,20220113962,Davidson,Nashville,3/11/2022 2:30:00 PM,2,2,0,36.167150,-86.779610,3RD AVN,,,,0.00,Feet,North,JAMES ROBERTSON PKWY,,,,0.00,N,Not at Intersection,N,Non-Junction,None,,,         ,Scott,Edwards,Cloudy,Front to Rear,no,no,no,no,no,False
103241022,METROPOLITAN NASHVILLE POLICE DEPT,20220113976,Davidson,Nashville,3/11/2022 3:00:00 PM,2,0,0,36.142120,-86.775780,FORT NEGLEY BLVD,,,,0.00,,,CHESTNUT ST,,,,0.00,Y,Four-Way,N,Non-Junction,None,,,         ,Cecelia,Brown,Clear,Angle,no,no,no,no,no,False
103241033,METROPOLITAN NASHVILLE POLICE DEPT,20220113633,Davidson,Nashville,3/11/2022 11:10:00 AM,2,0,0,36.229060,-86.759330,DICKERSON PKE,,,,114.00,Feet,South,BROADMOOR DR,,,,0.00,N,Not at Intersection,N,Non-Junction,None,,,         ,Jordan,Knight,Clear,Angle,no,no,no,no,no,False
103241035,METROPOLITAN NASHVILLE POLICE DEPT,20220113925,Davidson,Nashville,3/11/2022 2:14:00 PM,3,1,0,36.132960,-86.727150,I 24,,,,0.00,,,,,,,51.10,N,Not at Intersection,N,Non-Junction,None,,,         ,David,Rehm,Cloudy,Front to Rear,no,no,no,no,no,False
103241041,METROPOLITAN NASHVILLE POLICE DEPT,20220114025,Davidson,Nashville,3/11/2022 3:30:00 PM,2,1,0,36.204680,-86.776690,I 65,,,,0.00,,,,,,,87.20,N,Not at Intersection,N,Non-Junction,None,,,         ,Chase,Harriman,Clear,Front to Rear,no,no,no,no,no,False
103241055,BERRY HILL POLICE DEPT,22-0647,Davidson,Berry Hill,3/11/2022 2:39:00 PM,2,0,0,36.124980,-86.776670,FRANKLIN PKE,,,,0.00,,,INVERNESS AV,,,,0.00,Y,T-Intersection,N,Intersection,None,,,         ,Roy,Morris,Cloudy,Angle,no,no,no,no,no,False
103241064,METROPOLITAN NASHVILLE POLICE DEPT,20220113991,Davidson,Nashville,3/11/2022 2:48:00 PM,1,1,0,36.103590,-86.715150,I 24,,,,0.00,,,,,,,54.25,N,Not at Intersection,Y,Non-Junction,None,,,         ,Darrin,Hardin,Cloudy,Not Collision with Motor Vehicle in Transport,no,no,no,no,no,False
103241073,METROPOLITAN NASHVILLE POLICE DEPT,20220114033,Davidson,Nashville,3/11/2022 3:30:00 PM,2,1,0,36.173820,-86.822610,ED TEMPLE BLVD,,,,14.00,Feet,North,DR WALTER S DAVIS BLVD,,,,0.00,N,Not at Intersection,N,Non-Junction,None,,,         ,Lucas,Thomas,Clear,Angle,no,no,no,no,no,False
103241080,METROPOLITAN NASHVILLE POLICE DEPT,20220114058,Davidson,Nashville,3/11/2022 3:55:00 PM,2,0,0,36.120900,-86.703690,MURFREESBORO PKE,,,,38.00,Feet,North,GLENGARRY DR,,,,0.00,N,Not at Intersection, ,Non-Junction,None,,,         ,Charles,Agius,Clear,Front to Rear,no,no,no,no,no,False
103241135,METROPOLITAN NASHVILLE POLICE DEPT,20220114100,Davidson,Nashville,3/11/2022 12:00:00 AM,2,0,0,36.153700,-86.748160,HERMITAGE AV,,,,0.00,Feet,West,CAULEY AV,,,,0.00,N,Not at Intersection,N,Non-Junction,None,,,         ,Esther,Poysti,Cloudy,Angle,no,no,no,no,yes,False
103241160,METROPOLITAN NASHVILLE POLICE DEPT,20220114145,Davidson,Nashville,3/11/2022 4:55:00 PM,2,0,0,36.185050,-86.744320,N 14TH ST,,,,0.00,,,SEYMOUR AV,,,,0.00,Y,Four-Way, ,Intersection,None,,,         ,Kelsey,Hemminger,Clear,Angle,no,no,no,no,no,False
103241164,METROPOLITAN NASHVILLE POLICE DEPT,20220114086,Davidson,Nashville,3/11/2022 3:52:00 PM,2,0,0,36.124160,-86.728040,I 24,,,,0.00,,,,,,,52.60,N,Not at Intersection, ,Non-Junction,None,,,         ,Michael,Raash,Cloudy,"Sideswipe, Same Direction",no,no,no,no,yes,False
103241167,METROPOLITAN NASHVILLE POLICE DEPT,20220114128,Davidson,Not in City Limit,3/11/2022 4:40:00 PM,2,0,0,36.263060,-86.690500,RANDY RD,,,,11.00,Feet,South,E OLD HICKORY BLVD,,,,0.00,N,Not at Intersection, ,,None,,,         ,Dylan,Bradley,,,no,no,no,no,no,False
103241169,METROPOLITAN NASHVILLE POLICE DEPT,20220113953,Davidson,Nashville,3/11/2022 2:36:00 PM,2,0,0,36.171830,-86.767950,JAMES ROBERTSON PKWY,,,,15.00,Feet,West,ELLINGTON PKWY N ENT RAMP,,,,0.00,N,Not at Intersection, ,Non-Junction,None,,,         ,Seth,Wilson,Clear,"Sideswipe, Same Direction",no,no,no,no,no,False
103241181,METROPOLITAN NASHVILLE POLICE DEPT,20220114162,Davidson,Nashville,3/11/2022 5:05:00 PM,2,0,0,36.085600,-86.920690,OLD HICKORY BLVD,,,,139.00,Feet,North,AMBERWOOD CIR,,,,0.00,N,Not at Intersection, ,Non-Junction,None,,,         ,Eric,Westbrook,Cloudy,Not Collision with Motor Vehicle in Transport,no,no,no,no,no,False
103241214,METROPOLITAN NASHVILLE POLICE DEPT,20220114204,Davidson,Nashville,3/11/2022 5:46:00 PM,2,0,0,36.220520,-86.730820,CURDWOOD BLVD,,,,0.00,,,BURRUS ST,,,,0.00,Y,Four-Way,N,Intersection,None,,,         ,Adam,Warren,Rain,Angle,no,no,no,no,yes,False
103241222,METROPOLITAN NASHVILLE POLICE DEPT,20220114082,Davidson,Nashville,3/11/2022 3:26:00 PM,3,0,0,36.111980,-86.745780,NOLENSVILLE PKE,,,,288.00,Feet,South,MCCLAIN AV,,,,0.00,N,Not at Intersection,N,Non-Junction,None,,,         ,Ryan,Coll,Clear,Angle,no,no,no,no,yes,False
103241223,METROPOLITAN NASHVILLE POLICE DEPT,20220114189,Davidson,Nashville,3/11/2022 4:04:00 PM,2,0,0,36.080270,-86.703210,WALLACE RD,,,,255.00,Feet,North,WILLARD DR,,,,0.00,N,Not at Intersection,Y,Non-Junction,None,,,         ,Taylor,Blackwelder,Clear,Angle,no,no,no,no,no,False
103241229,METROPOLITAN NASHVILLE POLICE DEPT,20220114152,Davidson,Nashville,3/11/2022 5:10:00 PM,2,0,0,36.165360,-86.764150,I 24,,,,0.00,,,,,,,49.00,N,Not at Intersection,N,Non-Junction,None,,,         ,Ralph,Gault,Cloudy,Front to Rear,no,no,no,no,no,False
103241248,METROPOLITAN NASHVILLE POLICE DEPT,20220114253,Davidson,Nashville,3/11/2022 6:12:00 PM,3,0,0,36.116280,-86.773180,I65 S ENT RAMP,,,,0.00,Feet,East,I 65,,,,0.00,N,Not at Intersection,N,Non-Junction,None,,,         ,Ryan,Coll,Clear,Front to Rear,no,no,no,no,no,False
103241321,METROPOLITAN NASHVILLE POLICE DEPT,20220114007,Davidson,Nashville,3/11/2022 3:05:00 PM,2,0,0,36.149850,-86.771990,I40 E EXT RAMP,,,,0.00,Feet,East,I 40,,,,0.00,N,Not at Intersection, ,,None,,,         ,Cory,Stratton,,,no,no,no,no,no,False
103241329,METROPOLITAN NASHVILLE POLICE DEPT,20220114270,Davidson,Not in City Limit,3/11/2022 6:32:00 PM,1,1,0,36.034520,-86.973980,HIGHWAY 100,,,,3.00,Feet,East,MCCRORY LN,,,,0.00,N,Not at Intersection,N,Non-Junction,None,,,         ,Blake,Langford,Snow,Not Collision with Motor Vehicle in Transport,no,no,no,no,no,False
103241354,GOODLETTSVILLE POLICE DEPT,22-07683,Davidson,Goodlettsville,3/11/2022 5:16:00 PM,2,0,0,36.327550,-86.714450,N MAIN ST,,,,203.00,Feet,South,LINDBERG AV,,,,0.00,N,Not at Intersection,N,Non-Junction,None,,,         ,Thomas,Eisenbraun,Cloudy,Angle,no,no,no,no,no,False
103241364,METROPOLITAN NASHVILLE POLICE DEPT,20220114209,Davidson,Nashville,3/11/2022 5:50:00 PM,2,1,0,36.151260,-86.853290,CHARLOTTE AV,,,,75.00,Feet,East,54TH AVN,,,,0.00,N,Not at Intersection,N,Non-Junction,None,,,         ,Andrew,McCarron,Cloudy,Angle,no,no,no,no,no,False
103241377,METROPOLITAN NASHVILLE POLICE DEPT,20220114295,Davidson,Nashville,3/11/2022 6:48:00 PM,2,1,0,36.047550,-86.655930,HICKORY HOLLOW PKWY,,,,0.00,,,BELL RD,,,,0.00,Y,Four-Way,N,Intersection,None,,,         ,Keith,Parlato,Cloudy,Angle,no,no,no,no,no,False
103241418,METROPOLITAN NASHVILLE POLICE DEPT,20220114407,Davidson,Nashville,3/11/2022 8:10:00 PM,2,0,0,36.195560,-86.721930,PORTER RD,,,,0.00,,,SHERWOOD LN,,,,0.00,Y,T-Intersection,Y,Intersection,None,,,         ,Jacob,Krispin,Snow,Front to Rear,no,no,no,no,no,False
103241424,METROPOLITAN NASHVILLE POLICE DEPT,20220114358,Davidson,Nashville,3/11/2022 12:00:00 AM,2,0,0,36.115380,-86.705080,BRILEY PKWYN,,,,390.00,Feet,South,MCDONALD DR,,,,0.00,N,Not at Intersection,N,Non-Junction,None,,,         ,John,Braun,"Cloudy, Snow","Sideswipe, Same Direction",no,no,no,no,yes,False
103241457,METROPOLITAN NASHVILLE POLICE DEPT,20220114346,Davidson,Nashville,3/11/2022 7:26:00 PM,3,1,0,36.198680,-86.620340,OLD HICKORY BLVD,,,,91.00,Feet,North,LEBANON PKE,,,,0.00,N,Not at Intersection,N,OtherLocation,None,,,         ,Zacarias,Brito Jr.,Snow,HeadOn,no,no,no,no,no,False
103241463,METROPOLITAN NASHVILLE POLICE DEPT,20220114508,Davidson,Nashville,3/11/2022 9:30:00 PM,2,0,0,36.170090,-86.603780,I40 W ENT RAMP,,,,0.00,Feet,East,I 40,,,,0.00,N,Not at Intersection, ,Entrance/Exit Ramp Related,None,,,         ,Torry,Hill,Snow,"Sideswipe, Same Direction",no,no,no,no,yes,False