master_record_number,agency,agency_tracking_number,county,city,collision_date,vehicles_involved,number_injured,number_dead,latitude,longitude,roadway_name,roadway_suffix,roadway_number,roadway_local_id,distance_from_reference,miles-feet_indicator,direction_from_reference,intersection_road_name,intersection_road_name_suffix,intersection_road_number,intersection_local_id,mile_marker,intersection_indicator,intersect_type,interchange_related_indicator,relation_to_junction,work_zone_type,construction_maintenance_zone,construction_maintenance_zone_location,fatal_case_number,officer_first_name,officer_last_name,weather_condition(s),manner_of_crash,pedestrian,bicycle,scooter,parking,hitrun,mou
103244185,METROPOLITAN NASHVILLE POLICE DEPT,20220119350,Davidson,Nashville,3/14/2022 5:07:00 PM,2,0,0,36.215120,-86.597670,LEBANON PKE,,,,0.00,,,ANDREW JACKSON PKWY,,,,0.00,Y,Four-Way, ,Intersection,None,,,         ,Cheri,Cox,Clear,Front to Rear,no,no,no,no,yes,False
103244187,METROPOLITAN NASHVILLE POLICE DEPT,20220119319,Davidson,Nashville,3/14/2022 12:00:00 AM,2,1,0,36.184180,-86.748210,GALLATIN AV,,,,139.00,Feet,North,EASTLAND AV,,,,0.00,N,Not at Intersection,N,Non-Junction,None,,,         ,McKenzie,Harper,Clear,Front to Rear,no,no,no,no,no,False
103244200,METROPOLITAN NASHVILLE POLICE DEPT,20220119470,Davidson,Nashville,3/14/2022 9:30:00 PM,2,0,0,36.158770,-86.692510,BRILEY PKWYS,,,,655.00,Feet,North,BRILEY PKWYN,,,,0.00,N,Not at Intersection, ,Non-Junction,None,,,         ,Bryson,Wilkins,,"Sideswipe, Same Direction",no,no,no,no,no,False
103244214,METROPOLITAN NASHVILLE POLICE DEPT,20220119289,Davidson,Not in City Limit,3/14/2022 7:24:00 PM,2,0,0,36.073910,-86.926270,HICKS RD,,,,0.00,,,HIGHWAY 70S,,,,0.00,Y,Four-Way,N,Intersection,None,,,         ,Steven,Begley,Clear,Angle,no,no,no,no,no,False
103244222,METROPOLITAN NASHVILLE POLICE DEPT,20220119580,Davidson,Nashville,3/14/2022 10:34:00 PM,2,0,0,36.056150,-86.672510,ANTIOCH COMMUNITY CTR PVTDR,,,,32.00,Feet,West,BLUE HOLE RD,,,,0.00,N,Not at Intersection,N,Non-Junction,None,,,         ,Amgad,Bekhit,,Angle,no,no,no,no,yes,False
103244238,METROPOLITAN NASHVILLE POLICE DEPT,20220119753,Davidson,Nashville,3/14/2022 11:25:00 PM,2,0,0,36.151670,-86.789520,DIVISION ST,,,,0.00,Feet,,MUSIC CIRE,,,,0.00,Y,Four-Way,Y,Intersection,None,,,         ,Dallas,Johnson,Clear,"Sideswipe, Opposite Direction",no,no,no,no,yes,False
103244239,METROPOLITAN NASHVILLE POLICE DEPT,20220119077,Davidson,Nashville,3/14/2022 3:50:00 PM,2,0,0,36.184450,-86.748080,GALLATIN AV,,,,95.00,Feet,South,CHICAMAUGA AV,,,,0.00,N,Not at Intersection,N,Non-Junction,None,,,         ,Chad,Connors,Clear,Angle,no,no,no,no,no,False
103244243,METROPOLITAN NASHVILLE POLICE DEPT,20220119495,Davidson,Nashville,3/14/2022 9:54:00 PM,1,0,0,36.150710,-86.865660,I 40,,,,0.00,,,,,,,203.45,N,Not at Intersection, ,,None,,,         ,David,Moser,,,no,no,no,no,no,False
103244244,METROPOLITAN NASHVILLE POLICE DEPT,20220119594,Davidson,Not in City Limit,3/14/2022 1:17:00 PM,2,0,0,36.072120,-86.937580,CREEKSIDE MANOR PVTDR,,,,194.00,Feet,East,HIGHWAY 70S,,,,0.00,N,Not at Intersection,N,Non-Junction,None,,,         ,David,Moser,Clear,Angle,no,no,no,yes,yes,False
103244246,METROPOLITAN NASHVILLE POLICE DEPT,20220119539,Davidson,Nashville,3/14/2022 10:13:00 PM,2,1,0,36.188120,-86.746470,GALLATIN AV,,,,73.00,Feet,South,GRANADA AV,,,,0.00,N,Not at Intersection,N,Non-Junction,None,,,         ,Matthew,Jankiewicz,Clear,Front to Rear,no,no,no,no,no,False
103244247,METROPOLITAN NASHVILLE POLICE DEPT,20220119302,Davidson,Nashville,3/14/2022 7:50:00 PM,3,2,0,36.101990,-86.712890,I 24,,,,0.00,,,,,,,54.40,N,Not at Intersection,N,Non-Junction,None,,,         ,Sean,McConnell,Clear,"Sideswipe, Same Direction",no,no,no,no,yes,False
103244249,METROPOLITAN NASHVILLE POLICE DEPT,20220119808,Davidson,Nashville,3/15/2022 12:32:00 AM,1,0,0,36.117830,-86.699300,MURFREESBORO PKE,,,,0.00,Feet,East,BRILEY PKWY N ENT RAMP,,,,0.00,N,Not at Intersection,N,Non-Junction,None,,,         ,Corey,Ethridge,Clear,Not Collision with Motor Vehicle in Transport,no,no,no,no,yes,False
103244253,METROPOLITAN NASHVILLE POLICE DEPT,20220119545,Davidson,Nashville,3/14/2022 10:15:00 PM,3,2,0,36.064790,-86.628480,HAMILTON CHURCH RD,,,,0.00,Feet,,MURFREESBORO PKE,,,,0.00,Y,Four-Way,N,Intersection,None,,,         ,Andre,Williams,Clear,Front to Rear,no,no,no,no,yes,False
103244256,METROPOLITAN NASHVILLE POLICE DEPT,20220119819,Davidson,Nashville,3/14/2022 9:30:00 PM,2,0,0,36.121570,-86.750500,NOLENSVILLE PKE,,,,68.00,Feet,South,I440 E EXT RAMP,,,,0.00,N,Not at Intersection,N,Non-Junction,None,,,         ,Mitchell,Cook,Cloudy,"Sideswipe, Same Direction",no,no,no,no,yes,False
103244258,METROPOLITAN NASHVILLE POLICE DEPT,20220119860,Davidson,Nashville,3/15/2022 12:00:00 AM,1,0,0,36.126480,-86.710820,MURFREESBORO PKE,,,,115.00,Feet,South,THOMPSON PL,,,,0.00,N,Not at Intersection,N,Non-Junction,None,,,         ,Jack,Burke,Clear,Not Collision with Motor Vehicle in Transport,no,no,no,no,yes,False
103244261,METROPOLITAN NASHVILLE POLICE DEPT,20220119771,Davidson,Nashville,3/15/2022 12:12:00 AM,1,2,0,36.257860,-86.787820,I 24,,,,0.00,,,,,,,42.00,N,Not at Intersection,N,Non-Junction,None,,,         ,Wesley,Carver,Cloudy,Not Collision with Motor Vehicle in Transport,no,no,no,no,no,False
103244262,METROPOLITAN NASHVILLE POLICE DEPT,20220119675,Davidson,Nashville,3/14/2022 11:20:00 PM,1,0,0,36.161300,-86.784520,9TH AVN,,,,0.00,,,CHURCH ST,,,,0.00,Y,Four-Way,N,Intersection,None,,,         ,Damon,Hutcheson,Cloudy,Not Collision with Motor Vehicle in Transport,no,no,no,no,no,False
103244263,METROPOLITAN NASHVILLE POLICE DEPT,20220119680,Davidson,Nashville,3/14/2022 9:41:00 PM,2,0,0,36.206440,-86.775830,W TRINITY LN,,,,0.00,Feet,,I65 N ENT RAMP,,,,0.00,Y,Four-Way,N,Intersection,None,,,         ,Spencer,Arroyo,Clear,"Sideswipe, Same Direction",no,no,no,no,yes,False
103244267,METROPOLITAN NASHVILLE POLICE DEPT,20220119807,Davidson,Nashville,3/15/2022 12:09:00 AM,3,0,0,36.142350,-86.734980,I 40,,,,0.00,,,,,,,212.60,N,Not at Intersection,N,Non-Junction,None,,,         ,Sean,Fitzmaurice,Rain,"Sideswipe, Same Direction",no,no,no,no,yes,False
103244377,METROPOLITAN NASHVILLE POLICE DEPT,20220120121,Davidson,Not in City Limit,3/15/2022 5:35:00 AM,3,0,0,36.318360,-86.843750,I 24,,,,0.00,,,,,,,36.30,N,Not at Intersection,N,Non-Junction,None,,,         ,Eric,Ziegler,Clear,Front to Rear,no,no,no,no,no,False
103244382,METROPOLITAN NASHVILLE POLICE DEPT,20220120167,Davidson,Nashville,3/15/2022 6:35:00 AM,2,0,0,36.171150,-86.873270,CENTENNIAL BLVD,,,,0.00,,,CENTENNIAL BOULEVARD RAMP,,,,0.00,Y,OTHER, ,Non-Junction,None,,,         ,George,Spencer,Clear,"Sideswipe, Same Direction",no,no,no,no,no,False
103244391,METROPOLITAN NASHVILLE POLICE DEPT,2022-0120241,Davidson,Nashville,3/15/2022 6:39:00 AM,1,0,0,36.219790,-86.623570,4TH ST,,,,131.00,Feet,West,WOODS ST,,,,0.00,N,Not at Intersection, ,,None,,,         ,Calvin,Graham,,,no,no,no,no,no,False
103244404,METROPOLITAN NASHVILLE POLICE DEPT,20220120283,Davidson,Nashville,3/15/2022 7:40:00 AM,2,0,0,36.076790,-86.725460,NOLENSVILLE PKE,,,,114.00,Feet,South,WALLACE RD,,,,0.00,N,Not at Intersection, ,Non-Junction,None,,,         ,Tyler,Jordan,Clear,Front to Rear,no,no,no,no,no,False
103244429,METROPOLITAN NASHVILLE POLICE DEPT,20220120272,Davidson,Nashville,3/15/2022 7:41:00 AM,2,0,0,36.205990,-86.769980,W TRINITY LN,,,,332.00,Feet,East,LUCAS LN,,,,0.00,N,Not at Intersection, ,,None,,,         ,Jeffery,Leiser,,,no,no,no,no,no,False
103244469,METROPOLITAN NASHVILLE POLICE DEPT,2022012036,Davidson,Nashville,3/15/2022 8:37:00 AM,2,0,0,36.175270,-86.792660,MONROE ST,,,,0.00,,,ROSA L PARKS BLVD,,,,0.00,Y,Four-Way, ,Intersection,None,,,         ,Ron,Longino,Cloudy,Front to Rear,no,no,no,no,no,False
103244470,METROPOLITAN NASHVILLE POLICE DEPT,20220120414,Davidson,Nashville,3/13/2022 5:19:00 PM,1,0,0,36.087960,-86.652290,RANSOM CT,,,,98.00,Feet,South,RANSOM PL,,,,0.00,N,Not at Intersection, ,Non-Junction,None,,,         ,Andrew,Campbell,Clear,Not Collision with Motor Vehicle in Transport,no,no,no,yes,yes,False
103244494,METROPOLITAN NASHVILLE POLICE DEPT,20220120451,Davidson,Nashville,3/15/2022 9:35:00 AM,2,1,0,36.206620,-86.777900,W TRINITY LN,,,,0.00,,,BRICK CHURCH PKE,,,,0.00,Y,Four-Way,N,Intersection-Related,None,,,         ,Jeanine,Sarno,Cloudy,Front to Rear,no,no,no,no,no,False
103244498,METROPOLITAN NASHVILLE POLICE DEPT,20220120532,Davidson,Nashville,3/15/2022 10:25:00 AM,2,0,0,36.155140,-86.861270,ROBERTSON AV,,,,0.00,,,LOVELL ST,,,,0.00,Y,T-Intersection, ,Non-Junction,None,,,         ,Darren,Key,"Cloudy, Fog",Angle,no,no,no,no,no,False
103244514,METROPOLITAN NASHVILLE POLICE DEPT,20220120570,Davidson,Nashville,3/14/2022 12:00:00 AM,2,0,0,36.160240,-86.775800,SYMPHONY PL,,,,176.00,Feet,West,SHELBY ST PEDESTRIAN BRIDGE GR,,,,0.00,N,Not at Intersection, ,Non-Junction,None,,,         ,Mason,Tyler,Unknown,Unknown,no,no,no,yes,yes,False
103244594,METROPOLITAN NASHVILLE POLICE DEPT,20220118996,Davidson,Nashville,3/14/2022 1:50:00 PM,2,0,0,36.128630,-86.907170,RIVER RD,,,,75.00,Feet,West,RIVER RD PVTDR,,,,0.00,N,Not at Intersection, ,Non-Junction,None,,,         ,Benjamin,Cantrell,Clear,Angle,no,no,no,no,no,False
103244773,METROPOLITAN NASHVILLE POLICE DEPT,20220120797,Davidson,Nashville,3/15/2022 1:08:00 PM,2,0,0,36.126300,-86.845770,HARDING PKE,,,,110.00,Feet,West,RIDGEFIELD WAY,,,,0.00,N,Not at Intersection,N,Non-Junction,None,,,         ,Darren,Key,Cloudy,Angle,no,no,no,no,no,False
103244780,METROPOLITAN NASHVILLE POLICE DEPT,20220120896,Davidson,Nashville,3/15/2022 2:04:00 PM,2,0,0,36.149240,-86.806410,ELLISTON PL,,,,281.00,Feet,North,24TH AVN,,,,0.00,N,Not at Intersection, ,Non-Junction,None,,,         ,Travis,Pemberton,Clear,Angle,no,no,no,yes,yes,Campus
103244802,GOODLETTSVILLE POLICE DEPT,22-08155,Davidson,Goodlettsville,3/15/2022 11:44:00 AM,2,0,0,36.302900,-86.709710,VIETNAM VETERANS BLVDS,,,,1309.00,Feet,East,VIETNAM VETERANS BLVDN,,,,0.00,N,Not at Intersection,Y,Entrance/Exit Ramp Related,None,,,         ,Benny,Alexander,Cloudy,"Sideswipe, Same Direction",no,no,no,no,no,False
103244807,METROPOLITAN NASHVILLE POLICE DEPT,20220120910,Davidson,Nashville,3/15/2022 2:22:00 PM,2,0,0,36.065820,-86.738260,EDMONDSON PKE,,,,96.00,Feet,South,WHITFIELD PARK PVTDR,,,,0.00,N,Not at Intersection, ,Non-Junction,None,,,         ,Scott,St. John,Cloudy,"Sideswipe, Same Direction",no,no,no,no,yes,False
103244808,METROPOLITAN NASHVILLE POLICE DEPT,20220120853,Davidson,Nashville,3/15/2022 1:57:00 PM,2,0,0,36.169630,-86.797260,I 40,,,,0.00,,,,,,,207.80,N,Not at Intersection,N,Non-Junction,None,,,         ,Jaren,Breece,Clear,Front to Rear,no,no,no,no,no,False
103244816,METROPOLITAN NASHVILLE POLICE DEPT,20220120819,Davidson,Nashville,3/15/2022 1:37:00 PM,2,0,0,36.084590,-86.702010,WALLACE RD,,,,0.00,,,LARGO DR,,,,0.00,Y,OTHER,N,Non-Junction,None,,,         ,Jason,Hees,Clear,Angle,no,no,no,no,yes,False
103244818,METROPOLITAN NASHVILLE POLICE DEPT,20220120507,Davidson,Nashville,3/15/2022 10:15:00 AM,2,0,0,36.168500,-86.813890,JEFFERSON ST,,,,26.00,Feet,East,I40 E EXT RAMP,,,,0.00,N,Not at Intersection, ,Non-Junction,None,,,         ,Jordan,Vrbas,Cloudy,"Sideswipe, Same Direction",no,no,no,no,no,False
103244822,METROPOLITAN NASHVILLE POLICE DEPT,20220120897,Davidson,Madison,3/15/2022 1:21:00 PM,2,2,0,36.259040,-86.678750,WARRIOR RD,,,,0.00,,,CHEYENNE BLVD,,,,0.00,Y,Four-Way,N,Intersection,None,,,         ,Christopher,Littles,Cloudy,Not Collision with Motor Vehicle in Transport,no,no,no,no,yes,False
103244823,METROPOLITAN NASHVILLE POLICE DEPT,20220120889,Davidson,Nashville,3/15/2022 2:14:00 PM,2,0,0,36.168480,-86.796450,I 40,,,,0.00,,,,,,,207.85,N,Not at Intersection, ,Non-Junction,None,,,         ,Mason,Tyler,Clear,Angle,no,no,no,no,no,False
103244833,METROPOLITAN NASHVILLE POLICE DEPT,20220119534,Davidson,Nashville,3/14/2022 10:11:00 PM,1,0,1,36.132030,-86.718250,MURFREESBORO PKE,,,,349.00,Feet,East,WILHAGAN RD,,,,0.00,N,Not at Intersection,N,Non-Junction,None,,,         ,Russell,Ward,Clear,Not Collision with Motor Vehicle in Transport,yes,no,no,no,no,False
103244856,Metro Park Police,20220120865,Davidson,Nashville,3/15/2022 2:03:00 PM,2,0,0,36.153930,-86.818200,US HWY 70,,,,0.00,,,28TH AVE N,,,,0.00,Y,Four-Way, ,Intersection-Related,None,,,         ,Jacob,Hardin,,Front to Rear,no,no,no,no,no,False
103244859,METROPOLITAN NASHVILLE POLICE DEPT,20220120757,Davidson,Nashville,3/15/2022 12:00:00 AM,2,0,0,36.182360,-86.812150,DR D B TODD JR BLVD,,,,96.00,Feet,South,CLAY ST,,,,0.00,N,Not at Intersection, ,Non-Junction,None,,,         ,Jean,McCormack,Cloudy,Front to Rear,no,no,no,no,no,False
103244865,METROPOLITAN NASHVILLE POLICE DEPT,20220121047,Davidson,Nashville,3/15/2022 3:50:00 PM,2,0,0,36.176290,-86.779130,JEFFERSON ST,,,,234.00,Feet,West,OLDHAM ST PVTDR,,,,0.00,N,Not at Intersection,N,Non-Junction,None,,,         ,Cooper,HIll,Clear,"Sideswipe, Same Direction",no,no,no,no,yes,False
103244872,METROPOLITAN NASHVILLE POLICE DEPT,20220121084,Davidson,Nashville,3/15/2022 3:35:00 PM,2,0,0,36.151470,-86.751350,I40 W EXT RAMP,,,,0.00,Feet,East,I 40,,,,0.00,N,Not at Intersection, ,Non-Junction,None,,,         ,Reagan,Heath,Clear,"Sideswipe, Same Direction",no,no,no,no,no,False
103244879,METROPOLITAN NASHVILLE POLICE DEPT,20220121069,Davidson,Nashville,3/15/2022 4:12:00 PM,2,0,0,36.152110,-86.690650,ELM HILL PKE,,,,1.00,Feet,North,BRILEY PKWYN,,,,0.00,N,Not at Intersection, ,,None,,,         ,Evan,Grace,,,no,no,no,no,no,False
103244927,METROPOLITAN NASHVILLE POLICE DEPT,20220121007,Davidson,Nashville,3/15/2022 3:12:00 PM,3,0,0,36.125320,-86.752340,NOLENSVILLE PKE,,,,126.00,Feet,North,ROSEDALE AV,,,,0.00,N,Not at Intersection,N,Non-Junction,None,,,         ,David,Harms,Cloudy,Front to Rear,no,no,no,no,no,False
103244936,METROPOLITAN NASHVILLE POLICE DEPT,20220121148,Davidson,Nashville,3/15/2022 3:31:00 PM,2,1,0,36.136210,-86.698990,BRILEY PKWY,,,,93.00,Feet,North,ARBOR CREEK BLVD,,,,0.00,N,Not at Intersection,N,Non-Junction,None,,,         ,Rami,Rouhi,,"Sideswipe, Same Direction",no,no,no,no,yes,False
103244967,METROPOLITAN NASHVILLE POLICE DEPT,20220121145,Davidson,Not in City Limit,3/15/2022 4:55:00 PM,2,2,0,36.305500,-86.884110,CLARKSVILLE PKE,,,,1496.00,Feet,North,EATONS CREEK RD,,,,0.00,N,Not at Intersection,N,Non-Junction,None,,,         ,Hendrik,Kruger,Clear,Front to Rear,no,no,no,no,no,False
103244971,METROPOLITAN NASHVILLE POLICE DEPT,20220121122,Davidson,Nashville,3/15/2022 4:48:00 PM,2,0,0,36.152870,-86.857630,BRILEY PKWY,,,,0.00,,,I40 W EXT RAMP,,,,0.00,Y,T-Intersection, ,Intersection-Related,None,,,         ,Ky,Luu,Clear,"Sideswipe, Same Direction",no,no,no,no,no,False
103244972,METROPOLITAN NASHVILLE POLICE DEPT,20220121004,Davidson,Nashville,3/15/2022 3:33:00 PM,5,1,0,36.153980,-86.757390,I 40,,,,0.00,,,,,,,211.10,N,Not at Intersection,N,Non-Junction,None,,,         ,Kevin,Clausius,Clear,Front to Rear,no,no,no,no,no,False
103244977,METROPOLITAN NASHVILLE POLICE DEPT,20220121111,Davidson,Nashville,3/15/2022 4:37:00 PM,2,0,0,36.276230,-86.766810,OLD HICKORY BLVD,,,,618.00,Feet,West,GOOD DAY CT,,,,0.00,N,Not at Intersection,N,Non-Junction,None,,,         ,Wesley,Carver,Clear,Front to Rear,no,no,no,no,no,False
103244979,METROPOLITAN NASHVILLE POLICE DEPT,20220121141,Davidson,Nashville,3/15/2022 4:58:00 PM,2,1,0,36.237700,-86.827580,BUENA VISTA PKE,,,,11.00,Feet,North,STEVENS LN,,,,0.00,N,Not at Intersection,N,Non-Junction,None,,,         ,Keegan,Winchell,Clear,Angle,no,no,no,no,no,False
103244988,METROPOLITAN NASHVILLE POLICE DEPT,20220121044,Davidson,Nashville,3/15/2022 4:00:00 PM,2,3,0,36.044980,-86.665440,BELL RD,,,,499.00,Feet,East,CEDAR POINTE PKWY,,,,0.00,N,Not at Intersection,N,Non-Junction,None,,,         ,Keith,Parlato,Clear,Angle,no,no,no,no,no,False
103244991,METROPOLITAN NASHVILLE POLICE DEPT,20220121155,Davidson,Nashville,3/15/2022 5:05:00 PM,2,0,0,36.162720,-86.778320,4TH AVN,,,,143.00,Feet,North,COMMERCE ST,,,,0.00,N,Not at Intersection, ,,None,,,         ,Russell,Freeman,,,no,no,no,no,no,False
103245006,METROPOLITAN NASHVILLE POLICE DEPT,20220121265,Davidson,Nashville,3/15/2022 6:00:00 PM,2,0,0,36.128590,-86.777890,FRANKLIN PKE,,,,0.00,Feet,,8TH AVS,,,,0.00,Y,Four-Way, ,Intersection,None,,,         ,David,Harms,Cloudy,Angle,no,no,no,no,no,False
103245007,METROPOLITAN NASHVILLE POLICE DEPT,20220121304,Davidson,Nashville,3/15/2022 6:26:00 PM,2,0,0,36.205910,-86.768860,W TRINITY LN,,,,73.00,Feet,West,E TRINITY LN,,,,0.00,N,Not at Intersection,N,Non-Junction,None,,,         ,Adam,Warren,Clear,Front to Rear,no,no,no,no,yes,False
103245009,METROPOLITAN NASHVILLE POLICE DEPT,20220121299,Davidson,Not in City Limit,3/15/2022 6:40:00 PM,2,1,0,36.102930,-86.933350,I 40,,,,0.00,,,,,,,198.40,N,Not at Intersection,N,Non-Junction,None,,,         ,Eric,Westbrook,Clear,Angle,no,no,no,no,yes,False
103245020,METROPOLITAN NASHVILLE POLICE DEPT,20220121349,Davidson,Nashville,3/15/2022 5:55:00 PM,1,0,0,36.188300,-86.796840,DOMINICAN DR,,,,0.00,Feet,East,FRENCH LANDING DR,,,,0.00,N,Not at Intersection,N,Non-Junction,None,,,         ,Hendrik,Kruger,Clear,Not Collision with Motor Vehicle in Transport,no,no,no,no,no,False
103245044,THP District 9 - Administrative,322017093,Davidson,Nashville,3/9/2022 9:10:00 PM,2,0,0,36.146710,-86.666480,DONELSON PKE,,,,200.00,Feet,North,ROYAL PKWY,,,,0.00,N,Not at Intersection, ,Non-Junction,None,,,         ,Michael,Shull,Clear,"Sideswipe, Same Direction",no,no,no,no,no,False
103245065,METROPOLITAN NASHVILLE POLICE DEPT,20220121329,Davidson,Nashville,3/15/2022 5:57:00 PM,2,0,0,36.139480,-86.778420,8TH AVS,,,,94.00,Feet,North,HAMILTON AV,,,,0.00,N,Not at Intersection, ,,None,,,         ,Brady,Reynolds,,,no,no,no,no,no,False
103245074,METROPOLITAN NASHVILLE POLICE DEPT,20220121213,Davidson,Nashville,3/15/2022 5:25:00 PM,2,0,0,36.145150,-86.880340,I 40,,,,0.00,,,,,,,202.55,N,Not at Intersection,N,Non-Junction,None,,,         ,Jeremy,Huffine,Clear,Front to Rear,no,no,no,no,no,False
103245097,METROPOLITAN NASHVILLE POLICE DEPT,20220121480,Davidson,Nashville,3/15/2022 8:58:00 PM,2,0,0,36.167880,-86.692510,LEBANON PKE,,,,0.00,Feet,East,COTTAGE LN,,,,0.00,N,Not at Intersection,N,Non-Junction,None,,,         ,Evan,Grace,Clear,HeadOn,no,no,no,no,yes,False
103245132,METROPOLITAN NASHVILLE POLICE DEPT,20220121478,Davidson,Nashville,3/15/2022 8:53:00 PM,1,0,0,36.126960,-86.709610,THOMPSON PL,,,,380.00,Feet,North,MURFREESBORO PKE,,,,0.00,N,Not at Intersection,N,Non-Junction,None,,,         ,Rami,Rouhi,Clear,Unknown,no,no,no,no,yes,False
103245148,METROPOLITAN NASHVILLE POLICE DEPT,20220121187,Davidson,Nashville,3/15/2022 5:02:00 PM,2,0,0,36.264100,-86.724180,OLD HICKORY BLVDW,,,,0.00,,,HERITAGE DR,,,,0.00,Y,Four-Way, ,Intersection-Related,None,,,         ,Derek,Sibley,Clear,Front to Rear,no,no,no,no,no,False
103245172,THP District 3 - Nashville,322017020,Davidson,Nashville,3/9/2022 4:38:00 PM,2,0,0,36.092850,-86.679170,HARDING PL,,,,92.00,Feet,West,DONELSON PKE,,,,0.00,N,Not at Intersection, ,Non-Junction,None,,,         ,Jason,Murray,Clear,Front to Rear,no,no,no,no,no,False
103245202,METROPOLITAN NASHVILLE POLICE DEPT,20220121510,Davidson,Nashville,3/15/2022 3:30:00 PM,2,0,0,36.265270,-86.663980,ROBINSON RD,,,,0.00,,,,,,,0.00,,, ,Non-Junction,None,,,         ,Nelson,Hemingway,,Other,no,no,no,yes,yes,False
103245215,METROPOLITAN NASHVILLE POLICE DEPT,20220121623,Davidson,Nashville,3/15/2022 10:13:00 PM,2,0,0,36.046110,-86.660740,I24 E EXT RAMP,,,,0.00,,,I 24,,,,0.00,Y,OTHER,N,Non-Junction,None,,,         ,Alex,DiBernardo,Clear,Front to Rear,no,no,no,no,no,False
103245216,METROPOLITAN NASHVILLE POLICE DEPT,20220121544,Davidson,Nashville,3/15/2022 9:37:00 PM,2,2,0,36.149110,-86.775530,I 40,,,,0.00,,,,,,,210.05,N,Not at Intersection,N,Non-Junction,None,,,         ,Blake,Lutz,Clear,Angle,no,no,no,no,no,False
103245226,METROPOLITAN NASHVILLE POLICE DEPT,20220121636,Davidson,Nashville,3/15/2022 10:21:00 PM,2,3,0,36.084920,-86.703440,TRAVELERS INN DR,,,,0.00,,,HARDING PL,,,,0.00,Y,T-Intersection,N,Intersection,None,,,         ,Steven,Bowler,Clear,Angle,no,no,no,no,no,False
103245230,METROPOLITAN NASHVILLE POLICE DEPT,20220121552,Davidson,Nashville,3/15/2022 7:11:00 PM,2,0,0,36.181740,-86.749240,GALLATIN AV,,,,15.00,Feet,North,CALVIN AV,,,,0.00,N,Not at Intersection,N,Non-Junction,None,,,         ,Peter,Kinsey,Clear,Front to Rear,no,no,no,no,yes,False
103245236,METROPOLITAN NASHVILLE POLICE DEPT,20220121387,Davidson,Nashville,3/15/2022 7:38:00 PM,1,1,0,36.199220,-86.770390,DICKERSON PKE,,,,379.00,Feet,South,GATEWOOD AV,,,,0.00,N,Not at Intersection,N,Non-Junction,None,,,         ,Cooper,HIll,Clear,Not Collision with Motor Vehicle in Transport,yes,no,no,no,yes,False
103245244,METROPOLITAN NASHVILLE POLICE DEPT,20220121453,Davidson,Nashville,3/15/2022 8:37:00 PM,2,0,0,36.082670,-86.710490,TAMPA DR,,,,0.00,,,HARDING PL,,,,0.00,Y,Four-Way, ,Intersection,None,,,         ,Megan,Arnett,Clear,"Sideswipe, Same Direction",no,no,no,no,yes,False
103245250,METROPOLITAN NASHVILLE POLICE DEPT,20220121823,Davidson,Nashville,3/15/2022 11:56:00 PM,2,0,0,36.206150,-86.771950,W TRINITY LN,,,,249.00,Feet,West,LUCAS LN,,,,0.00,N,Not at Intersection,N,Non-Junction,None,,,         ,Spencer,Arroyo,Clear,Angle,no,no,no,no,yes,False
103245254,METROPOLITAN NASHVILLE POLICE DEPT,20220121605,Davidson,Nashville,3/15/2022 10:08:00 PM,2,1,0,36.070170,-86.634300,MURFREESBORO PKE,,,,830.00,Feet,South,BELL RD,,,,0.00,N,Not at Intersection,N,Non-Junction,None,,,         ,Megan,Arnett,Clear,HeadOn,no,no,no,no,no,False
103245256,METROPOLITAN NASHVILLE POLICE DEPT,20220121947,Davidson,Nashville,3/16/2022 12:25:00 AM,2,0,0,36.208180,-86.789360,W TRINITY LN,,,,154.00,Feet,West,OLD MATTHEWS RD,,,,0.00,N,Not at Intersection,N,Non-Junction,None,,,         ,David,Crisman,Clear,Front to Rear,no,no,no,no,yes,False
103245259,METROPOLITAN NASHVILLE POLICE DEPT,20220121960,Davidson,Nashville,3/16/2022 1:32:00 AM,2,0,0,36.223330,-86.746230,ELLINGTON PKWYN,,,,495.00,Feet,North,ELLINGTON PKWYS,,,,0.00,N,Not at Intersection,N,Non-Junction,None,,,         ,Spencer,Arroyo,Clear,Unknown,no,no,no,yes,yes,False
103245290,METROPOLITAN NASHVILLE POLICE DEPT,20220122070,Davidson,Nashville,3/16/2022 3:35:00 AM,2,0,0,36.162240,-86.774360,1ST AVN,,,,4.00,Feet,North,1ST AVS,,,,0.00,N,Not at Intersection,N,Non-Junction,None,,,         ,Brenton,Adcox,Cloudy,Angle,no,no,no,no,yes,False
103245336,METROPOLITAN NASHVILLE POLICE DEPT,20220122199,Davidson,Nashville,3/16/2022 6:08:00 AM,2,2,0,36.249390,-86.719410,E PALESTINE AV,,,,0.00,Feet,,GALLATIN PKES,,,,0.00,Y,Four-Way,N,Intersection,None,,,         ,Chase,Carter,Rain,Angle,no,no,no,no,no,False
103245337,METROPOLITAN NASHVILLE POLICE DEPT,20220122204,Davidson,Nashville,3/16/2022 6:14:00 AM,2,0,0,36.132700,-86.803880,CONVENT PL,,,,366.00,Feet,South,PORTLAND AV,,,,0.00,N,Not at Intersection,N,Non-Junction,None,,,         ,Taylor,Hurley,Cloudy,Angle,no,no,no,no,yes,False
103245381,METROPOLITAN NASHVILLE POLICE DEPT,20220122302,Davidson,Nashville,3/16/2022 7:28:00 AM,2,0,0,36.223580,-86.868660,BRILEY PKWYS,,,,577.00,Feet,North,BRILEY PKWYN,,,,0.00,N,Not at Intersection, ,Non-Junction,None,,,         ,James,Wray,Rain,Front to Rear,no,no,no,no,yes,False