master_record_number,agency,agency_tracking_number,county,city,collision_date,vehicles_involved,number_injured,number_dead,latitude,longitude,roadway_name,roadway_suffix,roadway_number,roadway_local_id,distance_from_reference,miles-feet_indicator,direction_from_reference,intersection_road_name,intersection_road_name_suffix,intersection_road_number,intersection_local_id,mile_marker,intersection_indicator,intersect_type,interchange_related_indicator,relation_to_junction,work_zone_type,construction_maintenance_zone,construction_maintenance_zone_location,fatal_case_number,officer_first_name,officer_last_name,weather_condition(s),manner_of_crash,pedestrian,bicycle,scooter,parking,hitrun,mou
103245386,Nashville Airport Police,2022-00965,Davidson,Nashville,3/15/2022 9:45:00 AM,2,0,0,36.140390,-86.666350,EXIT 216C,,,,0.00,,,STATE HWY 255,,,,0.00,Y,OTHER,Y,Entrance/Exit Ramp Related,None,,,         ,Patrick,Nicholson,Clear,"Sideswipe, Same Direction",no,no,no,no,no,False
103245408,METROPOLITAN NASHVILLE POLICE DEPT,2022-0122234,Davidson,Nashville,3/16/2022 12:00:00 AM,2,0,0,36.142940,-86.650440,ELM HILL PKE,,,,1.00,Feet,West,NEILWORTH LN,,,,0.00,N,Not at Intersection, ,Non-Junction,None,,,         ,Frank,Walker,Cloudy,"Sideswipe, Same Direction",no,no,no,no,no,False
103245419,METROPOLITAN NASHVILLE POLICE DEPT,20220122369,Davidson,Nashville,3/16/2022 7:24:00 AM,2,0,0,36.082380,-86.697650,I 24,,,,0.00,,,,,,,56.00,N,Not at Intersection, ,Non-Junction,None,,,         ,Darrin,Hardin,"Cloudy, Rain","Sideswipe, Same Direction",no,no,no,no,no,False
103245429,METROPOLITAN NASHVILLE POLICE DEPT,20220122396,Davidson,Nashville,3/15/2022 10:28:00 PM,2,0,0,36.043520,-86.630900,OLD FRANKLIN RD,,,,0.00,,,MT VIEW RD,,,,0.00,Y,T-Intersection, ,Intersection,None,,,         ,Patrick,Martin,Unknown,Angle,no,no,no,no,no,False
103245434,METROPOLITAN NASHVILLE POLICE DEPT,20220122431,Davidson,Nashville,3/16/2022 8:50:00 AM,2,0,0,36.157890,-86.791000,I 40,,,,0.00,,,,,,,208.05,N,Not at Intersection,N,Non-Junction,None,,,         ,William,McDaniel,"Cloudy, Rain","Sideswipe, Same Direction",no,no,no,no,yes,False
103245469,METROPOLITAN NASHVILLE POLICE DEPT,2022122468,Davidson,Nashville,3/16/2022 9:39:00 AM,2,0,0,36.163440,-86.787640,CHARLOTTE AV,,,,0.00,Feet,,ROSA L PARKS BLVD,,,,0.00,Y,Four-Way, ,Intersection,None,,,         ,Wesley,Young,Cloudy,Front to Rear,no,no,no,no,no,False
103245492,METROPOLITAN NASHVILLE POLICE DEPT,20220122321,Davidson,Nashville,3/16/2022 7:15:00 AM,2,1,0,36.132040,-86.895100,I40 E ENT RAMP,,,,0.00,,,CHARLOTTE PKE,,,,0.00,Y,OTHER,Y,Entrance/Exit Ramp Related,None,,,         ,Michael,Pyle,Rain,"Sideswipe, Same Direction",no,no,no,no,no,False
103245510,Nashville Airport Police,2022-00966,Davidson,Nashville,3/15/2022 1:14:00 PM,3,0,0,36.109690,-86.671460,KNAPP BLVD,,,,0.00,,,DONELSON PKE,,,,0.00,Y,Four-Way,Y,Intersection,None,,,         ,Patrick,Nicholson,Clear,Angle,no,no,no,no,no,False
103245511,METROPOLITAN NASHVILLE POLICE DEPT,20220122506,Davidson,Nashville,3/16/2022 9:55:00 AM,3,0,0,36.041930,-86.652900,I 24,,,,0.00,,,,,,,59.80,N,Not at Intersection, ,,None,,,         ,Gregory,Scott,,,no,no,no,no,no,False
103245514,THP District 3 - Nashville,322019149,Davidson,Not in City Limit,3/15/2022 10:25:00 AM,2,0,0,36.344790,-86.925820,I 24,,,,0.00,,,,,,,31.40,N,Not at Intersection, ,Non-Junction,None,,,         ,Nicholas,Lang,Cloudy,Angle,no,no,no,no,no,False
103245523,METROPOLITAN NASHVILLE POLICE DEPT,20220122627,Davidson,Nashville,3/16/2022 11:43:00 AM,2,0,0,36.136860,-86.795760,WEDGEWOOD AV,,,,0.00,,,17TH AVS,,,,0.00,Y,Four-Way,N,Intersection,None,,,         ,Earl,Davis,Cloudy,"Sideswipe, Same Direction",no,no,no,no,yes,Campus
103245526,METROPOLITAN NASHVILLE POLICE DEPT,20220122370,Davidson,Nashville,3/16/2022 8:11:00 AM,2,0,0,36.142890,-86.736220,I 40,,,,0.00,,,,,,,212.55,N,Not at Intersection,N,Non-Junction,None,,,         ,Kaytlin,huyler,"Cloudy, Rain","Sideswipe, Same Direction",no,no,no,no,no,False
103245527,METROPOLITAN NASHVILLE POLICE DEPT,20220122665,Davidson,Not in City Limit,3/16/2022 12:16:00 PM,2,1,0,36.256630,-86.714200,GALLATIN PKES,,,,173.00,Feet,North,NEELYS BEND RD,,,,0.00,N,Not at Intersection,N,Non-Junction,None,,,         ,Christopher,Littles,Cloudy,Angle,no,no,no,no,no,False
103245531,METROPOLITAN NASHVILLE POLICE DEPT,2022122650,Davidson,Nashville,3/16/2022 11:52:00 AM,1,0,0,36.151790,-86.779250,8TH AVS,,,,0.00,,,GLEAVES ST,,,,0.00,Y,T-Intersection, ,Intersection,None,,,         ,Joshua,Reece,Cloudy,Not Collision with Motor Vehicle in Transport,no,no,no,no,no,False
103245545,METROPOLITAN NASHVILLE POLICE DEPT,20220122615,Davidson,Nashville,3/16/2022 11:35:00 AM,2,0,0,36.167150,-86.779610,JAMES ROBERTSON PKWY,,,,0.00,,,3RD AVN,,,,0.00,Y,Four-Way, ,,None,,,         ,Michael,Douglas,,,no,no,no,no,no,False
103245548,METROPOLITAN NASHVILLE POLICE DEPT,20220122658,Davidson,Nashville,3/16/2022 12:00:00 PM,2,0,0,36.154130,-86.757750,I 40,,,,0.00,,,,,,,211.10,N,Not at Intersection, ,,Work Zone,,,         ,Matthew,Cammarn,,,no,no,no,no,no,False
103245550,METROPOLITAN NASHVILLE POLICE DEPT,2022122613,Davidson,Nashville,3/16/2022 12:30:00 AM,2,0,0,36.149350,-86.779830,DIVISION ST,,,,0.00,,,,,,,0.00,,, ,Non-Junction,None,,,         ,Wesley,Young,Unknown,"Sideswipe, Same Direction",no,no,no,yes,no,False
103245653,GOODLETTSVILLE POLICE DEPT,22-08273,Davidson,Goodlettsville,3/16/2022 12:32:00 PM,2,0,0,36.323610,-86.705990,LONG HOLLOW PKE,,,,0.00,,,I65 S ENT RAMP,,,,0.00,Y,Four-Way,N,Intersection,None,,,         ,George,Forbes,Cloudy,Angle,no,no,no,no,no,False
103245686,METROPOLITAN NASHVILLE POLICE DEPT,20220122656,Davidson,Nashville,3/16/2022 12:11:00 PM,2,2,0,36.209070,-86.777940,BRICK CHURCH PKE,,,,0.00,,,AVONDALE CIR,,,,0.00,Y,T-Intersection,N,Intersection,None,,,         ,James,Wray,Cloudy,Angle,no,no,no,no,no,False
103245689,METROPOLITAN NASHVILLE POLICE DEPT,20220122770,Davidson,Nashville,3/16/2022 11:19:00 AM,2,0,0,36.045280,-86.714170,OLD HICKORY BLVD,,,,184.00,Feet,East,BRENTWOOD EAST DR,,,,0.00,N,Not at Intersection, ,Non-Junction,None,,,         ,Ronald,Conner,"Cloudy, Rain",Front to Rear,no,no,no,no,no,False
103245730,METROPOLITAN NASHVILLE POLICE DEPT,20220122843,Davidson,Nashville,3/16/2022 2:07:00 PM,3,0,0,36.247090,-86.743950,I 65,,,,0.00,,,,,,,90.95,N,Not at Intersection,N,Non-Junction,None,,,         ,Christopher,Littles,Cloudy,Angle,no,no,no,no,yes,False
103245732,METROPOLITAN NASHVILLE POLICE DEPT,20220122746,Davidson,Nashville,3/16/2022 11:54:00 AM,2,1,0,36.141820,-86.713550,I 40,,,,0.00,,,,,,,214.00,N,Not at Intersection,N,Non-Junction,None,,,         ,Frank,Walker,Cloudy,Front to Rear,no,no,no,no,no,False
103245738,METROPOLITAN NASHVILLE POLICE DEPT,20220122686,Davidson,Nashville,3/16/2022 12:10:00 PM,1,0,0,36.182170,-86.611740,DODSON CHAPEL RD,,,,0.00,,,ALBEE DR,,,,0.00,Y,T-Intersection, ,Intersection,None,,,         ,Ian,Hammond,Cloudy,Not Collision with Motor Vehicle in Transport,yes,no,no,no,no,False
103245742,METROPOLITAN NASHVILLE POLICE DEPT,20220122715,Davidson,Antioch,3/16/2022 12:26:00 PM,2,0,0,36.013450,-86.621020,I24 E EXT RAMP,,,,0.00,Feet,,I 24,,,,0.00,Y,T-Intersection, ,Intersection,None,,,         ,Ian,Pearce,Rain,Front to Rear,no,no,no,no,no,False
103245773,METROPOLITAN NASHVILLE POLICE DEPT,20220122847,Davidson,Nashville,3/16/2022 2:15:00 PM,2,0,0,36.149990,-86.858650,CHARLOTTE PKE,,,,213.00,Feet,West,WHITE BRIDGE PKE,,,,0.00,N,Not at Intersection, ,Non-Junction,None,,,         ,George,Spencer,Cloudy,Angle,no,no,no,no,no,False
103245783,METROPOLITAN NASHVILLE POLICE DEPT,20220122855,Davidson,Nashville,3/16/2022 2:15:00 PM,2,2,0,36.116040,-86.696480,MURFREESBORO PKE,,,,292.00,Feet,East,MCGAVOCK PKE,,,,0.00,N,Not at Intersection,N,Non-Junction,None,,,         ,Tyler,Jordan,Cloudy,Rear to Rear,no,no,no,no,no,False
103245821,METROPOLITAN NASHVILLE POLICE DEPT,20220122868,Davidson,Nashville,3/16/2022 12:30:00 PM,2,0,0,36.107220,-86.839970,COPELAND DR,,,,331.00,Feet,East,DORCAS DR,,,,0.00,N,Not at Intersection, ,Non-Junction,None,,,         ,Michael,Pyle,Cloudy,Angle,no,no,no,no,yes,False
103245822,METROPOLITAN NASHVILLE POLICE DEPT,20220122778,Davidson,Nashville,3/16/2022 1:30:00 PM,3,0,0,36.170680,-86.679670,MCGAVOCK PKE,,,,335.00,Feet,South,PARK DR,,,,0.00,N,Not at Intersection, ,Non-Junction,None,,,         ,Kaytlin,huyler,Cloudy,Angle,no,no,no,yes,no,False
103245837,METROPOLITAN NASHVILLE POLICE DEPT,20220122992,Davidson,Nashville,3/16/2022 3:50:00 PM,2,0,0,36.237760,-86.724150,GALLATIN PKES,,,,46.00,Feet,South,GALLATIN PKE SB EXT RAMP,,,,0.00,N,Not at Intersection, ,Non-Junction,None,,,         ,Dylan,Bradley,Cloudy,Front to Rear,no,no,no,no,no,False
103245839,METROPOLITAN NASHVILLE POLICE DEPT,20220123045,Davidson,Nashville,3/16/2022 4:18:00 PM,2,0,0,36.098590,-86.710250,I 24,,,,0.00,,,,,,,54.70,N,Not at Intersection, ,Non-Junction,None,,,         ,Austin,Binner,Cloudy,Front to Rear,no,no,no,no,no,False
103245841,METROPOLITAN NASHVILLE POLICE DEPT,20220123029,Davidson,Nashville,3/16/2022 4:15:00 PM,2,0,0,36.122730,-86.630500,BELL RD,,,,0.00,,,WOODLAND POINTE DR,,,,0.00,Y,T-Intersection,N,Intersection,None,,,         ,Theodore,Flick,Cloudy,Front to Rear,no,no,no,no,yes,False
103245843,BERRY HILL POLICE DEPT,22-0702,Davidson,Berry Hill,3/16/2022 12:00:00 AM,3,2,0,36.125200,-86.776740,FRANKLIN PKE,,,,0.00,,,INVERNESS AV,,,,0.00,Y,T-Intersection,Y,Intersection-Related,None,,,         ,John,Gleixner,Cloudy,HeadOn,no,no,no,no,no,False
103245848,METROPOLITAN NASHVILLE POLICE DEPT,20220122916,Davidson,Nashville,3/16/2022 2:25:00 PM,2,1,0,36.055920,-86.642130,BELL RD,,,,342.00,Feet,North,ZELIDA AV,,,,0.00,N,Not at Intersection,N,Non-Junction,Utility Zone,Laneclosure,Unknown,         ,Keith,Parlato,Cloudy,Angle,no,no,no,no,no,False
103245849,METROPOLITAN NASHVILLE POLICE DEPT,20220122949,Davidson,Not in City Limit,3/16/2022 2:11:00 PM,2,0,0,36.076720,-86.944660,HIGHWAY 70S,,,,176.00,Feet,East,SAWYER BROWN RD,,,,0.00,N,Not at Intersection, ,Non-Junction,None,,,         ,Jeremy,Huffine,Cloudy,Angle,no,no,no,no,no,False
103245859,VANDERBILT UNIVERSITY POLICE,20220122957,Davidson,Nashville,3/16/2022 3:15:00 PM,2,0,0,36.141690,-86.800730,21ST AVS,,,,0.00,,,,,,,0.00,,, ,Non-Junction,None,,,         ,Edwin,Melgar,Clear,Unknown,no,no,no,yes,no,Campus
103245860,METROPOLITAN NASHVILLE POLICE DEPT,20220123082,Davidson,Nashville,3/16/2022 5:00:00 PM,1,1,0,36.126870,-86.711310,MURFREESBORO PKE,,,,87.00,Feet,West,THOMPSON PL,,,,0.00,N,Not at Intersection,N,Non-Junction,None,,,         ,Joshua,Zambrano-Vera,Cloudy,Not Collision with Motor Vehicle in Transport,no,no,no,no,no,False
103245893,METROPOLITAN NASHVILLE POLICE DEPT,20220123014,Davidson,Nashville,3/16/2022 2:00:00 PM,2,0,0,36.167050,-86.787130,ROSA L PARKS BLVD,,,,0.00,,,JAMES ROBERTSON PKWY,,,,0.00,Y,Y-Intersection,N,OtherLocation,None,,,         ,Russell,Freeman,Cloudy,"Sideswipe, Same Direction",no,no,no,no,no,False
103245903,METROPOLITAN NASHVILLE POLICE DEPT,20220123113,Davidson,Not in City Limit,3/16/2022 5:50:00 PM,2,0,0,36.277630,-86.751200,NESBITT DR,,,,17.00,Feet,East,DICKERSON PKE,,,,0.00,N,Not at Intersection,N,Non-Junction,None,,,         ,Alexander,Hartle,Clear,Front to Rear,no,no,no,no,no,False
103245906,METROPOLITAN NASHVILLE POLICE DEPT,20220123128,Davidson,Nashville,3/16/2022 5:40:00 PM,2,1,0,36.183820,-86.748370,EASTLAND AV,,,,0.00,,,GALLATIN AV,,,,0.00,Y,T-Intersection,N,Intersection,None,,,         ,Cooper,HIll,Clear,Angle,no,no,no,no,no,False
103245907,METROPOLITAN NASHVILLE POLICE DEPT,20220123115,Davidson,Not in City Limit,3/16/2022 5:22:00 PM,2,0,0,36.271580,-86.754490,DICKERSON PKE,,,,919.00,Feet,North,OLD HICKORY BLVD,,,,0.00,N,Not at Intersection,N,Non-Junction,None,,,         ,Kyle,Eicholtz,Cloudy,Angle,no,no,no,no,no,False
103245939,METROPOLITAN NASHVILLE POLICE DEPT,2022-0118518,Davidson,Nashville,3/14/2022 12:00:00 AM,1,1,0,36.160150,-86.702940,QUINN CIR,,,,0.00,Feet,East,LEBANON PKE,,,,0.00,N,Not at Intersection,N,Non-Junction,None,,,         ,Frank,Walker,Clear,Not Collision with Motor Vehicle in Transport,no,no,no,no,no,False
103245940,METROPOLITAN NASHVILLE POLICE DEPT,20220123196,Davidson,Nashville,3/16/2022 6:16:00 PM,1,0,0,36.098870,-86.732670,SABRE DR,,,,36.00,Feet,South,MCCALL ST,,,,0.00,N,Not at Intersection,N,Non-Junction,None,,,         ,Austin,Binner,Clear,Not Collision with Motor Vehicle in Transport,no,no,no,yes,no,False
103245942,THP District 3 - Nashville,322017873,Davidson,Nashville,3/11/2022 5:17:00 PM,2,0,0,36.153490,-86.756990,I 40,,,,0.00,,,,,,,211.15,N,Not at Intersection, ,Non-Junction,None,,,         ,Jason,Murray,Clear,Front to Rear,no,no,no,no,yes,False
103245943,METROPOLITAN NASHVILLE POLICE DEPT,20220123208,Davidson,Nashville,3/16/2022 6:15:00 PM,2,0,0,36.150430,-86.831610,ELKINS AV,,,,214.00,Feet,West,38TH AVN,,,,0.00,N,Not at Intersection, ,"Driveway, Alley Access, etc",None,,,         ,Cressie,Prill,Clear,Angle,no,no,no,no,no,False
103245952,METROPOLITAN NASHVILLE POLICE DEPT,20220123180,Davidson,Nashville,3/16/2022 6:04:00 PM,2,0,0,36.045820,-86.658200,BELL RD,,,,0.00,,,,,,,0.00,,,N,Non-Junction,None,,,         ,Amgad,Bekhit,Clear,Angle,no,no,no,no,yes,False
103245959,METROPOLITAN NASHVILLE POLICE DEPT,20220123214,Davidson,Nashville,3/16/2022 6:26:00 PM,2,1,0,36.145630,-86.666650,DONELSON PKE,,,,116.00,Feet,South,ROYAL PKWY,,,,0.00,N,Not at Intersection,N,Non-Junction,None,,,         ,Brandon,Chapman,Clear,HeadOn,no,no,no,no,no,False
103245989,METROPOLITAN NASHVILLE POLICE DEPT,20220123278,Davidson,Not in City Limit,3/16/2022 5:35:00 PM,2,0,0,36.080560,-86.955250,I40 E EXT RAMP,,,,0.00,,,I 40,,,,0.00,Y,T-Intersection, ,Intersection,None,,,         ,Benjamin,Cantrell,Clear,Front to Rear,no,no,no,no,no,False
103246010,METROPOLITAN NASHVILLE POLICE DEPT,20220123122,Davidson,Not in City Limit,3/16/2022 5:37:00 PM,2,1,0,36.106810,-86.928620,I 40,,,,0.00,,,,,,,198.85,N,Not at Intersection,N,Non-Junction,None,,,         ,Jeremy,Huffine,Cloudy,Front to Rear,no,no,no,no,yes,False
103246011,GOODLETTSVILLE POLICE DEPT,22-08308,Davidson,Goodlettsville,3/16/2022 7:30:00 PM,2,0,0,36.294490,-86.705280,ALTA LOMA RD,,,,0.00,Feet,,GLEAVES ST,,,,0.00,Y,Four-Way, ,Intersection,None,,,         ,Hallie,Mooney,Clear,Angle,no,no,no,no,no,False
103246063,METROPOLITAN NASHVILLE POLICE DEPT,20220123172,Davidson,Nashville,3/16/2022 6:10:00 PM,1,0,0,36.049850,-86.663550,HICKORY HOLLOW PKWY,,,,1393.00,Feet,West,HICKORY HOLLOW MALL PVTDR PL,,,,0.00,N,Not at Intersection,N,Non-Junction,None,,,         ,Keith,Parlato,Cloudy,Not Collision with Motor Vehicle in Transport,no,no,no,no,yes,False
103246085,METROPOLITAN NASHVILLE POLICE DEPT,20220123388,Davidson,Nashville,3/16/2022 9:00:00 PM,2,0,0,36.149510,-86.773010,-- UNKNOWN RAMP/ROAD --,,,,0.00,Feet,East,I 40,,,,0.00,N,Not at Intersection,N,Non-Junction,None,,,         ,Michael,Hodges,Clear,Unknown,no,no,no,no,no,False
103246086,METROPOLITAN NASHVILLE POLICE DEPT,20220123436,Davidson,Nashville,3/16/2022 9:34:00 PM,1,2,0,36.121470,-86.755180,I440 E EXT RAMP,,,,0.00,Feet,East,I 440,,,,0.00,N,Not at Intersection,N,Non-Junction,None,,,         ,Tony,Mingsing,Clear,Not Collision with Motor Vehicle in Transport,no,no,no,no,no,False
103246087,METROPOLITAN NASHVILLE POLICE DEPT,20220123271,Davidson,Not in City Limit,3/16/2022 7:25:00 PM,2,3,0,36.263070,-86.711920,STATE RT 45,,,,0.00,Feet,,GALLATIN PKEN,,,,0.00,Y,Four-Way,Y,Intersection-Related,None,,,         ,William,Badger,Clear,"Sideswipe, Opposite Direction",no,no,no,no,no,False
103246113,METROPOLITAN NASHVILLE POLICE DEPT,20220123470,Davidson,Nashville,3/16/2022 9:47:00 PM,2,0,0,36.191210,-86.795740,VANTAGE WAY,,,,430.00,Feet,East,FRENCH LANDING DR,,,,0.00,N,Not at Intersection,N,Non-Junction,None,,,         ,Brian,DeMarce,Clear,"Sideswipe, Same Direction",no,no,no,no,no,False
103246114,METROPOLITAN NASHVILLE POLICE DEPT,20220123427,Davidson,Nashville,3/16/2022 8:48:00 PM,2,0,0,36.111200,-86.770980,I440 ENT RAMP,,,,0.00,,East,I 65,,,,0.00,N,Not at Intersection, ,,None,,,         ,Sierra,Walker,,,no,no,no,no,no,False
103246116,METROPOLITAN NASHVILLE POLICE DEPT,20220123367,Davidson,Goodlettsville,3/16/2022 8:30:00 PM,2,1,0,36.293140,-86.702360,ALTA LOMA RD,,,,3.00,Feet,West,GALLATIN PKEN,,,,0.00,N,Not at Intersection,N,Non-Junction,None,,,         ,Kyle,Eicholtz,Clear,Front to Rear,no,no,no,no,no,False
103246117,METROPOLITAN NASHVILLE POLICE DEPT,20220123451,Davidson,Nashville,3/16/2022 9:40:00 PM,2,1,0,36.079960,-86.709120,TAMPA DR,,,,99.00,Feet,South,RICHBRIAR RD,,,,0.00,N,Not at Intersection,N,Non-Junction,None,,,         ,Dalton,Crum,Clear,HeadOn,no,no,no,no,no,False
103246127,METROPOLITAN NASHVILLE POLICE DEPT,20220123274,Davidson,Nashville,3/16/2022 7:33:00 PM,2,3,0,36.078940,-86.728280,HARDING PL,,,,628.00,Feet,West,COVENTRY DR,,,,0.00,N,Not at Intersection,N,Non-Junction,None,,,         ,Zera,Ntahonirukiye,Cloudy,Angle,no,no,no,no,no,False
103246138,METROPOLITAN NASHVILLE POLICE DEPT,20220123424,Davidson,Nashville,3/16/2022 9:25:00 PM,2,2,0,36.173790,-86.602570,CENTRAL PKE,,,,143.00,Feet,West,OLD HICKORY BLVD,,,,0.00,N,Not at Intersection,N,Non-Junction,None,,,         ,Torry,Hill,,Front to Rear,no,no,no,no,no,False
103246144,METROPOLITAN NASHVILLE POLICE DEPT,20220123506,Davidson,Nashville,3/16/2022 10:30:00 PM,2,1,0,36.171430,-86.769040,JAMES ROBERTSON PKWY,,,,0.00,,,INTERSTATE DR,,,,0.00,Y,Four-Way,N,Intersection,None,,,         ,Clayton,Lewis,Clear,Angle,no,no,no,no,no,False
103246160,METROPOLITAN NASHVILLE POLICE DEPT,20220123231,Davidson,Nashville,3/16/2022 6:30:00 PM,2,2,0,36.087250,-86.692640,HARDING PL,,,,141.00,Feet,West,ANTIOCH PKE,,,,0.00,N,Not at Intersection,N,Non-Junction,None,,,         ,Mark,Lemieux,Clear,Angle,no,no,no,no,no,False
103246164,METROPOLITAN NASHVILLE POLICE DEPT,20220123840,Davidson,Nashville,3/17/2022 1:02:00 AM,1,0,0,36.110150,-86.775350,FRANKLIN PKE ENT RAMP,,,,0.00,Feet,East,WOODMONT BLVD WB ENT RAMP,,,,0.00,N,Not at Intersection,N,Non-Junction,None,,,         ,Sierra,Walker,Clear,Not Collision with Motor Vehicle in Transport,no,no,no,no,no,False
103246198,METROPOLITAN NASHVILLE POLICE DEPT,20220123675,Davidson,Nashville,3/16/2022 11:35:00 PM,2,0,0,36.139110,-86.819350,WEST END AV,,,,114.00,Feet,South,ORLEANS DR,,,,0.00,N,Not at Intersection,N,Non-Junction,Construction Zone,Laneclosure,Unknown,         ,Taylor,Hurley,Cloudy,Front to Rear,no,no,no,no,yes,False
103246268,METROPOLITAN NASHVILLE POLICE DEPT,20220124124,Davidson,Nashville,3/17/2022 12:00:00 AM,2,0,0,36.151020,-86.700290,ACORN DR,,,,152.00,Feet,South,ELM TREE DR,,,,0.00,N,Not at Intersection,N,Non-Junction,None,,,         ,Jacob,Snyder,,Angle,no,no,no,no,no,False
103246304,METROPOLITAN NASHVILLE POLICE DEPT,20220124244,Davidson,Nashville,3/17/2022 12:00:00 AM,2,0,0,36.164340,-86.794020,I 40,,,,0.00,,,,,,,208.45,N,Not at Intersection,N,Entrance/Exit Ramp Related,None,,,         ,Alex,Gibson,Cloudy,Front to Rear,no,no,no,no,no,False
103246335,METROPOLITAN NASHVILLE POLICE DEPT,20220124304,Davidson,Antioch,3/17/2022 7:26:00 AM,2,0,0,36.023370,-86.630350,I 24,,,,0.00,,,,,,,61.75,N,Not at Intersection, ,,None,,,         ,Patrick,Martin,,,no,no,no,no,no,False
103246337,METROPOLITAN NASHVILLE POLICE DEPT,20220124310,Davidson,Nashville,3/17/2022 6:50:00 AM,2,0,0,36.127620,-86.742130,FOSTER AV,,,,295.00,Feet,South,LYLE LN,,,,0.00,N,Not at Intersection,N,Non-Junction,None,,,         ,David,Rehm,Cloudy,"Sideswipe, Same Direction",no,no,no,no,no,False
103246344,METROPOLITAN NASHVILLE POLICE DEPT,20220124388,Davidson,Nashville,3/17/2022 8:50:00 AM,2,0,0,36.083500,-86.647160,MURFREESBORO PKE,,,,57.00,Feet,South,BROOKSBORO PL,,,,0.00,N,Not at Intersection, ,Non-Junction,None,,,         ,Darrin,Hardin,Clear,Front to Rear,no,no,no,no,no,False
103246371,METROPOLITAN NASHVILLE POLICE DEPT,20220124336,Davidson,Nashville,3/17/2022 8:10:00 AM,2,0,0,36.096030,-86.737600,NOLENSVILLE PKE,,,,49.00,Feet,South,ALLIED DR,,,,0.00,N,Not at Intersection, ,Non-Junction,None,,,         ,William,McDaniel,Clear,"Sideswipe, Same Direction",no,no,no,no,no,False
103246373,METROPOLITAN NASHVILLE POLICE DEPT,20220124299,Davidson,Nashville,3/17/2022 7:42:00 AM,1,0,0,36.171410,-86.869090,BRILEY PKWYN,,,,4.00,Feet,North,CENTENNIAL BLVD,,,,0.00,N,Not at Intersection, ,Non-Junction,None,,,         ,George,Spencer,Clear,Not Collision with Motor Vehicle in Transport,no,no,no,no,no,False
103246379,METROPOLITAN NASHVILLE POLICE DEPT,20220124459,Davidson,Nashville,3/17/2022 9:34:00 AM,2,0,0,36.187040,-86.631110,CENTRAL PKE,,,,0.00,,,LEBANON PKE,,,,0.00,Y,Four-Way, ,Intersection-Related,None,,,         ,Ian,Hammond,Clear,Front to Rear,no,no,no,no,no,False
103246407,METROPOLITAN NASHVILLE POLICE DEPT,20220124403,Davidson,Not in City Limit,3/17/2022 9:00:00 AM,2,0,0,36.279430,-86.873460,CLARKSVILLE PKE,,,,0.00,,,OLD HICKORY BLVD,,,,0.00,Y,Four-Way, ,Intersection,None,,,         ,James,Wray,Clear,Front to Rear,no,no,no,no,no,False
103246410,METROPOLITAN NASHVILLE POLICE DEPT,2022124537,Davidson,Nashville,3/17/2022 10:17:00 AM,2,1,0,36.158050,-86.774130,ALMOND ST,,,,0.00,,,,,,,0.00,,,N,Non-Junction,None,,,         ,Wesley,Young,Clear,Not Collision with Motor Vehicle in Transport,no,no,no,yes,no,False
103246444,METROPOLITAN NASHVILLE POLICE DEPT,20220124520,Davidson,Nashville,3/17/2022 10:04:00 AM,3,0,0,36.216520,-86.775240,I 65,,,,0.00,,,,,,,88.00,N,Not at Intersection,N,Non-Junction,None,,,         ,James,Wray,Clear,"Sideswipe, Same Direction",no,no,no,no,no,False
103246453,METROPOLITAN NASHVILLE POLICE DEPT,2022-0124296,Davidson,Nashville,3/17/2022 7:45:00 AM,1,1,0,36.182670,-86.866340,BRILEY PKWYN,,,,0.65,Miles,North,BRILEY PKWY N ENT RAMP,,,,0.00,N,Not at Intersection,N,Non-Junction,None,,,         ,Jeanine,Sarno,Clear,Not Collision with Motor Vehicle in Transport,no,no,no,no,no,False
103246454,METROPOLITAN NASHVILLE POLICE DEPT,20220124357,Davidson,Nashville,3/17/2022 7:47:00 AM,1,0,0,36.182670,-86.866340,BRILEY PKWYN,,,,2244.00,Feet,West,COUNTY HOSPITAL RD,,,,0.00,N,Not at Intersection,N,Non-Junction,None,,,         ,Jeanine,Sarno,Clear,Not Collision with Motor Vehicle in Transport,no,no,no,no,no,False
103246456,THP District 3 - Nashville,322017192,Davidson,Nashville,3/10/2022 7:36:00 AM,3,0,0,36.158830,-86.624490,I 40,,,,0.00,,,,,,,219.30,N,Not at Intersection, ,Non-Junction,None,,,         ,Katlyn,Bush,Clear,"Sideswipe, Same Direction",no,no,no,no,no,False
103246459,METROPOLITAN NASHVILLE POLICE DEPT,20220124678,Davidson,Nashville,3/17/2022 10:58:00 AM,3,0,0,36.119620,-86.753560,MELROSE AV,,,,0.00,,,CRUZEN ST,,,,0.00,Y,Four-Way,N,Intersection,None,,,         ,Justin,Pinkelton,Cloudy,Angle,no,no,no,no,no,False
103246470,METROPOLITAN NASHVILLE POLICE DEPT,20220124183,Davidson,Not in City Limit,3/17/2022 6:40:00 AM,1,1,0,36.356200,-86.904430,BAXTER RD,,,,2104.00,Feet,West,BAXTER RD PVTDR,,,,0.00,N,Not at Intersection,N,Non-Junction,None,,,         ,Jacob,Frederick,Clear,Not Collision with Motor Vehicle in Transport,no,no,no,no,no,False
103246580,METROPOLITAN NASHVILLE POLICE DEPT,20220124668,Davidson,Not in City Limit,3/17/2022 9:25:00 AM,2,1,0,36.318940,-86.841090,I 24,,,,0.00,,,,,,,36.60,N,Not at Intersection,N,Non-Junction,None,,,         ,Jeanine,Sarno,Clear,"Sideswipe, Same Direction",no,no,no,no,no,False