master_record_number,agency,agency_tracking_number,county,city,collision_date,vehicles_involved,number_injured,number_dead,latitude,longitude,roadway_name,roadway_suffix,roadway_number,roadway_local_id,distance_from_reference,miles-feet_indicator,direction_from_reference,intersection_road_name,intersection_road_name_suffix,intersection_road_number,intersection_local_id,mile_marker,intersection_indicator,intersect_type,interchange_related_indicator,relation_to_junction,work_zone_type,construction_maintenance_zone,construction_maintenance_zone_location,fatal_case_number,officer_first_name,officer_last_name,weather_condition(s),manner_of_crash,pedestrian,bicycle,scooter,parking,hitrun,mou
103247937,METROPOLITAN NASHVILLE POLICE DEPT,20220126897,Davidson,Not in City Limit,3/18/2022 2:50:00 PM,2,0,0,36.264120,-86.724950,OLD HICKORY BLVDW,,,,59.00,Feet,East,BEVERLY DR,,,,0.00,N,Not at Intersection,N,OtherLocation,None,,,         ,Justan,Vance,Clear,Angle,no,no,no,yes,yes,False
103248009,METROPOLITAN NASHVILLE POLICE DEPT,20220126974,Davidson,Nashville,3/18/2022 2:30:00 PM,2,0,0,36.151970,-86.780770,GLEAVES ST,,,,111.00,Feet,West,9TH AVS,,,,0.00,N,Not at Intersection,N,Non-Junction,None,,,         ,Russell,Freeman,Cloudy,Unknown,no,no,no,no,yes,False
103248010,METROPOLITAN NASHVILLE POLICE DEPT,20220126659,Davidson,Nashville,3/18/2022 12:05:00 PM,2,0,0,36.163170,-86.780190,5TH AVN,,,,0.00,,,CHURCH ST,,,,0.00,Y,Four-Way, ,Intersection,None,,,         ,Michael,Douglas,Cloudy,"Sideswipe, Opposite Direction",no,no,no,no,no,False
103248014,METROPOLITAN NASHVILLE POLICE DEPT,20220126893,Davidson,Nashville,3/18/2022 11:04:00 AM,2,0,0,36.077380,-86.694590,I 24,,,,0.00,,,,,,,56.40,N,Not at Intersection, ,Non-Junction,None,,,         ,Darrin,Hardin,Clear,"Sideswipe, Same Direction",no,no,no,no,no,False
103248030,METROPOLITAN NASHVILLE POLICE DEPT,20220126967,Davidson,Nashville,3/18/2022 3:43:00 PM,1,0,0,36.051520,-86.622740,MT VIEW RD,,,,0.00,Feet,,MT VIEW CIR,,,,0.00,Y,T-Intersection,Y,Intersection,None,,,         ,Adam,Kauffman,Cloudy,Not Collision with Motor Vehicle in Transport,no,no,no,no,no,False
103248032,METROPOLITAN NASHVILLE POLICE DEPT,20220126959,Davidson,Nashville,3/18/2022 9:58:00 AM,2,0,0,36.156050,-86.736600,FREIGHTLINER DR,,,,0.00,,,,,,,0.00,,, ,Non-Junction,None,,,         ,Brandon,Chapman,Clear,"Sideswipe, Opposite Direction",no,no,no,yes,no,False
103248054,METROPOLITAN NASHVILLE POLICE DEPT,20220127028,Davidson,Nashville,3/18/2022 4:16:00 PM,1,1,0,36.150900,-86.856300,CHARLOTTE PKE,,,,0.00,,,,,,,0.00,,,N,Non-Junction,None,,,         ,Robert,Higgins,Clear,Not Collision with Motor Vehicle in Transport,no,no,no,no,no,False
103248065,METROPOLITAN NASHVILLE POLICE DEPT,20220127083,Davidson,Nashville,3/18/2022 4:18:00 PM,2,0,0,36.143750,-86.730450,ARLINGTON AV,,,,0.00,Feet,East,ELM HILL PKE,,,,0.00,N,Not at Intersection,N,Non-Junction,None,,,         ,Brandon,Chapman,Clear,Front to Rear,no,no,no,no,no,False
103248071,Metro Park Police,20220125294,Davidson,Nashville,3/17/2022 6:30:00 PM,2,0,0,36.170810,-86.735780,S 20TH ST,,,,15.00,Feet,South,BOSCOBEL ST,,,,0.00,N,Not at Intersection,N,Non-Junction,None,,,         ,Whitney,Shelton,Clear,Unknown,no,no,no,no,yes,False
103248102,METROPOLITAN NASHVILLE POLICE DEPT,20220127092,Davidson,Not in City Limit,3/18/2022 5:01:00 PM,2,0,0,36.262620,-86.684380,E OLD HICKORY BLVD,,,,0.00,,,LARKIN SPRINGS RD,,,,0.00,Y,Four-Way, ,Intersection-Related,None,,,         ,Derek,Sibley,Clear,Angle,no,no,no,no,no,False
103248119,VANDERBILT UNIVERSITY POLICE,20220125653,Davidson,Nashville,3/17/2022 9:20:00 PM,1,1,0,36.139080,-86.805070,24TH AVS,,,,0.00,,,CHILDRENS WAY,,,,0.00,Y,Four-Way,N,Intersection,None,,,         ,James,McDaniel,Clear,Not Collision with Motor Vehicle in Transport,yes,no,no,no,no,Campus
103248143,GOODLETTSVILLE POLICE DEPT,22-08227,Davidson,Goodlettsville,3/16/2022 4:45:00 AM,2,0,0,36.309390,-86.689090,VIETNAM VETERANS BLVDN,,,,658.00,Feet,South,VIETNAM VETERANS BLVD SB EXT R,,,,0.00,N,Not at Intersection, ,Entrance/Exit Ramp Related,None,,,         ,Matt,Shoesmith,Clear,Angle,no,no,no,no,no,False
103248156,METROPOLITAN NASHVILLE POLICE DEPT,20220127101,Davidson,Nashville,3/18/2022 4:22:00 PM,2,0,0,36.154630,-86.779160,LAFAYETTE ST,,,,0.00,,,8TH AVS,,,,0.00,Y,Roundabout,N,Intersection,None,,,         ,Russell,Freeman,Clear,Angle,no,no,no,no,no,False
103248177,METROPOLITAN NASHVILLE POLICE DEPT,20220127254,Davidson,Nashville,3/18/2022 6:52:00 PM,2,0,0,36.164650,-86.663840,DONELSON PKE,,,,0.00,Feet,East,BLUEFIELD AV,,,,0.00,N,Not at Intersection,N,Non-Junction,None,,,         ,Evan,Grace,Cloudy,Angle,no,no,no,no,no,False
103248184,METROPOLITAN NASHVILLE POLICE DEPT,20220127061,Davidson,Nashville,3/18/2022 1:45:00 PM,2,0,0,36.118650,-86.726080,I 24,,,,0.00,,,,,,,53.00,N,Not at Intersection,N,Non-Junction,None,,,         ,Keith,Parlato,Clear,Angle,no,no,no,no,no,False
103248190,METROPOLITAN NASHVILLE POLICE DEPT,20220127322,Davidson,Nashville,3/18/2022 7:38:00 PM,2,1,0,36.140580,-86.722280,SPENCE LN,,,,10.00,Feet,West,I40 W EXT RAMP,,,,0.00,N,Not at Intersection,N,Non-Junction,None,,,         ,Brandon,Chapman,Clear,Front to Rear,no,no,no,no,no,False
103248248,VANDERBILT UNIVERSITY POLICE,20220121318,Davidson,Nashville,3/15/2022 6:30:00 PM,2,0,0,36.145490,-86.808360,KENSINGTON PL,,,,0.00,Feet,East,25TH AVS,,,,0.00,N,Not at Intersection, ,Non-Junction,None,,,         ,Frank,Marsua,,Angle,no,no,no,yes,no,Campus
103248260,METROPOLITAN NASHVILLE POLICE DEPT,20220126882,Davidson,Nashville,3/18/2022 2:50:00 PM,3,0,0,36.144700,-86.872430,CHARLOTTE PKE,,,,127.00,Feet,North,AMERICAN RD,,,,0.00,N,Not at Intersection,N,Non-Junction,None,,,         ,Allison,Zornes,Clear,Front to Rear,no,no,no,no,no,False
103248284,METROPOLITAN NASHVILLE POLICE DEPT,20220127366,Davidson,Nashville,3/18/2022 8:12:00 PM,2,1,0,36.148560,-86.866250,CHARLOTTE PKE,,,,328.00,Feet,West,LELLYETT ST,,,,0.00,N,Not at Intersection,N,Non-Junction,None,,,         ,Robert,Higgins,Rain,Angle,no,no,no,no,no,False
103248286,METROPOLITAN NASHVILLE POLICE DEPT,20220127305,Davidson,Nashville,3/18/2022 7:08:00 PM,1,0,0,36.153500,-86.779970,PALMER PL,,,,176.00,Feet,West,8TH AVS,,,,0.00,N,Not at Intersection, ,Non-Junction,None,,,         ,Matthew,Hogan,Clear,Not Collision with Motor Vehicle in Transport,no,no,no,no,no,False
103248371,METROPOLITAN NASHVILLE POLICE DEPT,20220127339,Davidson,Nashville,3/18/2022 7:46:00 PM,3,0,0,36.198620,-86.776420,I 65,,,,0.00,,,,,,,86.75,N,Not at Intersection,N,Non-Junction,None,,,         ,Anna,Clayton,Rain,Front to Rear,no,no,no,no,no,False
103248391,METROPOLITAN NASHVILLE POLICE DEPT,20220127545,Davidson,OTHER,3/18/2022 12:00:00 AM,1,1,0,36.261780,-86.647760,HADLEY AV,,,,38.00,Feet,South,9TH ST,,,,0.00,N,Not at Intersection,N,Non-Junction,None,,,         ,Dylan,Motes,Cloudy,Not Collision with Motor Vehicle in Transport,no,no,no,no,yes,False
103248399,METROPOLITAN NASHVILLE POLICE DEPT,20220127582,Davidson,Nashville,3/18/2022 10:17:00 PM,2,0,0,36.146870,-86.743410,I 40,,,,0.00,,,,,,,212.05,N,Not at Intersection, ,Non-Junction,None,,,         ,Timothy,Lehnert,Clear,"Sideswipe, Same Direction",no,no,no,no,no,False
103248406,METROPOLITAN NASHVILLE POLICE DEPT,20220127354,Davidson,Not in City Limit,3/18/2022 8:00:00 PM,2,0,0,36.077450,-86.947140,HIGHWAY 70S,,,,0.00,,,BELLEVUE CTR PVTDR,,,,0.00,Y,T-Intersection, ,Intersection-Related,None,,,         ,Dillon,Hanna,Rain,Angle,no,no,no,no,no,False
103248408,METROPOLITAN NASHVILLE POLICE DEPT,20220127446,Davidson,Nashville,3/18/2022 12:00:00 AM,2,0,0,36.061300,-86.716680,NOLENSVILLE PKE,,,,0.00,,,MCMURRAY DR,,,,0.00,Y,T-Intersection,N,Intersection,None,,,         ,Zera,Ntahonirukiye,Clear,Front to Rear,no,no,no,no,yes,False
103248420,METROPOLITAN NASHVILLE POLICE DEPT,20220127084,Davidson,Not in City Limit,3/18/2022 4:57:00 PM,1,1,0,36.269660,-86.878970,OLD HICKORY BLVD,,,,97.00,Feet,North,FREUDEMAN RD,,,,0.00,N,Not at Intersection,N,Non-Junction,None,,,         ,Keegan,Winchell,Clear,Not Collision with Motor Vehicle in Transport,no,no,no,no,no,False
103248443,METROPOLITAN NASHVILLE POLICE DEPT,20220127732,Davidson,Nashville,3/18/2022 11:25:00 PM,2,0,0,36.089620,-86.622140,SMITH SPRINGS RD,,,,0.00,Feet,East,RURAL HILL RD,,,,0.00,N,Not at Intersection, ,,None,,,         ,Evan,Grace,,,no,no,no,no,no,False
103248450,METROPOLITAN NASHVILLE POLICE DEPT,20220127688,Davidson,Nashville,3/18/2022 12:00:00 AM,2,3,0,36.089620,-86.622140,SMITH SPRINGS RD,,,,0.00,Feet,East,RURAL HILL RD,,,,0.00,N,Not at Intersection,N,Non-Junction,None,,,         ,Jacob,Snyder,Cloudy,Angle,no,no,no,no,no,False
103248473,METROPOLITAN NASHVILLE POLICE DEPT,20220127699,Davidson,Nashville,3/18/2022 10:30:00 PM,2,0,0,36.155020,-86.779590,8TH AVS,,,,136.00,Feet,West,KOREAN VETERANS BLVD,,,,0.00,N,Not at Intersection, ,Non-Junction,None,,,         ,Mena,Mahros,Cloudy,Front to Rear,no,no,no,no,no,False
103248475,METROPOLITAN NASHVILLE POLICE DEPT,20220127451,Davidson,Nashville,3/18/2022 8:55:00 PM,2,0,0,36.214750,-86.817670,BUENA VISTA PKE,,,,0.00,,,MOORMANS ARM RD,,,,0.00,Y,T-Intersection,N,Intersection,None,,,         ,Robert,Laboy,Rain,Angle,no,no,no,no,yes,False
103248477,METROPOLITAN NASHVILLE POLICE DEPT,20220127211,Davidson,Nashville,3/18/2022 11:09:00 PM,2,0,0,36.058530,-86.678070,I 24,,,,0.00,,,,,,,58.00,N,Not at Intersection,N,Non-Junction,None,,,         ,Joseph,Hurst,Clear,Not Collision with Motor Vehicle in Transport,no,no,no,no,no,False
103248483,METROPOLITAN NASHVILLE POLICE DEPT,20220127859,Davidson,Not in City Limit,3/19/2022 12:00:00 AM,2,0,0,36.269490,-86.757070,OLD HICKORY BLVD,,,,400.00,Feet,West,DICKERSON PKE,,,,0.00,N,Not at Intersection,N,"Driveway, Alley Access, etc",None,,,         ,John,Robish,Clear,Angle,no,no,no,yes,yes,False
103248488,METROPOLITAN NASHVILLE POLICE DEPT,20220127585,Davidson,Nashville,3/18/2022 10:14:00 PM,1,1,0,36.081280,-86.630190,BELL RD,,,,100.00,Feet,West,PRIEST LAKE DR,,,,0.00,N,Not at Intersection,N,Non-Junction,None,,,         ,Zachary,Aldrich,,Not Collision with Motor Vehicle in Transport,yes,no,no,no,yes,False
103248493,METROPOLITAN NASHVILLE POLICE DEPT,20220127827,Davidson,Nashville,3/18/2022 11:39:00 PM,2,0,0,36.153830,-86.777090,LAFAYETTE ST,,,,227.00,Feet,East,7TH AVS,,,,0.00,N,Not at Intersection, ,Non-Junction,None,,,         ,James,Hill,Cloudy,Angle,no,no,no,no,no,False
103248495,METROPOLITAN NASHVILLE POLICE DEPT,20220127975,Davidson,Nashville,3/19/2022 12:56:00 AM,2,0,0,36.155740,-86.771180,2ND AVS,,,,65.00,Feet,North,LEA AV,,,,0.00,N,Not at Intersection, ,Non-Junction,None,,,         ,Mena,Mahros,Cloudy,Angle,no,no,no,no,no,False
103248496,METROPOLITAN NASHVILLE POLICE DEPT,20220128009,Davidson,Nashville,3/19/2022 1:49:00 AM,1,1,0,36.046200,-86.676490,BELL RD,,,,655.00,Feet,West,BLUE HOLE RD,,,,0.00,N,Not at Intersection,N,Non-Junction,None,,,         ,Eric,Laury,Clear,Not Collision with Motor Vehicle in Transport,no,no,no,yes,no,False
103248497,METROPOLITAN NASHVILLE POLICE DEPT,20220127838,Davidson,Nashville,3/19/2022 12:02:00 AM,1,1,0,36.108930,-86.725440,BRILEY PKWYN,,,,59.00,Feet,South,I24 E EXT RAMP,,,,0.00,N,Not at Intersection,N,Non-Junction,None,,,         ,Jonathan,Handley,Cloudy,Not Collision with Motor Vehicle in Transport,yes,no,no,no,yes,False
103248500,METROPOLITAN NASHVILLE POLICE DEPT,20220127968,Davidson,Nashville,3/19/2022 1:17:00 AM,2,2,0,36.166190,-86.765880,I24 E ENT RAMP,,,,0.00,,,I 24,,,,0.00,Y,Four-Way,Y,Intersection,None,,,         ,Tyler,Lewis,Clear,Angle,no,no,no,no,no,False
103248513,METROPOLITAN NASHVILLE POLICE DEPT,20220128071,Davidson,Nashville,3/19/2022 3:00:00 AM,1,1,0,36.086070,-86.628050,BELL RD,,,,500.00,Feet,East,PRIVATE DR,,,,0.00,N,Not at Intersection,N,Non-Junction,None,,,         ,Christopher,Gooding,,Not Collision with Motor Vehicle in Transport,no,no,no,no,no,False
103248518,METROPOLITAN NASHVILLE POLICE DEPT,20220128057,Davidson,Nashville,3/19/2022 2:57:00 AM,1,1,0,36.151000,-86.796490,19TH AVS,,,,2.00,Feet,South,BROADWAY,,,,0.00,N,Not at Intersection,N,Non-Junction,None,,,         ,Dillon,Deleacaes,Clear,Not Collision with Motor Vehicle in Transport,yes,no,no,no,yes,False
103248519,METROPOLITAN NASHVILLE POLICE DEPT,20220127642,Davidson,Nashville,3/18/2022 10:35:00 PM,2,0,0,36.033750,-86.670410,SHIRE DR,,,,104.00,Feet,East,SILVERMOON DR,,,,0.00,N,Not at Intersection,N,Non-Junction,None,,,         ,John,Braxton,Clear,Front to Rear,no,no,no,no,no,False
103248546,METROPOLITAN NASHVILLE POLICE DEPT,20220128063,Davidson,Nashville,3/19/2022 2:25:00 AM,2,0,0,36.084080,-86.763890,I65 S EXT RAMP,,,,0.00,Feet,East,I 65,,,,0.00,N,Not at Intersection,N,Non-Junction,None,,,         ,Blas,Hernandez,Cloudy,"Sideswipe, Same Direction",no,no,no,no,yes,False
103248552,METROPOLITAN NASHVILLE POLICE DEPT,20220128079,Davidson,Nashville,3/19/2022 3:20:00 AM,2,0,0,36.135810,-86.725050,MURFREESBORO PKE,,,,3.00,Feet,West,SPENCE LN,,,,0.00,N,Not at Intersection,N,Non-Junction,None,,,         ,Ryan,Malone,Clear,Angle,no,no,no,no,no,False
103248569,METROPOLITAN NASHVILLE POLICE DEPT,20220128126,Davidson,Nashville,3/19/2022 4:30:00 AM,1,0,0,36.189770,-86.773000,DICKERSON PKE,,,,120.00,Feet,South,EVANSTON AV,,,,0.00,N,Not at Intersection,N,Non-Junction,None,,,         ,Peter,Kinsey,Clear,Not Collision with Motor Vehicle in Transport,no,no,no,no,yes,False
103248600,METROPOLITAN NASHVILLE POLICE DEPT,20220128194,Davidson,Nashville,3/19/2022 5:50:00 AM,2,1,0,36.046020,-86.657930,BELL RD,,,,1.00,Feet,East,COLLINS PARK DR,,,,0.00,N,Not at Intersection,N,OtherLocation,None,,,         ,Sullivan,Souksanh,Clear,Front to Rear,no,no,no,no,no,False
103248625,METROPOLITAN NASHVILLE POLICE DEPT,20220128336,Davidson,Not in City Limit,3/19/2022 12:00:00 AM,1,0,0,36.293030,-86.886150,OLD CLARKSVILLE PKE,,,,160.00,Feet,West,CLARKSVILLE PKE,,,,0.00,N,Not at Intersection,N,Non-Junction,None,,,         ,Chase,Harriman,Clear,Not Collision with Motor Vehicle in Transport,no,no,no,no,yes,False
103248626,METROPOLITAN NASHVILLE POLICE DEPT,20220128294,Davidson,Not in City Limit,3/19/2022 5:33:00 AM,1,0,0,36.077230,-87.014830,I 40,,,,0.00,,,,,,,192.85,N,Not at Intersection, ,Non-Junction,None,,,         ,William,Hudson,"Cloudy, Rain",Not Collision with Motor Vehicle in Transport,no,no,no,no,no,False
103248628,METROPOLITAN NASHVILLE POLICE DEPT,20220128350,Davidson,Nashville,3/19/2022 8:01:00 AM,2,0,0,36.064950,-86.622070,OWENDALE DR,,,,52.00,Feet,North,HAMILTON CHURCH RD,,,,0.00,N,Not at Intersection,Y,Non-Junction,None,,,         ,Steven,Williams,Cloudy,Angle,no,no,no,no,no,False
103248706,METROPOLITAN NASHVILLE POLICE DEPT,20220128410,Davidson,Nashville,3/19/2022 9:28:00 AM,2,2,0,36.157560,-86.873840,ROBERTSON AV,,,,92.00,Feet,West,RIES AV,,,,0.00,N,Not at Intersection,N,Non-Junction,None,,,         ,Steven,Begley,Cloudy,Angle,no,no,no,no,no,False
103248710,METROPOLITAN NASHVILLE POLICE DEPT,20220128196,Davidson,Nashville,3/19/2022 5:57:00 AM,1,0,0,36.059910,-86.903250,OLD HICKORY BLVD,,,,966.00,Feet,South,HIGHWAY 100,,,,0.00,N,Not at Intersection,N,Non-Junction,None,,,         ,Christopher,Alceus,Clear,Not Collision with Motor Vehicle in Transport,no,no,no,no,no,False
103248724,METROPOLITAN NASHVILLE POLICE DEPT,20220128433,Davidson,Nashville,3/19/2022 9:20:00 AM,2,0,0,36.104920,-86.868190,HARDING PKE,,,,219.00,Feet,South,LEAKE AV,,,,0.00,N,Not at Intersection, ,Non-Junction,None,,,         ,Nicholaus,George,Cloudy,"Sideswipe, Same Direction",no,no,no,yes,yes,False
103248749,METROPOLITAN NASHVILLE POLICE DEPT,20220128534,Davidson,Nashville,3/19/2022 11:18:00 AM,2,0,0,36.162750,-86.790880,11TH AVN,,,,10.00,Feet,North,SHANKLAND ST,,,,0.00,N,Not at Intersection, ,Non-Junction,None,,,         ,Scott,Edwards,Cloudy,Angle,no,no,no,no,no,False
103248751,METROPOLITAN NASHVILLE POLICE DEPT,20220128527,Davidson,Nashville,3/19/2022 11:10:00 AM,2,1,0,36.237630,-86.628580,OLD HICKORY BLVD,,,,593.00,Feet,South,FELLOWSHIP LN,,,,0.00,N,Not at Intersection,N,Non-Junction,None,,,         ,Zachariah,Souza,Cloudy,Front to Rear,no,no,no,no,no,False
103248777,METROPOLITAN NASHVILLE POLICE DEPT,20220128556,Davidson,Nashville,3/19/2022 11:48:00 AM,1,0,0,36.161280,-86.819160,28TH AVN,,,,21.00,Feet,North,BATAVIA ST,,,,0.00,N,Not at Intersection,N,Non-Junction,None,,,         ,Zachary,Akers,Cloudy,Not Collision with Motor Vehicle in Transport,no,no,no,no,yes,False
103248779,METROPOLITAN NASHVILLE POLICE DEPT,20220128434,Davidson,Nashville,3/19/2022 9:27:00 AM,3,0,0,36.074150,-86.626720,ANDERSON RD,,,,369.00,Feet,South,CREEKVIEW DR,,,,0.00,N,Not at Intersection,N,Non-Junction,None,,,         ,Steven,Williams,Cloudy,Not Collision with Motor Vehicle in Transport,no,no,no,no,yes,False
103248798,METROPOLITAN NASHVILLE POLICE DEPT,20220128554,Davidson,Nashville,3/19/2022 11:48:00 AM,2,1,0,36.180510,-86.762670,ELLINGTON PKWYS,,,,540.00,Feet,East,ELLINGTON PKWYN,,,,0.00,N,Not at Intersection,N,Non-Junction,None,,,         ,Jason,Milyaro Lucas,Cloudy,Front to Rear,no,no,no,no,no,False
103248830,METROPOLITAN NASHVILLE POLICE DEPT,20220128603,Davidson,Nashville,3/19/2022 12:48:00 PM,2,0,0,36.100430,-86.672280,EZELL PKE,,,,6.00,Feet,South,CITATION DR,,,,0.00,N,Not at Intersection,N,Non-Junction,None,,,         ,John,Walden,Cloudy,Angle,no,no,no,no,no,False
103248833,METROPOLITAN NASHVILLE POLICE DEPT,20220128580,Davidson,Nashville,3/19/2022 12:20:00 PM,2,1,0,36.150480,-86.770350,4TH AVS,,,,0.00,,,I40 E EXT RAMP,,,,0.00,Y,Four-Way,N,Entrance/Exit Ramp Related,None,,,         ,Lee,Davis,Cloudy,Front to Rear,no,no,no,no,no,False
103248841,METROPOLITAN NASHVILLE POLICE DEPT,20220128615,Davidson,Nashville,3/19/2022 12:30:00 PM,2,0,0,36.140950,-86.840970,MURPHY RD 46TH AV N ROUND,,,,0.00,,,WESTLAWN DR,,,,0.00,Y,Roundabout, ,Non-Junction,None,,,         ,Nicholaus,George,Cloudy,Angle,no,no,no,no,no,False
103248847,METROPOLITAN NASHVILLE POLICE DEPT,20220128610,Davidson,Nashville,3/19/2022 12:50:00 PM,2,2,0,36.222820,-86.725820,GALLATIN PKE,,,,2.00,Feet,North,GREENLAND AV,,,,0.00,N,Not at Intersection,N,Non-Junction,None,,,         ,Jeffery,Leiser,Cloudy,Angle,no,no,no,no,no,False
103248865,METROPOLITAN NASHVILLE POLICE DEPT,20220128599,Davidson,Nashville,3/19/2022 12:46:00 PM,3,0,0,36.200530,-86.688670,BRILEY PKWYN,,,,48.00,Feet,North,BRILEY PKWY N ENT RAMP,,,,0.00,N,Not at Intersection,N,Non-Junction,None,,,         ,Brian,Ritz,Cloudy,Front to Rear,no,no,no,no,no,False
103248909,METROPOLITAN NASHVILLE POLICE DEPT,20220128727,Davidson,Nashville,3/19/2022 3:00:00 PM,3,0,0,36.131880,-86.895530,CHARLOTTE PKE,,,,0.00,,,OLD CHARLOTTE PKE,,,,0.00,Y,Four-Way, ,Intersection,None,,,         ,Jackson,Smythe,Cloudy,Front to Rear,no,no,no,no,no,False
103248929,VANDERBILT UNIVERSITY POLICE,20220121292,Davidson,Nashville,3/15/2022 5:55:00 PM,2,0,0,36.141370,-86.811670,NATCHEZ TRC,,,,0.00,,,,,,,0.00,,,N,Non-Junction,None,,,         ,Michael,Wyers,,Front to Rear,no,no,no,yes,yes,Campus
103248941,METROPOLITAN NASHVILLE POLICE DEPT,20220128738,Davidson,Nashville,3/18/2022 1:27:00 PM,2,0,0,36.125030,-86.742430,FOSTER AV,,,,127.00,Feet,South,GLENROSE AV,,,,0.00,N,Not at Intersection,N,Non-Junction,None,,,         ,Jerre,Fly,Clear,Front to Rear,no,no,no,no,yes,False
103248954,METROPOLITAN NASHVILLE POLICE DEPT,202201287832022,Davidson,Nashville,3/19/2022 12:00:00 AM,2,0,0,36.071570,-86.691270,I 24,,,,0.00,,,,,,,56.80,N,Not at Intersection,N,Non-Junction,None,,,         ,Taylor,Blackwelder,Clear,"Sideswipe, Same Direction",no,no,no,no,yes,False
103248961,METROPOLITAN NASHVILLE POLICE DEPT,20220128815,Davidson,Nashville,3/19/2022 2:59:00 PM,2,0,0,36.070340,-86.634490,MURFREESBORO PKE,,,,747.00,Feet,South,BELL RD,,,,0.00,N,Not at Intersection, ,Non-Junction,None,,,         ,Nadine,Klemenz,Cloudy,"Sideswipe, Same Direction",no,no,no,no,no,False
103248989,METROPOLITAN NASHVILLE POLICE DEPT,20220128803,Davidson,Nashville,3/19/2022 3:28:00 PM,2,0,0,36.078810,-86.726090,NOLENSVILLE PKE,,,,297.00,Feet,South,HARDING PL,,,,0.00,N,Not at Intersection,N,Non-Junction,None,,,         ,John,Braun,Cloudy,Front to Rear,no,no,no,no,no,False
103249004,METROPOLITAN NASHVILLE POLICE DEPT,20220128786,Davidson,Nashville,3/19/2022 3:40:00 PM,3,2,0,36.167110,-86.765260,I 24,,,,0.00,,,,,,,48.90,N,Not at Intersection,N,Non-Junction,None,,,         ,Blake,Curry,Clear,Front to Rear,no,no,no,no,no,False
103249052,GOODLETTSVILLE POLICE DEPT,22-08567,Davidson,Goodlettsville,3/19/2022 4:29:00 PM,1,1,0,36.334960,-86.719800,SWIFT DR,,,,357.00,Feet,North,FANNIN DR,,,,0.00,N,Not at Intersection,N,Non-Junction,None,,,         ,Austin,Herendeen,Cloudy,Not Collision with Motor Vehicle in Transport,no,no,no,no,no,False
103249059,METROPOLITAN NASHVILLE POLICE DEPT,20220128923,Davidson,Nashville,3/19/2022 3:42:00 PM,2,0,0,36.161010,-86.775630,3RD AVS,,,,216.00,Feet,South,BROADWAY,,,,0.00,N,Not at Intersection, ,Non-Junction,None,,,         ,Blake,Curry,Clear,Front to Rear,no,no,no,no,no,False
103249060,METROPOLITAN NASHVILLE POLICE DEPT,20220128839,Davidson,Nashville,3/19/2022 4:14:00 PM,2,1,0,36.044750,-86.780310,I 65,,,,0.00,,,,,,,75.00,N,Not at Intersection,N,Non-Junction,None,,,         ,David,Harms,Cloudy,"Sideswipe, Same Direction",no,no,no,no,no,False
103249079,METROPOLITAN NASHVILLE POLICE DEPT,20220128925,Davidson,Nashville,3/19/2022 5:27:00 PM,2,0,0,36.149890,-86.783860,I 40,,,,0.00,,,,,,,209.55,N,Not at Intersection, ,Non-Junction,None,,,         ,Matthew,Hogan,Clear,"Sideswipe, Same Direction",no,no,no,no,yes,False
103249080,METROPOLITAN NASHVILLE POLICE DEPT,20220128882,Davidson,Nashville,3/19/2022 4:50:00 PM,2,1,0,36.055100,-86.742660,EDMONDSON PKE,,,,3.00,Feet,North,MCMURRAY DR,,,,0.00,N,Not at Intersection,N,Non-Junction,None,,,         ,Flynn,Ireland,Clear,Front to Rear,no,no,no,no,no,False
103249098,VANDERBILT UNIVERSITY POLICE,20220128974,Davidson,Nashville,3/19/2022 12:00:00 AM,2,0,0,36.142790,-86.800070,MEDICAL CENTER DR,,,,15.00,Feet,West,21ST AVS,,,,0.00,N,Not at Intersection, ,Unknown,None,,,         ,Joseph,Bishop,,Rear to Side,no,no,no,yes,no,Campus
103249131,METROPOLITAN NASHVILLE POLICE DEPT,20220129051,Davidson,Nashville,3/19/2022 5:20:00 PM,2,0,0,36.154550,-86.778940,LAFAYETTE ST,,,,71.00,Feet,East,8TH AVS,,,,0.00,N,Not at Intersection,N,Non-Junction,None,,,         ,Matthew,Hogan,Clear,"Sideswipe, Same Direction",no,no,no,no,yes,False
103249136,METROPOLITAN NASHVILLE POLICE DEPT,20220129098,Davidson,Nashville,3/19/2022 8:06:00 PM,2,0,0,36.052210,-86.644910,EAGLE VIEW BLVD,,,,0.00,,,BELL RD,,,,0.00,Y,T-Intersection,N,Intersection,None,,,         ,Steven,Bowler,Clear,Front to Rear,no,no,no,no,yes,False
103249147,METROPOLITAN NASHVILLE POLICE DEPT,20220129075,Davidson,Not in City Limit,3/19/2022 7:30:00 PM,2,1,0,36.264450,-86.732290,OLD HICKORY BLVDW,,,,0.00,Feet,West,N GRAYCROFT AV,,,,0.00,N,Not at Intersection,N,Non-Junction,None,,,         ,Justan,Vance,Clear,Angle,no,no,no,no,no,False
103249149,METROPOLITAN NASHVILLE POLICE DEPT,20220129128,Davidson,Nashville,3/19/2022 8:14:00 PM,2,0,0,36.109450,-86.728050,BRILEY PKWYN,,,,0.00,,,BRILEY PKWYS,,,,0.00,Y,Four-Way,N,Intersection,None,,,         ,Joseph,Hurst,Clear,"Sideswipe, Opposite Direction",no,no,no,no,yes,False
103249173,METROPOLITAN NASHVILLE POLICE DEPT,20220129116,Davidson,Nashville,3/19/2022 7:29:00 PM,2,0,0,36.152910,-86.783730,PINE ST,,,,0.00,,,11TH AVS,,,,0.00,Y,Four-Way,N,Intersection,None,,,         ,Daniel,Tomlinson,Clear,"Sideswipe, Same Direction",no,no,no,no,yes,False