master_record_number,agency,agency_tracking_number,county,city,collision_date,vehicles_involved,number_injured,number_dead,latitude,longitude,roadway_name,roadway_suffix,roadway_number,roadway_local_id,distance_from_reference,miles-feet_indicator,direction_from_reference,intersection_road_name,intersection_road_name_suffix,intersection_road_number,intersection_local_id,mile_marker,intersection_indicator,intersect_type,interchange_related_indicator,relation_to_junction,work_zone_type,construction_maintenance_zone,construction_maintenance_zone_location,fatal_case_number,officer_first_name,officer_last_name,weather_condition(s),manner_of_crash,pedestrian,bicycle,scooter,parking,hitrun,mou
103249249,METROPOLITAN NASHVILLE POLICE DEPT,20220129145,Davidson,Antioch,3/19/2022 9:01:00 PM,1,0,0,36.049430,-86.600980,PIN HOOK RD,,,,293.00,Feet,West,HOBSON PKE,,,,0.00,N,Not at Intersection,N,Non-Junction,None,,,         ,Michael,Hones,Clear,Not Collision with Motor Vehicle in Transport,no,no,no,no,no,False
103249266,METROPOLITAN NASHVILLE POLICE DEPT,20220128928,Davidson,Nashville,3/19/2022 4:30:00 PM,2,0,0,36.140540,-86.878730,CHARLOTTE PKE,,,,205.00,Feet,East,RUSSLEO DR,,,,0.00,N,Not at Intersection,N,Non-Junction,None,,,         ,Steven,Begley,Clear,Front to Rear,no,no,no,no,yes,False
103249267,METROPOLITAN NASHVILLE POLICE DEPT,20220129197,Davidson,Nashville,3/19/2022 9:07:00 PM,2,5,0,36.157630,-86.785050,BROADWAY,,,,248.00,Feet,West,10TH AVS,,,,0.00,N,Not at Intersection,N,Non-Junction,None,,,         ,Tyler,Lewis,Clear,Front to Rear,no,no,no,no,no,False
103249268,METROPOLITAN NASHVILLE POLICE DEPT,20220129292,Davidson,Nashville,3/19/2022 10:01:00 PM,2,0,0,36.088790,-86.702330,I 24,,,,0.00,,,,,,,55.50,N,Not at Intersection, ,Non-Junction,None,,,         ,Eric,Laury,Clear,"Sideswipe, Same Direction",no,no,no,no,no,False
103249276,METROPOLITAN NASHVILLE POLICE DEPT,20220129300,Davidson,Nashville,3/19/2022 12:00:00 AM,1,0,0,36.170240,-86.596640,I 40,,,,0.00,,,,,,,221.10,N,Not at Intersection, ,Non-Junction,None,,,         ,Jacob,Snyder,Cloudy,Not Collision with Motor Vehicle in Transport,no,no,no,no,no,False
103249277,METROPOLITAN NASHVILLE POLICE DEPT,20220129230,Davidson,Nashville,3/19/2022 9:00:00 PM,2,0,0,36.151300,-86.853170,CHARLOTTE AV,,,,139.00,Feet,East,54TH AVN,,,,0.00,N,Not at Intersection,N,Non-Junction,None,,,         ,Kyle,Lund,Clear,Front to Rear,no,no,no,no,yes,False
103249278,METROPOLITAN NASHVILLE POLICE DEPT,20220129186,Davidson,Goodlettsville,3/19/2022 9:10:00 PM,2,0,0,36.296910,-86.699160,MYATT DR,,,,0.00,,,GALLATIN PKEN,,,,0.00,Y,T-Intersection,Y,Intersection,None,,,         ,Justan,Vance,Clear,Angle,no,no,no,no,yes,False
103249288,METROPOLITAN NASHVILLE POLICE DEPT,20220128981,Davidson,Not in City Limit,3/19/2022 5:52:00 PM,2,0,0,36.104570,-86.925650,BELLE VALLEY DR,,,,1128.00,Feet,West,OLD HICKORY BLVD,,,,0.00,N,Not at Intersection, ,Non-Junction,None,,,         ,Cameron,Van Der Merwe,Cloudy,Rear to Side,no,no,no,yes,no,False
103249301,METROPOLITAN NASHVILLE POLICE DEPT,20220128754,Davidson,Nashville,3/19/2022 1:32:00 PM,2,0,0,36.183650,-86.610660,OLD HICKORY BLVD,,,,0.00,Feet,,ANDREW JACKSON PKWY,,,,0.00,Y,Four-Way,N,Intersection-Related,None,,,         ,Forrest,Punke,Cloudy,Front to Rear,no,no,no,no,yes,False
103249302,METROPOLITAN NASHVILLE POLICE DEPT,20220128890,Davidson,Old Hickory,3/19/2022 4:50:00 PM,1,0,0,36.257250,-86.657580,MARTINGALE DR,,,,322.00,Feet,South,ROBINSON RD,,,,0.00,N,Not at Intersection,N,Non-Junction,None,,,         ,Forrest,Punke,Cloudy,Not Collision with Motor Vehicle in Transport,no,no,no,yes,yes,False
103249305,METROPOLITAN NASHVILLE POLICE DEPT,20220129265,Davidson,Nashville,3/19/2022 12:00:00 AM,2,0,0,36.182150,-86.608110,ANDREW JACKSON WAY,,,,4.00,Feet,North,OLD HICKORY BLVD,,,,0.00,N,Not at Intersection,N,Non-Junction,None,,,         ,Esther,Poysti,Cloudy,"Sideswipe, Same Direction",no,no,no,no,yes,False
103249309,METROPOLITAN NASHVILLE POLICE DEPT,20220129002,Davidson,Nashville,3/19/2022 6:25:00 PM,2,0,0,36.168420,-86.688000,LEBANON PKE,,,,0.00,,,BRILEY PKWY N ENT RAMP,,,,0.00,Y,OTHER,N,Intersection-Related,None,,,         ,Christian,Vanders,Cloudy,"Sideswipe, Same Direction",no,no,no,no,no,False
103249315,METROPOLITAN NASHVILLE POLICE DEPT,20220129252,Davidson,Antioch,3/19/2022 7:00:00 PM,2,0,0,36.047840,-86.612050,MURFREESBORO PKE,,,,1284.00,Feet,North,MOUNTAIN SPRINGS RD,,,,0.00,N,Not at Intersection,N,Non-Junction,None,,,         ,Phillip,Lovell,Clear,Angle,no,no,no,no,yes,False
103249329,METROPOLITAN NASHVILLE POLICE DEPT,20220129385,Davidson,Nashville,3/19/2022 12:00:00 AM,2,0,0,36.123890,-86.705460,VULTEE BLVD,,,,479.00,Feet,West,MURFREESBORO PKE,,,,0.00,N,Not at Intersection,N,Non-Junction,None,,,         ,Esther,Poysti,Cloudy,Angle,no,no,no,yes,yes,False
103249345,METROPOLITAN NASHVILLE POLICE DEPT,20220129096,Davidson,Nashville,3/19/2022 7:20:00 PM,2,0,0,36.184020,-86.748280,GALLATIN AV,,,,76.00,Feet,North,EASTLAND AV,,,,0.00,N,Not at Intersection,N,Non-Junction,None,,,         ,Trevor,Jones,Clear,HeadOn,no,no,no,no,no,False
103249351,METROPOLITAN NASHVILLE POLICE DEPT,20220129322,Davidson,Nashville,3/19/2022 12:00:00 AM,2,1,0,36.176520,-86.769820,SPRING ST,,,,30.00,Feet,East,I24 W EXT RAMP,,,,0.00,N,Not at Intersection,N,Non-Junction,None,,,         ,McKenzie,Harper,Clear,Front to Rear,no,no,no,no,no,False
103249354,METROPOLITAN NASHVILLE POLICE DEPT,20220129126,Davidson,Nashville,3/19/2022 8:30:00 PM,2,1,0,36.180840,-86.790950,HUME ST,,,,0.00,,,5TH AVN,,,,0.00,Y,Four-Way,N,Non-Junction,None,,,         ,Hendrik,Kruger,Clear,HeadOn,no,no,no,no,no,False
103249357,METROPOLITAN NASHVILLE POLICE DEPT,20220129459,Davidson,Nashville,3/19/2022 11:44:00 PM,1,1,0,36.161140,-86.778870,OPRY PL,,,,276.00,Feet,North,BROADWAY,,,,0.00,N,Not at Intersection,N,Non-Junction,None,,,         ,William,Coy,Clear,Not Collision with Motor Vehicle in Transport,yes,no,no,no,yes,False
103249363,METROPOLITAN NASHVILLE POLICE DEPT,20220129530,Davidson,Nashville,3/20/2022 12:17:00 AM,2,0,0,36.139350,-86.819100,ORLEANS DR,,,,0.00,Feet,,WEST END AV,,,,0.00,Y,Four-Way,N,Intersection-Related,None,,,         ,Flynn,Ireland,Clear,HeadOn,no,no,no,no,no,False
103249367,METROPOLITAN NASHVILLE POLICE DEPT,20220129376,Davidson,Nashville,3/19/2022 12:00:00 AM,2,0,0,36.154340,-86.798960,19TH AVN,,,,0.00,Feet,,CHURCH ST,,,,0.00,Y,Four-Way,N,Intersection-Related,None,,,         ,Lynsey,Fish,Cloudy,Angle,no,no,no,no,no,False
103249377,METROPOLITAN NASHVILLE POLICE DEPT,20220129460,Davidson,Nashville,3/19/2022 8:00:00 PM,2,0,0,36.245020,-86.778140,CHESAPEAKE CIR,,,,297.00,Feet,West,CHESAPEAKE CT,,,,0.00,N,Not at Intersection,N,Non-Junction,None,,,         ,Paul,Hughes II,Clear,"Sideswipe, Same Direction",no,no,no,no,yes,False
103249378,METROPOLITAN NASHVILLE POLICE DEPT,20220129147,Davidson,Nashville,3/19/2022 9:00:00 PM,3,1,0,36.058340,-86.716120,NOLENSVILLE PKE,,,,258.00,Feet,South,TUSCULUM RD,,,,0.00,N,Not at Intersection,N,Non-Junction,None,,,         ,Nicholas,Hoffmann,Clear,Front to Rear,no,no,no,no,yes,False
103249379,METROPOLITAN NASHVILLE POLICE DEPT,20220129449,Davidson,Nashville,3/19/2022 10:00:00 PM,1,0,0,36.125540,-86.698080,KERMIT DR,,,,144.00,Feet,East,KIPLING DR,,,,0.00,N,Not at Intersection,N,Non-Junction,None,,,         ,Zachary,Aldrich,Clear,Not Collision with Motor Vehicle in Transport,no,no,no,no,yes,False
103249392,METROPOLITAN NASHVILLE POLICE DEPT,20220129269,Davidson,Not in City Limit,3/19/2022 10:02:00 PM,2,0,0,36.085440,-86.947830,I 40,,,,0.00,,,,,,,96.90,N,Not at Intersection,N,Non-Junction,None,,,         ,Christopher,Alceus,Clear,Front to Rear,no,no,no,no,yes,False
103249394,METROPOLITAN NASHVILLE POLICE DEPT,20220129423,Davidson,Nashville,3/19/2022 11:16:00 PM,3,0,0,36.130070,-86.900780,CHARLOTTE PKE,,,,0.00,,,CABOT DR,,,,0.00,Y,T-Intersection,N,Intersection,None,,,         ,Fady,Aziz,Clear,Front to Rear,no,no,no,no,yes,False
103249407,METROPOLITAN NASHVILLE POLICE DEPT,20220129651,Davidson,Nashville,3/20/2022 12:00:00 AM,1,0,0,36.049320,-86.870080,OLD HICKORY BLVD,,,,115.00,Feet,West,CHICKERING MEADOW,,,,0.00,N,Not at Intersection,N,Non-Junction,None,,,         ,Kyle,Lund,Clear,Not Collision with Motor Vehicle in Transport,no,no,no,no,yes,False
103249415,METROPOLITAN NASHVILLE POLICE DEPT,20220129670,Davidson,Nashville,3/20/2022 1:56:00 AM,2,2,0,36.045670,-86.707160,OLD HICKORY BLVD,,,,217.00,Feet,West,HICKORY VALLEY CONDOS PVTDR,,,,0.00,N,Not at Intersection,N,Non-Junction,None,,,         ,Eric,Laury,Clear,Front to Rear,no,no,no,no,yes,False
103249425,METROPOLITAN NASHVILLE POLICE DEPT,20220129763,Davidson,Nashville,3/20/2022 3:51:00 AM,2,0,0,36.079620,-86.726320,NOLENSVILLE PKE,,,,3.00,Feet,North,HARDING PL,,,,0.00,N,Not at Intersection,N,Non-Junction,None,,,         ,Sierra,Walker,Clear,Front to Rear,no,no,no,no,yes,False
103249426,METROPOLITAN NASHVILLE POLICE DEPT,20220129740,Davidson,Nashville,3/20/2022 12:00:00 AM,1,0,0,36.108640,-86.720260,I24 W EXT RAMP,,,,0.00,,East,I 24,,,,0.00,N,Not at Intersection,N,Entrance/Exit Ramp Related,None,,,         ,Jack,Burke,Clear,Not Collision with Motor Vehicle in Transport,no,no,no,no,yes,False
103249430,METROPOLITAN NASHVILLE POLICE DEPT,20220129747,Davidson,Nashville,3/20/2022 3:20:00 AM,2,3,0,36.161500,-86.784050,CHURCH ST,,,,46.00,Feet,West,US HWY 31,,,,0.00,N,Not at Intersection,N,Non-Junction,None,,,         ,Tre,Marlowe,Clear,Angle,no,no,no,no,no,False
103249441,METROPOLITAN NASHVILLE POLICE DEPT,20220129783,Davidson,Nashville,3/19/2022 10:20:00 PM,1,0,0,36.170260,-86.601000,I 40,,,,0.00,,,,,,,220.85,N,Not at Intersection, ,,None,,,         ,Patrick,Deau,,,no,no,no,no,no,False
103249476,METROPOLITAN NASHVILLE POLICE DEPT,20220129738,Davidson,Nashville,3/20/2022 2:43:00 AM,1,2,0,36.073660,-86.692580,I 24,,,,0.00,,,,,,,56.65,N,Not at Intersection,N,Non-Junction,None,,,         ,Michael,Overberg,Clear,Not Collision with Motor Vehicle in Transport,no,no,no,no,no,False
103249488,METROPOLITAN NASHVILLE POLICE DEPT,20220129732,Davidson,Nashville,3/20/2022 2:50:00 AM,2,0,0,36.155470,-86.790120,BROADWAY,,,,26.00,Feet,East,15TH AVS,,,,0.00,N,Not at Intersection,N,Non-Junction,None,,,         ,Kevin,Steiner,Clear,"Sideswipe, Same Direction",no,no,no,no,yes,False
103249489,METROPOLITAN NASHVILLE POLICE DEPT,20220129810,Davidson,Nashville,3/20/2022 4:54:00 AM,2,1,0,36.167150,-86.779610,3RD AVN,,,,0.00,,,JAMES ROBERTSON PKWY,,,,0.00,Y,Four-Way,N,Intersection,None,,,         ,Kevin,Steiner,Clear,Angle,no,no,no,no,no,False
103249496,METROPOLITAN NASHVILLE POLICE DEPT,20220129630,Davidson,Nashville,3/20/2022 12:00:00 AM,2,0,0,36.126490,-86.710840,MURFREESBORO PKE,,,,106.00,Feet,South,THOMPSON PL,,,,0.00,N,Not at Intersection, ,Non-Junction,None,,,         ,Timothy,Lehnert,Clear,Angle,no,no,no,no,yes,False
103249544,METROPOLITAN NASHVILLE POLICE DEPT,20220130035,Davidson,Nashville,3/20/2022 8:25:00 AM,2,0,0,36.192960,-86.616960,OLD HICKORY BLVD,,,,150.00,Feet,South,HERMITAGE MARKETPLACE PVTDR,,,,0.00,N,Not at Intersection,N,Non-Junction,None,,,         ,David,Kmosko,Clear,Front to Rear,no,no,no,no,no,False
103249562,METROPOLITAN NASHVILLE POLICE DEPT,20220130012,Davidson,Nashville,3/20/2022 1:50:00 AM,1,0,0,36.130320,-86.865310,HILLWOOD BLVD,,,,346.00,Feet,West,PRICE CIRCLE RD,,,,0.00,N,Not at Intersection,N,Non-Junction,None,,,         ,Allison,Zornes,Clear,Not Collision with Motor Vehicle in Transport,no,no,no,no,yes,False
103249563,METROPOLITAN NASHVILLE POLICE DEPT,20220130057,Davidson,Nashville,3/20/2022 8:30:00 AM,2,1,0,36.206090,-86.811020,OLD BUENA VISTA RD,,,,0.00,Feet,,W TRINITY LN,,,,0.00,Y,Four-Way,N,Intersection-Related,None,,,         ,Anthony,Butler,Clear,Front to Rear,no,no,no,no,no,False
103249596,METROPOLITAN NASHVILLE POLICE DEPT,20220130092,Davidson,Not in City Limit,3/20/2022 9:25:00 AM,3,0,0,36.079570,-86.953510,HIGHWAY 70S,,,,0.00,Feet,,COLEY DAVIS RD,,,,0.00,Y,Four-Way,N,Intersection,None,,,         ,Terence,Mitchell,Clear,Angle,no,no,no,no,no,False
103249662,METROPOLITAN NASHVILLE POLICE DEPT,20220130217,Davidson,Nashville,3/20/2022 11:28:00 AM,2,0,0,36.176450,-86.769720,I24 W EXT RAMP,,,,0.00,Feet,East,SPRING ST,,,,0.00,N,Not at Intersection, ,,None,,,         ,Jeffery,Leiser,,,no,no,no,no,no,False
103249720,METROPOLITAN NASHVILLE POLICE DEPT,20220130320,Davidson,Nashville,3/20/2022 12:40:00 PM,2,0,0,36.147990,-86.807860,ELLISTON PL,,,,60.00,Feet,South,REIDHURST AV,,,,0.00,N,Not at Intersection,N,Non-Junction,None,,,         ,Michael,Moss,Clear,Angle,no,no,no,yes,yes,Campus
103249724,METROPOLITAN NASHVILLE POLICE DEPT,20220130283,Davidson,Not in City Limit,3/20/2022 12:42:00 PM,2,1,0,36.263060,-86.712310,OLD HICKORY BLVDW,,,,0.00,,,,,,,0.00,,,N,Intersection-Related,None,,,         ,Patrick,McGinnis,Clear,Front to Rear,no,no,no,no,no,False
103249778,METROPOLITAN NASHVILLE POLICE DEPT,20220130313,Davidson,Nashville,3/20/2022 1:02:00 PM,2,2,0,36.144230,-86.690890,I40 W EXT RAMP,,,,0.00,Feet,East,I 40,,,,0.00,N,Not at Intersection,N,Non-Junction,None,,,         ,Ryan,Sherry,Clear,"Sideswipe, Same Direction",no,no,no,no,no,False
103249782,METROPOLITAN NASHVILLE POLICE DEPT,20220130314,Davidson,Nashville,3/20/2022 1:15:00 PM,3,0,0,36.167080,-86.765240,I 24,,,,0.00,,,,,,,48.90,N,Not at Intersection,N,Non-Junction,None,,,         ,Scott,Edwards,Clear,Front to Rear,no,no,no,no,no,False
103249793,METROPOLITAN NASHVILLE POLICE DEPT,20220130311,Davidson,Nashville,3/20/2022 1:16:00 PM,2,2,0,36.148840,-86.762470,WHARF AV,,,,0.00,,,CHARLES E DAVIS BLVD,,,,0.00,Y,Four-Way,N,Intersection,None,,,         ,Cameron,Fritschie,Clear,Angle,no,no,no,no,yes,False
103249813,METROPOLITAN NASHVILLE POLICE DEPT,20220130310,Davidson,Nashville,3/20/2022 1:10:00 PM,2,0,0,36.189140,-86.627970,LEBANON PKE,,,,518.00,Feet,East,HICKORY HILL LN,,,,0.00,N,Not at Intersection,N,"Driveway, Alley Access, etc",None,,,         ,Zachariah,Souza,Clear,Front to Rear,no,no,no,no,no,False
103249827,METROPOLITAN NASHVILLE POLICE DEPT,20220130376,Davidson,Nashville,3/20/2022 12:00:00 AM,2,0,0,36.167890,-86.777960,JAMES ROBERTSON PKWY,,,,0.00,Feet,East,PUBLIC SQ,,,,0.00,N,Not at Intersection,N,Non-Junction,None,,,         ,Clayton,Smith,Clear,"Sideswipe, Same Direction",no,no,no,no,yes,False
103249829,METROPOLITAN NASHVILLE POLICE DEPT,20220130357,Davidson,Nashville,3/20/2022 1:55:00 PM,2,0,0,36.199410,-86.776540,I 65,,,,0.00,,,,,,,86.80,N,Not at Intersection, ,Non-Junction,None,,,         ,Chase,Harriman,Clear,"Sideswipe, Same Direction",no,no,no,no,no,False
103249830,METROPOLITAN NASHVILLE POLICE DEPT,20220130309,Davidson,Nashville,3/20/2022 1:12:00 PM,1,0,0,36.121620,-86.910370,I 40,,,,0.00,,,,,,,200.20,N,Not at Intersection, ,Non-Junction,Maintenance Zone,,,         ,Jack,Crouch,Clear,Not Collision with Motor Vehicle in Transport,no,no,no,no,no,False
103249846,METROPOLITAN NASHVILLE POLICE DEPT,20220130343,Davidson,Nashville,3/20/2022 1:50:00 PM,4,2,0,36.165940,-86.764320,I 24,,,,0.00,,,,,,,49.00,N,Not at Intersection,N,Non-Junction,None,,,         ,Jason,Milyaro Lucas,Clear,Front to Rear,no,no,no,no,yes,False
103249848,METROPOLITAN NASHVILLE POLICE DEPT,20220130374,Davidson,Nashville,3/20/2022 2:05:00 PM,2,2,0,36.172850,-86.765350,SPRING ST,,,,3.00,Feet,North,MAIN ST,,,,0.00,N,Not at Intersection,N,Non-Junction,None,,,         ,Goran,Manojlovic,Clear,Angle,no,no,no,no,no,False
103249856,METROPOLITAN NASHVILLE POLICE DEPT,20220130354,Davidson,Not in City Limit,3/20/2022 1:55:00 PM,2,0,0,36.074410,-86.976900,I 40,,,,0.00,,,,,,,195.00,N,Not at Intersection,N,OtherLocation,None,,,         ,Allison,Zornes,Clear,"Sideswipe, Same Direction",no,no,no,no,yes,False
103249857,METROPOLITAN NASHVILLE POLICE DEPT,20220130351,Davidson,Nashville,3/20/2022 1:59:00 PM,2,1,0,36.154960,-86.665270,LAKELAND DR,,,,0.00,,,DONELSON PKE,,,,0.00,Y,Four-Way,N,Intersection,None,,,         ,Brian,Ritz,Clear,"Sideswipe, Opposite Direction",no,no,no,no,no,False
103249860,METROPOLITAN NASHVILLE POLICE DEPT,20220130396,Davidson,Nashville,3/20/2022 3:31:00 PM,2,0,0,36.168170,-86.765730,I 24,,,,0.00,,,,,,,48.80,N,Not at Intersection, ,,None,,,         ,Jason,Milyaro Lucas,,,no,no,no,no,no,False
103249876,METROPOLITAN NASHVILLE POLICE DEPT,20220129580,Davidson,Nashville,3/20/2022 12:37:00 AM,1,0,0,36.134630,-86.723110,MURFREESBORO PKE,,,,0.00,,,,,,,0.00,,Not at Intersection,N,Non-Junction,None,,,         ,Robert,Marquez,Clear,Not Collision with Motor Vehicle in Transport,no,no,no,yes,no,False
103249881,METROPOLITAN NASHVILLE POLICE DEPT,20220130401,Davidson,Nashville,3/20/2022 3:06:00 PM,2,4,0,36.112640,-86.921860,I40 W EXT RAMP,,,,0.00,Feet,East,I 40,,,,0.00,N,Not at Intersection,N,Non-Junction,None,,,         ,Jared,Dick,Clear,Front to Rear,no,no,no,no,no,False
103249883,METROPOLITAN NASHVILLE POLICE DEPT,20220130370,Davidson,Nashville,3/20/2022 2:14:00 PM,3,0,0,36.059720,-86.670990,HICKORY HOLLOW PKWY,,,,0.00,,,UNA ANTIOCH PKE,,,,0.00,Y,T-Intersection, ,Intersection-Related,None,,,         ,Darrin,Hardin,Clear,Angle,no,no,no,no,no,False
103249890,METROPOLITAN NASHVILLE POLICE DEPT,20220130392,Davidson,Nashville,3/20/2022 2:28:00 PM,2,0,0,36.110390,-86.766920,POWELL AV,,,,216.00,Feet,South,OLD POWELL AV,,,,0.00,N,Not at Intersection, ,,None,,,         ,Ryan,Coll,,,no,no,no,no,no,False
103249904,METROPOLITAN NASHVILLE POLICE DEPT,20220130421,Davidson,Nashville,3/20/2022 3:19:00 PM,2,0,0,36.182650,-86.797850,I65 N EXT RAMP,,,,60.00,Feet,North,I 65,,,,0.00,N,Not at Intersection,Y,Entrance/Exit Ramp Related,None,,,         ,Kaitlyn,Powell,Clear,Front to Rear,no,no,no,no,no,False
103249976,METROPOLITAN NASHVILLE POLICE DEPT,20220130471,Davidson,Not in City Limit,3/20/2022 3:46:00 PM,2,0,0,36.269860,-86.736480,I 65,,,,0.00,,,,,,,92.60,N,Not at Intersection, ,Non-Junction,None,,,         ,Wesley,Carver,Clear,"Sideswipe, Same Direction",no,no,no,no,no,False
103249981,METROPOLITAN NASHVILLE POLICE DEPT,20220130442,Davidson,Nashville,3/20/2022 3:00:00 PM,2,0,0,36.075660,-86.647800,DOVER GLEN DR,,,,0.00,,,EDGE O LAKE DR,,,,0.00,Y,Four-Way,N,Intersection,None,,,         ,John,Braun,Clear,Angle,no,no,no,no,no,False
103250002,METROPOLITAN NASHVILLE POLICE DEPT,20220130566,Davidson,Nashville,3/20/2022 5:29:00 PM,1,1,0,36.228900,-86.759360,DICKERSON PKE,,,,173.00,Feet,South,BROADMOOR DR,,,,0.00,N,Not at Intersection,N,Non-Junction,None,,,         ,Zachary,Triano,Clear,Not Collision with Motor Vehicle in Transport,yes,no,no,no,no,False
103250027,METROPOLITAN NASHVILLE POLICE DEPT,20220130484,Davidson,Nashville,3/20/2022 3:50:00 PM,2,1,0,36.078560,-86.660390,PICCADILLY ROW,,,,427.00,Feet,West,BISHOPSGATE RD,,,,0.00,N,Not at Intersection,N,Non-Junction,None,,,         ,Michael,Raash,Clear,Angle,no,no,no,no,no,False
103250041,METROPOLITAN NASHVILLE POLICE DEPT,20220130584,Davidson,Nashville,3/20/2022 5:41:00 PM,1,0,0,36.045370,-86.713260,OLD HICKORY BLVD,,,,0.00,Feet,,NOLENSVILLE PKE,,,,0.00,Y,Four-Way, ,Intersection,None,,,         ,David,Harms,Clear,Not Collision with Motor Vehicle in Transport,no,yes,no,no,no,False
103250043,METROPOLITAN NASHVILLE POLICE DEPT,20220130688,Davidson,Nashville,3/20/2022 7:01:00 PM,3,4,0,36.158850,-86.845060,MICHIGAN AV,,,,0.00,,,48TH AVN,,,,0.00,Y,Four-Way,N,Intersection,None,,,         ,Jared,Dick,Clear,Angle,no,no,no,no,no,False
103250049,METROPOLITAN NASHVILLE POLICE DEPT,20220130591,Davidson,Madison,3/20/2022 4:32:00 PM,2,0,0,36.298710,-86.712720,I 65,,,,0.00,,,,,,,95.00,N,Not at Intersection,N,Non-Junction,None,,,         ,Wesley,Carver,Clear,"Sideswipe, Same Direction",no,no,no,no,yes,False
103250053,METROPOLITAN NASHVILLE POLICE DEPT,20220130725,Davidson,Nashville,3/20/2022 7:30:00 PM,1,1,0,36.167950,-86.815500,I40 W EXT RAMP,,,,0.00,Feet,East,I 40,,,,0.00,N,Not at Intersection,N,Non-Junction,None,,,         ,Dylan,Ramos,Cloudy,Not Collision with Motor Vehicle in Transport,no,no,no,no,no,False
103250056,BERRY HILL POLICE DEPT,22-0751,Davidson,Berry Hill,3/20/2022 6:17:00 PM,2,2,0,36.120090,-86.775010,FRANKLIN PKE,,,,0.00,,,GALE LN,,,,0.00,Y,T-Intersection,N,Intersection,None,,,         ,Dawn,Thornsberry,Clear,Angle,no,no,no,no,no,False
103250058,METROPOLITAN NASHVILLE POLICE DEPT,20220130651,Davidson,Nashville,3/20/2022 6:30:00 PM,2,0,0,36.136750,-86.799460,BELCOURT AV,,,,0.00,,,20TH AVS,,,,0.00,Y,T-Intersection, ,,None,,,         ,Charles,Pytlewski,,,no,no,no,no,no,False
103250082,METROPOLITAN NASHVILLE POLICE DEPT,20220130630,Davidson,Nashville,3/20/2022 6:18:00 PM,1,0,0,36.221470,-86.871040,BRILEY PKWYN,,,,395.00,Feet,North,BRILEY PKWYS,,,,0.00,N,Not at Intersection,N,Non-Junction,None,,,         ,Scarlett,Collins,Clear,Not Collision with Motor Vehicle in Transport,no,no,no,no,no,False
103250102,WILLIAMSON CO SHERIFFS OFFICE,226054,Davidson,Not in City Limit,3/20/2022 12:00:00 AM,2,0,0,36.022020,-86.875710,SUNNYSIDE DR,,,,0.00,,,SUNNYSIDE CT,,,,0.00,Y,T-Intersection,Y,Intersection-Related,None,,,         ,Harry,Bellinger,Clear,Rear to Side,no,no,no,no,no,False
103250115,METROPOLITAN NASHVILLE POLICE DEPT,20220130588,Davidson,Nashville,3/20/2022 4:56:00 PM,2,0,0,36.141680,-86.840390,45TH AVN,,,,243.00,Feet,South,COLORADO AV,,,,0.00,N,Not at Intersection, ,,None,,,         ,Robert,Higgins,,,no,no,no,no,no,False
103250116,METROPOLITAN NASHVILLE POLICE DEPT,20220130643,Davidson,Not in City Limit,3/20/2022 6:27:00 PM,2,1,0,36.078020,-86.949070,HIGHWAY 70S,,,,0.00,,,BELLEVUE CTR PVTDR,,,,0.00,Y,Four-Way,N,Intersection,None,,,         ,Robert,Higgins,Clear,Front to Rear,no,no,no,no,no,False
103250122,METROPOLITAN NASHVILLE POLICE DEPT,20220130742,Davidson,Nashville,3/20/2022 7:50:00 PM,2,1,0,36.187070,-86.769450,CLEVELAND ST,,,,0.00,Feet,,STOCKELL ST,,,,0.00,Y,Four-Way,N,Intersection,None,,,         ,Justen,Ogle,Clear,Angle,no,no,no,no,no,False
103250148,METROPOLITAN NASHVILLE POLICE DEPT,20220130552,Davidson,Nashville,3/20/2022 5:00:00 PM,3,2,0,36.055300,-86.677450,SHIHMEN DR,,,,157.00,Feet,South,TOMARAND CT,,,,0.00,N,Not at Intersection,N,Non-Junction,None,,,         ,John,Braun,Clear,Not Collision with Motor Vehicle in Transport,no,no,no,no,no,False
103250168,METROPOLITAN NASHVILLE POLICE DEPT,20220130694,Davidson,Nashville,3/20/2022 6:08:00 PM,2,0,0,36.155330,-86.761580,I40 W ENT RAMP,,,,0.00,Feet,East,I 40,,,,0.00,N,Not at Intersection, ,Non-Junction,None,,,         ,Zachary,Cooper,Clear,"Sideswipe, Same Direction",no,no,no,no,yes,False
103250172,METROPOLITAN NASHVILLE POLICE DEPT,20220130813,Davidson,Nashville,3/20/2022 8:00:00 PM,2,0,0,36.179650,-86.810860,DR D B TODD JR BLVD,,,,65.00,Feet,North,17TH AVN,,,,0.00,N,Not at Intersection,N,"Driveway, Alley Access, etc",None,,,         ,Dylan,Ramos,Cloudy,Angle,no,no,no,yes,yes,False
103250173,METROPOLITAN NASHVILLE POLICE DEPT,20220130936,Davidson,Not in City Limit,3/20/2022 7:35:00 PM,2,0,0,36.326490,-86.869150,US HWY 431,,,,0.00,,,RAMP,,,,0.00,Y,T-Intersection,N,Non-Junction,None,,,         ,Austin,Bowles,Clear,Rear to Side,no,no,no,yes,yes,False
103250174,METROPOLITAN NASHVILLE POLICE DEPT,20220130795,Davidson,Nashville,3/20/2022 6:58:00 PM,2,0,0,36.161680,-86.776060,3RD AVN,,,,60.00,Feet,North,BROADWAY,,,,0.00,N,Not at Intersection, ,,None,,,         ,Kency,Le,,,no,no,no,no,no,False