master_record_number,agency,agency_tracking_number,county,city,collision_date,vehicles_involved,number_injured,number_dead,latitude,longitude,roadway_name,roadway_suffix,roadway_number,roadway_local_id,distance_from_reference,miles-feet_indicator,direction_from_reference,intersection_road_name,intersection_road_name_suffix,intersection_road_number,intersection_local_id,mile_marker,intersection_indicator,intersect_type,interchange_related_indicator,relation_to_junction,work_zone_type,construction_maintenance_zone,construction_maintenance_zone_location,fatal_case_number,officer_first_name,officer_last_name,weather_condition(s),manner_of_crash,pedestrian,bicycle,scooter,parking,hitrun,mou
103252822,METROPOLITAN NASHVILLE POLICE DEPT,20220137071,Davidson,Nashville,3/23/2022 6:30:00 PM,2,0,0,36.233570,-86.724820,GALLATIN PKE,,,,3.00,Feet,North,JOYCE LN,,,,0.00,N,Not at Intersection, ,Non-Junction,None,,,         ,Kelsey,Hemminger,Clear,Front to Rear,no,no,no,no,no,False
103252823,METROPOLITAN NASHVILLE POLICE DEPT,20220137085,Davidson,Nashville,3/23/2022 7:00:00 PM,2,0,0,36.095910,-86.655270,MURFREESBORO PKE,,,,137.00,Feet,East,RICE AV,,,,0.00,N,Not at Intersection,N,Non-Junction,None,,,         ,Amgad,Bekhit,Cloudy,"Sideswipe, Opposite Direction",no,no,no,no,yes,False
103252824,METROPOLITAN NASHVILLE POLICE DEPT,20220136640,Davidson,Nashville,3/23/2022 2:21:00 PM,2,4,0,36.099710,-86.661080,MURFREESBORO PKE,,,,642.00,Feet,West,OLD MURFREESBORO PKE,,,,0.00,N,Not at Intersection,N,Non-Junction,None,,,         ,Russell,Ward,Clear,Angle,no,no,no,no,no,False
103252832,METROPOLITAN NASHVILLE POLICE DEPT,20220137122,Davidson,Nashville,3/23/2022 7:23:00 PM,1,0,0,36.026670,-86.680650,OLD HICKORY BLVD,,,,101.00,Feet,South,PETTUS RD,,,,0.00,N,Not at Intersection, ,Non-Junction,None,,,         ,Brian,Sherman,Clear,Not Collision with Motor Vehicle in Transport,no,no,no,no,no,False
103252840,METROPOLITAN NASHVILLE POLICE DEPT,20220137155,Davidson,Nashville,3/23/2022 7:37:00 PM,2,0,0,36.233560,-86.724820,GALLATIN PKE,,,,0.00,,,JOYCE LN,,,,0.00,Y,Four-Way, ,Intersection,None,,,         ,Cooper,HIll,Clear,"Sideswipe, Same Direction",no,no,no,no,no,False
103252848,METROPOLITAN NASHVILLE POLICE DEPT,42071013,Davidson,Not in City Limit,3/23/2022 7:50:00 PM,2,0,0,36.265590,-86.759550,THACKERY DR,,,,525.00,Feet,South,DARBYTOWN DR,,,,0.00,N,Not at Intersection, ,Non-Junction,None,,,         ,Kyle,Eicholtz,Cloudy,Rear to Side,no,no,no,no,no,False
103252873,METROPOLITAN NASHVILLE POLICE DEPT,20220137124,Davidson,Nashville,3/23/2022 7:41:00 PM,2,3,0,36.153400,-86.800840,20TH AVN,,,,0.00,,,CHURCH ST,,,,0.00,Y,Four-Way,Y,Intersection-Related,None,,,         ,Dakota,Davis,Clear,Angle,no,no,no,no,no,Campus
103252874,METROPOLITAN NASHVILLE POLICE DEPT,20220137022,Davidson,Nashville,3/23/2022 1:36:00 PM,2,0,0,36.093390,-86.640580,LONGHUNTER LN,,,,3.00,Feet,North,LONGHUNTER CT,,,,0.00,N,Not at Intersection,N,Non-Junction,None,,,         ,Evan,Grace,Cloudy,"Sideswipe, Same Direction",no,no,no,no,yes,False
103252896,METROPOLITAN NASHVILLE POLICE DEPT,20220137043,Davidson,Nashville,3/23/2022 4:42:00 PM,2,0,0,36.107570,-86.676320,MURFREESBORO PKE,,,,0.00,,,,,,,0.00,,,N,Non-Junction,None,,,         ,Amgad,Bekhit,Cloudy,Front to Rear,no,no,no,no,yes,False
103252992,METROPOLITAN NASHVILLE POLICE DEPT,20220137108,Davidson,Nashville,3/23/2022 7:29:00 PM,2,0,0,36.077898,-86.607131,3627 COUNTRY WAY,RD,,,0.00,,,ANDERSON,RD,,,0.00,Y,Four-Way,N,Intersection-Related,None,,,         ,Douglas,Mann,Clear,Angle,no,no,no,no,no,False
103252999,METROPOLITAN NASHVILLE POLICE DEPT,20220137239,Davidson,Nashville,3/23/2022 12:00:00 AM,2,0,0,36.236770,-86.728430,BRILEY PKWYW,,,,353.00,Feet,West,BRILEY PKWY W ENT RAMP,,,,0.00,N,Not at Intersection, ,Non-Junction,None,,,         ,Thomas,Denenea,Clear,"Sideswipe, Same Direction",no,no,no,no,yes,False
103253040,METROPOLITAN NASHVILLE POLICE DEPT,20220137441,Davidson,Nashville,3/23/2022 10:50:00 PM,1,0,0,36.082550,-86.652400,PICCADILLY ROW,,,,0.00,Feet,East,ORCHARD MOUNTAIN CT,,,,0.00,N,Not at Intersection,N,Non-Junction,None,,,         ,Eric,Laury,Clear,Not Collision with Motor Vehicle in Transport,no,no,no,no,yes,False
103253042,METROPOLITAN NASHVILLE POLICE DEPT,20220136956,Davidson,Nashville,3/23/2022 5:18:00 PM,2,2,0,36.134010,-86.758950,NOLENSVILLE PKE,,,,0.00,,,CRAIGHEAD ST,,,,0.00,Y,T-Intersection,N,Non-Junction,None,,,         ,Brady,Reynolds,Cloudy,Angle,no,no,no,no,no,False
103253048,GOODLETTSVILLE POLICE DEPT,22-08996,Davidson,Goodlettsville,3/23/2022 10:01:00 PM,1,1,0,36.320910,-86.703770,I 65,,,,0.00,,,,,,,96.75,N,Not at Intersection,N,Non-Junction,None,,,         ,Austin,Herendeen,Cloudy,Not Collision with Motor Vehicle in Transport,no,no,no,no,no,False
103253057,METROPOLITAN NASHVILLE POLICE DEPT,20220137496,Davidson,Nashville,3/23/2022 11:15:00 PM,1,1,0,36.072680,-86.635900,BELL RD,,,,307.00,Feet,North,MURFREESBORO PKE,,,,0.00,N,Not at Intersection,N,Non-Junction,None,,,         ,Douglas,Meringer,Cloudy,Not Collision with Motor Vehicle in Transport,yes,no,no,no,no,False
103253064,Nashville Airport Police,2022-01005,Davidson,Nashville,3/18/2022 3:52:00 AM,1,1,0,36.127390,-86.695820,BRILEY PKWY,,,,61.00,Feet,North,INTERNATIONAL PLZ,,,,0.00,N,Not at Intersection,N,Non-Junction,None,,,         ,Ahscari,Valencia,Clear,Not Collision with Motor Vehicle in Transport,no,no,no,no,no,False
103253077,METROPOLITAN NASHVILLE POLICE DEPT,20220137584,Davidson,Nashville,3/24/2022 12:03:00 AM,1,0,0,36.143990,-86.697830,BRILEY PKWYS,,,,126.00,Feet,North,I40 E ENT RAMP,,,,0.00,N,Not at Intersection, ,Non-Junction,None,,,         ,Corey,Ethridge,Clear,Not Collision with Motor Vehicle in Transport,no,no,no,no,no,False
103253078,METROPOLITAN NASHVILLE POLICE DEPT,20220137690,Davidson,Nashville,3/24/2022 12:00:00 AM,1,0,0,36.099410,-86.764170,I 65,,,,0.00,,,,,,,79.00,N,Not at Intersection,N,Non-Junction,None,,,         ,Clayton,Cox,Clear,Not Collision with Motor Vehicle in Transport,no,no,no,no,yes,False
103253096,METROPOLITAN NASHVILLE POLICE DEPT,20220136767,Davidson,Nashville,3/23/2022 12:00:00 AM,2,1,0,36.149260,-86.764570,LAFAYETTE ST,,,,0.00,,,,,,,0.00,,,N,Non-Junction,None,,,         ,Joshua,Belk,Unknown,"Sideswipe, Opposite Direction",no,no,no,yes,yes,False
103253155,METROPOLITAN NASHVILLE POLICE DEPT,20220137892,Davidson,Nashville,3/24/2022 12:00:00 AM,2,0,0,36.143230,-86.744290,FESSLERS LN,,,,161.00,Feet,North,MURFREESBORO PKE,,,,0.00,N,Not at Intersection,N,Non-Junction,None,,,         ,Jacob,Snyder,Cloudy,Angle,no,no,no,no,yes,False
103253157,BELLE MEADE POLICE DEPT,220066,Davidson,Belle Meade,3/23/2022 5:15:00 PM,2,0,0,36.098370,-86.856900,IROQUOIS AVE,,,,0.00,,,BELLE MEADE BLVD,,,,0.00,Y,OTHER,N,Non-Junction,None,,,         ,Michael,Germany,Cloudy,Angle,no,no,no,no,no,False
103253158,METROPOLITAN NASHVILLE POLICE DEPT,20220137899,Davidson,Nashville,3/24/2022 5:27:00 AM,1,0,0,36.132680,-86.719850,MURFREESBORO PKE,,,,178.00,Feet,West,WILHAGAN RD,,,,0.00,N,Not at Intersection,N,Non-Junction,None,,,         ,Corey,Ethridge,Clear,Unknown,no,no,no,no,yes,False
103253170,METROPOLITAN NASHVILLE POLICE DEPT,20220137619,Davidson,Nashville,3/24/2022 12:30:00 AM,1,1,0,36.168170,-86.757240,S 7TH ST,,,,0.00,Feet,East,SYLVAN ST,,,,0.00,N,Not at Intersection,N,Non-Junction,None,,,         ,Ronald,Conner,Clear,Not Collision with Motor Vehicle in Transport,yes,no,no,no,yes,False
103253172,METROPOLITAN NASHVILLE POLICE DEPT,20220137910,Davidson,Nashville,3/24/2022 12:00:00 AM,2,2,0,36.251920,-86.717690,W WEBSTER ST,,,,1.00,Feet,West,E WEBSTER ST,,,,0.00,N,Not at Intersection,N,Non-Junction,None,,,         ,Zachary,Smith,Clear,Angle,no,no,no,no,no,False
103253183,METROPOLITAN NASHVILLE POLICE DEPT,20220137919,Davidson,Nashville,3/24/2022 5:55:00 AM,2,0,0,36.171430,-86.769040,JAMES ROBERTSON PKWY,,,,0.00,,,INTERSTATE DR,,,,0.00,Y,OTHER,N,Intersection-Related,None,,,         ,Clayton,Lewis,Clear,Angle,no,no,no,no,no,False
103253204,METROPOLITAN NASHVILLE POLICE DEPT,20220137847,Davidson,Nashville,3/24/2022 12:00:00 AM,1,0,0,36.227290,-86.805500,KNIGHT DR,,,,1049.00,Feet,West,WHITES CREEK PKE,,,,0.00,N,Not at Intersection,N,Non-Junction,None,,,         ,Hunter,Levan,Clear,Not Collision with Motor Vehicle in Transport,no,no,no,no,no,False
103253207,METROPOLITAN NASHVILLE POLICE DEPT,20220137512,Davidson,Not in City Limit,3/23/2022 10:35:00 PM,2,0,0,36.084080,-86.945400,WESTFIELD DR,,,,429.00,Feet,West,SAWYER BROWN RD,,,,0.00,N,Not at Intersection,N,Non-Junction,Construction Zone,,,         ,Christopher,Alceus,Clear,Unknown,no,no,no,yes,yes,False
103253215,METROPOLITAN NASHVILLE POLICE DEPT,20220137886,Davidson,Nashville,3/24/2022 4:56:00 AM,2,0,0,36.042850,-86.606550,MURFREESBORO PKE,,,,0.00,Feet,,HOBSON PKE,,,,0.00,Y,Four-Way,Y,Intersection,None,,,         ,Gary,Sneed,Clear,Angle,no,no,no,no,yes,False
103253223,METROPOLITAN NASHVILLE POLICE DEPT,20220138058,Davidson,Nashville,3/24/2022 7:28:00 AM,2,1,0,36.090020,-86.809930,HARDING PL,,,,0.00,,,SHYS HILL RD,,,,0.00,Y,Four-Way,N,Intersection,None,,,         ,Justin,Pinkelton,Clear,Angle,no,no,no,no,no,False
103253234,METROPOLITAN NASHVILLE POLICE DEPT,20220138105,Davidson,Nashville,3/24/2022 8:05:00 AM,2,1,0,36.092840,-86.842920,HARDING PL,,,,777.00,Feet,East,BEACON DR,,,,0.00,N,Not at Intersection,N,Non-Junction,None,,,         ,Douglas,Atwood,Clear,Front to Rear,no,no,no,no,no,False
103253241,METROPOLITAN NASHVILLE POLICE DEPT,20220138109,Davidson,Nashville,3/24/2022 8:06:00 AM,2,0,0,36.152680,-86.766120,I 40,,,,0.00,,,,,,,210.60,N,Not at Intersection, ,Non-Junction,None,,,         ,Rachael,Robinson,Clear,Front to Rear,no,no,no,no,no,False
103253249,METROPOLITAN NASHVILLE POLICE DEPT,20220138000,Davidson,Nashville,3/24/2022 6:55:00 AM,2,2,0,36.086520,-86.691520,ANTIOCH PKE,,,,387.00,Feet,South,HARDING PL,,,,0.00,N,Not at Intersection,Y,Non-Junction,None,,,         ,David,Rehm,Cloudy,Angle,no,no,no,no,no,False
103253255,METROPOLITAN NASHVILLE POLICE DEPT,20220138135,Davidson,Nashville,3/24/2022 8:20:00 AM,1,0,0,36.172090,-86.800590,I 40,,,,0.00,,,,,,,207.80,N,Not at Intersection,N,Non-Junction,None,,,         ,Billy,Price,Clear,Not Collision with Motor Vehicle in Transport,no,no,no,no,no,False
103253257,METROPOLITAN NASHVILLE POLICE DEPT,20220138084,Davidson,Nashville,3/24/2022 7:45:00 AM,3,0,0,36.187390,-86.772890,CLEVELAND ST,,,,137.00,Feet,East,DICKERSON PKE,,,,0.00,N,Not at Intersection,N,Non-Junction,None,,,         ,Ian,Wilson,Clear,Angle,no,no,no,no,no,False
103253262,METROPOLITAN NASHVILLE POLICE DEPT,20220138043,Davidson,Nashville,3/24/2022 7:17:00 AM,2,0,0,36.242400,-86.756970,DICKERSON PKE,,,,161.00,Feet,North,DICKERSON PKE ENT RAMP,,,,0.00,N,Not at Intersection, ,,None,,,         ,Christopher,Littles,,,no,no,no,no,no,False
103253276,METROPOLITAN NASHVILLE POLICE DEPT,20220138053,Davidson,Nashville,3/24/2022 7:26:00 AM,2,0,0,36.089650,-86.806020,HARDING PL,,,,0.00,Feet,,BELMONT PARK TER,,,,0.00,Y,Four-Way, ,Intersection-Related,None,,,         ,Scott,St. John,Clear,Angle,no,no,no,no,no,False
103253292,METROPOLITAN NASHVILLE POLICE DEPT,20220134479,Davidson,Nashville,3/22/2022 2:10:00 PM,4,1,0,36.138030,-86.805050,BLAKEMORE AV,,,,0.00,Feet,East,24TH AVS,,,,0.00,N,Not at Intersection,Y,Non-Junction,None,,,         ,Cherell,Kinchloe,Clear,Front to Rear,no,no,no,no,no,Campus
103253301,METROPOLITAN NASHVILLE POLICE DEPT,20220138379,Davidson,Nashville,3/24/2022 10:20:00 AM,2,0,0,36.191520,-86.767450,MERIDIAN ST,,,,202.00,Feet,South,RICHARDSON AV,,,,0.00,N,Not at Intersection,N,Non-Junction,None,,,         ,Ian,Wilson,Clear,"Sideswipe, Same Direction",no,no,no,no,yes,False
103253304,METROPOLITAN NASHVILLE POLICE DEPT,20220138349,Davidson,Nashville,3/24/2022 10:06:00 AM,2,1,0,36.068590,-86.623730,OWENDALE DR,,,,0.00,,,KINWOOD DR,,,,0.00,Y,Four-Way,N,Intersection,None,,,         ,Darrin,Hardin,Cloudy,Angle,no,no,no,no,no,False
103253314,METROPOLITAN NASHVILLE POLICE DEPT,20220138260,Davidson,Not in City Limit,3/24/2022 9:10:00 AM,2,1,0,36.299400,-86.811640,I 24,,,,0.00,,,,,,,38.75,N,Not at Intersection,N,Non-Junction,None,,,         ,Jeanine,Sarno,Clear,"Sideswipe, Same Direction",no,no,no,no,no,False
103253335,METROPOLITAN NASHVILLE POLICE DEPT,20220138136,Davidson,Nashville,3/24/2022 8:24:00 AM,2,1,0,36.088700,-86.795320,BATTERY LN,,,,249.00,Feet,East,PADDOCK PK,,,,0.00,N,Not at Intersection,N,Non-Junction,None,,,         ,Scott,St. John,Clear,Front to Rear,no,no,no,no,no,False
103253346,METROPOLITAN NASHVILLE POLICE DEPT,20220138461,Davidson,Nashville,3/24/2022 11:20:00 AM,2,0,0,36.151250,-86.794320,DIVISION ST,,,,0.00,,,18TH AVS,,,,0.00,Y,T-Intersection, ,Intersection-Related,None,,,         ,Lee,Davis,Cloudy,HeadOn,no,no,no,no,no,False
103253355,METROPOLITAN NASHVILLE POLICE DEPT,20220138395,Davidson,Nashville,3/24/2022 10:45:00 AM,2,0,0,36.153670,-86.845770,I 40,,,,0.00,,,,,,,204.55,N,Not at Intersection, ,Non-Junction,None,,,         ,George,Spencer,Clear,Front to Rear,no,no,no,no,no,False
103253363,METROPOLITAN NASHVILLE POLICE DEPT,20220138530,Davidson,Nashville,3/24/2022 12:08:00 PM,2,0,0,36.150430,-86.798590,20TH AVS,,,,0.00,Feet,East,TERRACE PL,,,,0.00,N,Not at Intersection, ,OtherLocation,None,,,         ,Megan,Lamon,Clear,Unknown,no,no,no,yes,yes,Campus
103253371,METROPOLITAN NASHVILLE POLICE DEPT,20220138066,Davidson,Antioch,3/24/2022 7:35:00 AM,2,1,0,36.047840,-86.612050,MURFREESBORO PKE,,,,1284.00,Feet,North,MOUNTAIN SPRINGS RD,,,,0.00,N,Not at Intersection,N,Non-Junction,None,,,         ,Mitchell,Bazzano,Clear,Front to Rear,no,no,no,no,no,False
103253381,METROPOLITAN NASHVILLE POLICE DEPT,20220138481,Davidson,Not in City Limit,3/24/2022 11:30:00 AM,2,0,0,36.085250,-86.947800,I 40,,,,0.00,,,,,,,96.90,N,Not at Intersection, ,Non-Junction,None,,,         ,Wesley,Tilley,Clear,Front to Rear,no,no,no,no,no,False
103253384,METROPOLITAN NASHVILLE POLICE DEPT,20220138535,Davidson,Nashville,3/24/2022 11:54:00 AM,2,0,0,36.167960,-86.815500,I 40,,,,0.00,,,,,,,206.80,N,Not at Intersection, ,,None,,,         ,Billy,Price,,,no,no,no,no,no,False
103253462,METROPOLITAN NASHVILLE POLICE DEPT,20220138615,Davidson,Nashville,3/24/2022 12:25:00 PM,2,0,0,36.150310,-86.857920,WHITE BRIDGE PKE,,,,59.00,Feet,North,CHARLOTTE PKE,,,,0.00,N,Not at Intersection, ,Non-Junction,None,,,         ,Douglas,Atwood,Cloudy,"Sideswipe, Same Direction",no,no,no,no,no,False
103253468,THP District 3 - Nashville,322021775,Davidson,Nashville,3/24/2022 10:46:00 AM,2,1,0,36.033250,-86.783260,I 65,,,,0.00,,,,,,,74.20,N,Not at Intersection,N,Non-Junction,None,,,         ,Joseph,Whitmarsh,Clear,Front to Rear,no,no,no,no,no,False
103253544,METROPOLITAN NASHVILLE POLICE DEPT,20220138556,Davidson,Nashville,3/24/2022 12:23:00 PM,2,1,0,36.126700,-86.711090,MURFREESBORO PKE,,,,0.00,,,THOMPSON PL,,,,0.00,Y,Four-Way,N,Intersection-Related,None,,,         ,Alex,Moore,Clear,Front to Rear,no,no,no,no,no,False
103253550,GOODLETTSVILLE POLICE DEPT,22-09035,Davidson,Goodlettsville,3/24/2022 12:22:00 PM,2,0,0,36.305110,-86.705320,VIETNAM VETERANS BLVDS,,,,24.00,Feet,West,VIETNAM VETERANS BLVD SB ENT R,,,,0.00,N,Not at Intersection, ,Entrance/Exit Ramp Related,None,,,         ,Benny,Alexander,Clear,"Sideswipe, Same Direction",no,no,no,no,no,False
103253567,METROPOLITAN NASHVILLE POLICE DEPT,20220138685,Davidson,Nashville,3/24/2022 12:50:00 PM,2,0,0,36.152450,-86.851160,53RD AVN,,,,187.00,Feet,South,ALABAMA AV,,,,0.00,N,Not at Intersection, ,Non-Junction,None,,,         ,Allison,Zornes,Clear,Angle,no,no,no,no,no,False
103253568,METROPOLITAN NASHVILLE POLICE DEPT,20220138724,Davidson,Nashville,3/24/2022 2:07:00 PM,3,0,0,36.176970,-86.772820,I 24,,,,0.00,,,,,,,47.90,N,Not at Intersection,N,Non-Junction,None,,,         ,Rachael,Robinson,Cloudy,"Sideswipe, Same Direction",no,no,no,no,no,False
103253576,METROPOLITAN NASHVILLE POLICE DEPT,20220138547,Davidson,Nashville,3/24/2022 12:17:00 PM,2,1,0,36.206850,-86.605630,ANDREW JACKSON PKWY,,,,0.00,,,HIGHLAND VIEW DR,,,,0.00,Y,Four-Way,N,Intersection-Related,None,,,         ,Terry,Denton,Cloudy,Angle,no,no,no,no,no,False
103253579,METROPOLITAN NASHVILLE POLICE DEPT,20220138779,Davidson,Nashville,3/24/2022 2:30:00 PM,2,1,0,36.082010,-86.727070,NOLENSVILLE PKE,,,,224.00,Feet,South,WELSHWOOD DR,,,,0.00,N,Not at Intersection,N,Non-Junction,None,,,         ,William,McDaniel,Clear,"Sideswipe, Same Direction",no,no,no,no,no,False
103253580,METROPOLITAN NASHVILLE POLICE DEPT,20220138740,Davidson,Nashville,3/24/2022 1:57:00 PM,2,0,0,36.071910,-86.636170,BELL RD,,,,13.00,Feet,North,MURFREESBORO PKE,,,,0.00,N,Not at Intersection, ,Non-Junction,None,,,         ,Kaytlin,huyler,Clear,"Sideswipe, Same Direction",no,no,no,no,no,False
103253618,METROPOLITAN NASHVILLE POLICE DEPT,20220138738,Davidson,Not in City Limit,3/24/2022 1:35:00 PM,2,0,0,36.075470,-86.940400,HIGHWAY 70S,,,,0.00,,,BELLEVUE RD,,,,0.00,Y,T-Intersection,N,Intersection,None,,,         ,Cory,Stratton,Clear,HeadOn,no,no,no,no,no,False
103253628,METROPOLITAN NASHVILLE POLICE DEPT,20220138894,Davidson,Nashville,3/24/2022 3:30:00 PM,2,0,0,36.040280,-86.768370,OLD HICKORY BLVD,,,,0.00,,,SEVEN SPRINGS WAY,,,,0.00,Y,Four-Way, ,,None,,,         ,Flynn,Ireland,,,no,no,no,no,no,False
103253635,METROPOLITAN NASHVILLE POLICE DEPT,20220138910,Davidson,Nashville,3/24/2022 12:00:00 AM,2,0,0,36.119370,-86.726350,I 24,,,,0.00,,,,,,,53.00,N,Not at Intersection,N,Non-Junction,None,,,         ,Esther,Poysti,Clear,Front to Rear,no,no,no,no,yes,False
103253636,METROPOLITAN NASHVILLE POLICE DEPT,20220138852,Davidson,Antioch,3/24/2022 3:16:00 PM,4,0,0,36.027800,-86.589860,MURFREESBORO PKE,,,,269.00,Feet,South,LAVERGNE COUCHVILLE PKE,,,,0.00,N,Not at Intersection,N,Non-Junction,None,,,         ,Brandon,Simpkins,Clear,Front to Rear,no,no,no,no,no,False
103253637,METROPOLITAN NASHVILLE POLICE DEPT,20220138858,Davidson,Nashville,3/24/2022 3:17:00 PM,2,0,0,36.151460,-86.857750,I40 E EXT RAMP,,,,0.00,,,I 40,,,,0.00,Y,Four-Way, ,,None,,,         ,Robert,Higgins,,,no,no,no,no,no,False
103253656,METROPOLITAN NASHVILLE POLICE DEPT,20220138588,Davidson,Nashville,3/24/2022 11:00:00 AM,1,0,0,36.157880,-86.781440,8TH AVS,,,,0.00,,,,,,,0.00,,, ,OtherLocation,None,,,         ,Russell,Freeman,Clear,Not Collision with Motor Vehicle in Transport,no,no,no,no,no,False
103253665,METROPOLITAN NASHVILLE POLICE DEPT,20220138806,Davidson,Nashville,3/24/2022 1:25:00 PM,2,0,0,36.138210,-86.755140,CULVERT ST,,,,263.00,Feet,East,GEYSER ST,,,,0.00,N,Not at Intersection, ,Non-Junction,None,,,         ,Todd,Watson,Clear,"Sideswipe, Opposite Direction",no,no,no,no,no,False
103253671,METROPOLITAN NASHVILLE POLICE DEPT,20220138989,Davidson,Nashville,3/24/2022 4:29:00 PM,2,0,0,36.118570,-86.700200,BRILEY PKWY S EXT RAMP,,,,0.00,,,BRILEY PKWYS,,,,0.00,Y,Four-Way, ,Non-Junction,None,,,         ,Austin,Binner,Clear,Front to Rear,no,no,no,no,no,False
103253672,METROPOLITAN NASHVILLE POLICE DEPT,20220139010,Davidson,Nashville,3/24/2022 4:26:00 PM,2,0,0,36.143950,-86.700570,I 40,,,,0.00,,,,,,,214.70,N,Not at Intersection, ,,None,,,         ,Evan,Grace,,,no,no,no,no,no,False
103253674,METROPOLITAN NASHVILLE POLICE DEPT,20220138965,Davidson,Not in City Limit,3/24/2022 4:00:00 PM,2,2,0,36.261110,-86.757610,DICKERSON PKE,,,,14.00,Feet,South,TUCKAHOE DR,,,,0.00,N,Not at Intersection,N,Non-Junction,None,,,         ,Alexander,Hartle,Clear,Other,no,no,no,no,no,False
103253688,VANDERBILT UNIVERSITY POLICE,20220139012,Davidson,Nashville,3/24/2022 12:00:00 AM,2,0,0,36.141130,-86.813610,VANDERBILT PL,,,,0.00,,,,,,,0.00,,, ,Non-Junction,None,,,         ,Cheryl,Bradley,,Front to Rear,no,no,no,yes,no,Campus
103253701,GOODLETTSVILLE POLICE DEPT,22-09040,Davidson,Goodlettsville,3/24/2022 1:34:00 PM,4,1,0,36.325710,-86.701850,E CEDAR ST,,,,218.00,Feet,North,LONG HOLLOW PKE,,,,0.00,N,Not at Intersection,N,"Driveway, Alley Access, etc",None,,,         ,Nicholas,Given,Clear,Front to Rear,no,no,no,yes,no,False
103253715,METROPOLITAN NASHVILLE POLICE DEPT,20220139082,Davidson,Nashville,3/24/2022 12:00:00 AM,1,0,0,36.121000,-86.696730,BRILEY PKWY N ENT RAMP,,,,0.00,Feet,East,BRILEY PKWYN,,,,0.00,N,Not at Intersection,N,Non-Junction,None,,,         ,Esther,Poysti,Clear,Not Collision with Motor Vehicle in Transport,no,no,no,no,no,False
103253734,METROPOLITAN NASHVILLE POLICE DEPT,20220139097,Davidson,Nashville,3/24/2022 5:15:00 PM,2,0,0,36.242510,-86.756940,DICKERSON PKE,,,,205.00,Feet,North,DICKERSON PKE ENT RAMP,,,,0.00,N,Not at Intersection, ,,None,,,         ,Alexander,Hartle,,,no,no,no,no,no,False
103253759,METROPOLITAN NASHVILLE POLICE DEPT,20220137552,Davidson,Nashville,3/23/2022 11:45:00 PM,2,0,0,36.177890,-86.773370,I 24,,,,0.00,,,,,,,47.80,N,Not at Intersection,N,Non-Junction,None,,,         ,James,Hill,Clear,Not Collision with Motor Vehicle in Transport,no,no,no,no,yes,False
103253760,METROPOLITAN NASHVILLE POLICE DEPT,20220139104,Davidson,Nashville,3/24/2022 5:33:00 PM,3,1,0,36.168670,-86.600420,OLD HICKORY BLVD,,,,53.00,Feet,North,MILLS RD,,,,0.00,N,Not at Intersection,N,Non-Junction,None,,,         ,Forrest,Punke,Clear,Angle,no,no,no,no,no,False
103253763,METROPOLITAN NASHVILLE POLICE DEPT,20220139072,Davidson,Nashville,3/24/2022 5:05:00 PM,2,0,0,36.148810,-86.779130,8TH AVS,,,,320.00,Feet,South,DIVISION ST,,,,0.00,N,Not at Intersection,N,Non-Junction,None,,,         ,Russell,Freeman,Clear,Front to Rear,no,no,no,no,no,False
103253766,METROPOLITAN NASHVILLE POLICE DEPT,20220139156,Davidson,Not in City Limit,3/24/2022 5:10:00 PM,2,0,0,36.282730,-86.730980,I 65,,,,0.00,,,,,,,93.55,N,Not at Intersection, ,Non-Junction,None,,,         ,Dylan,Bradley,Clear,Angle,no,no,no,no,no,False
103253767,METROPOLITAN NASHVILLE POLICE DEPT,20220139116,Davidson,Nashville,3/24/2022 5:00:00 PM,2,0,0,36.101790,-86.740550,NOLENSVILLE PKE,,,,0.00,,,ANTIOCH PKE,,,,0.00,Y,T-Intersection,N,Non-Junction,None,,,         ,Austin,Binner,Clear,Angle,no,no,no,no,yes,False
103253770,METROPOLITAN NASHVILLE POLICE DEPT,20220139032,Davidson,Nashville,3/24/2022 4:52:00 PM,3,0,0,36.122020,-86.727240,I 24,,,,0.00,,,,,,,52.75,N,Not at Intersection,N,Non-Junction,None,,,         ,Joseph,Hurst,Clear,Front to Rear,no,no,no,no,no,False
103253772,METROPOLITAN NASHVILLE POLICE DEPT,20220139125,Davidson,Nashville,3/24/2022 5:55:00 PM,2,1,0,36.154630,-86.779160,LAFAYETTE ST,,,,0.00,,,8TH AVS,,,,0.00,Y,Roundabout,Y,Intersection,None,,,         ,Trevor,Taylor,Clear,Angle,no,no,no,no,no,False
103253792,METROPOLITAN NASHVILLE POLICE DEPT,20220139113,Davidson,Nashville,3/24/2022 5:44:00 PM,2,2,0,36.045430,-86.703610,OLD HICKORY BLVD,,,,0.00,,,EULALA DR,,,,0.00,Y,Four-Way,N,Intersection-Related,None,,,         ,Nathaniel,Myers,Clear,Angle,no,no,no,no,no,False
103253793,METROPOLITAN NASHVILLE POLICE DEPT,20220139181,Davidson,Nashville,3/24/2022 6:35:00 PM,2,2,0,36.152120,-86.772230,LAFAYETTE ST,,,,0.00,,,ASH ST,,,,0.00,Y,Four-Way,N,Intersection,None,,,         ,Russell,Freeman,Clear,Angle,no,no,no,no,no,False
103253802,METROPOLITAN NASHVILLE POLICE DEPT,20220139044,Davidson,Nashville,3/24/2022 4:40:00 PM,2,1,0,36.172840,-86.765340,S 5TH ST,,,,0.00,,,SPRING ST,,,,0.00,Y,Four-Way,N,Non-Junction,None,,,         ,Joao,Pinho,Clear,Angle,no,no,no,no,no,False