master_record_number,agency,agency_tracking_number,county,city,collision_date,vehicles_involved,number_injured,number_dead,latitude,longitude,roadway_name,roadway_suffix,roadway_number,roadway_local_id,distance_from_reference,miles-feet_indicator,direction_from_reference,intersection_road_name,intersection_road_name_suffix,intersection_road_number,intersection_local_id,mile_marker,intersection_indicator,intersect_type,interchange_related_indicator,relation_to_junction,work_zone_type,construction_maintenance_zone,construction_maintenance_zone_location,fatal_case_number,officer_first_name,officer_last_name,weather_condition(s),manner_of_crash,pedestrian,bicycle,scooter,parking,hitrun,mou
103253821,METROPOLITAN NASHVILLE POLICE DEPT,20220139120,Davidson,Nashville,3/24/2022 12:00:00 AM,2,0,0,36.236750,-86.725270,BRILEY PKWY W ENT RAMP,,,,0.00,Feet,,GALLATIN PKE SB EXT RAMP,,,,0.00,Y,Y-Intersection, ,Entrance/Exit Ramp Related,None,,,         ,Amanda,Topping,Clear,Front to Rear,no,no,no,no,no,False
103253842,METROPOLITAN NASHVILLE POLICE DEPT,20220139169,Davidson,Nashville,3/24/2022 6:22:00 PM,2,0,0,36.135730,-86.800990,21ST AVS,,,,4.00,Feet,South,ACKLEN AV,,,,0.00,N,Not at Intersection, ,,None,,,         ,Nicholas,Carroll,,,no,no,no,no,no,Campus
103253885,METROPOLITAN NASHVILLE POLICE DEPT,20220139121,Davidson,Nashville,3/24/2022 5:16:00 PM,2,0,0,36.142510,-86.800060,21ST AVS,,,,99.00,Feet,South,MEDICAL CENTER DR,,,,0.00,N,Not at Intersection, ,,None,,,         ,Nicholas,Carroll,,,no,no,no,no,no,Campus
103253914,METROPOLITAN NASHVILLE POLICE DEPT,20220139441,Davidson,Nashville,3/24/2022 8:43:00 PM,2,0,0,36.139080,-86.888790,I 40,,,,0.00,,,,,,,201.90,N,Not at Intersection,N,Non-Junction,None,,,         ,Robert,Higgins,Clear,Front to Rear,no,no,no,no,yes,False
103253983,METROPOLITAN NASHVILLE POLICE DEPT,20220139373,Davidson,Nashville,3/24/2022 6:54:00 PM,2,0,0,36.140620,-86.763850,4TH AVS,,,,68.00,Feet,North,RAINS AV,,,,0.00,N,Not at Intersection,N,Non-Junction,None,,,         ,Brady,Reynolds,Clear,Angle,no,no,no,no,yes,False
103253984,Nashville Airport Police,2022-01079,Davidson,Nashville,3/23/2022 12:00:00 AM,2,0,0,36.123440,-86.665500,DONELSON PKE,,,,2577.00,Feet,North,HANGAR LN,,,,0.00,N,Not at Intersection,N,Non-Junction,None,,,         ,Gary,Polk,Clear,Front to Rear,no,no,no,no,no,False
103254025,METROPOLITAN NASHVILLE POLICE DEPT,20220139119,Davidson,Nashville,3/24/2022 5:48:00 PM,4,0,0,36.142140,-86.711640,I 40,,,,0.00,,,,,,,214.10,N,Not at Intersection,N,Non-Junction,None,,,         ,Douglas,Mann,Clear,Front to Rear,no,no,no,no,no,False
103254030,METROPOLITAN NASHVILLE POLICE DEPT,20220139460,Davidson,Not in City Limit,3/24/2022 12:00:00 AM,2,0,0,36.260910,-86.788600,I 24,,,,0.00,,,,,,,41.80,N,Not at Intersection, ,Non-Junction,None,,,         ,Thomas,Denenea,Clear,Front to Rear,no,no,no,no,no,False
103254040,METROPOLITAN NASHVILLE POLICE DEPT,20220139172,Davidson,Nashville,3/24/2022 6:20:00 PM,1,1,0,36.167320,-86.662190,LEBANON PKE,,,,0.00,Feet,East,EDDINGS LN,,,,0.00,N,Not at Intersection,N,Non-Junction,None,,,         ,Donovan,Coble,Clear,Not Collision with Motor Vehicle in Transport,yes,no,no,no,no,False
103254041,METROPOLITAN NASHVILLE POLICE DEPT,20220139096,Davidson,Nashville,3/24/2022 5:31:00 PM,2,1,0,36.149610,-86.764760,LAFAYETTE ST,,,,223.00,Feet,East,1ST AVS,,,,0.00,N,Not at Intersection,N,Non-Junction,None,,,         ,Joshua,Belk,Clear,Front to Rear,no,no,no,no,no,False
103254043,METROPOLITAN NASHVILLE POLICE DEPT,20220139666,Davidson,Nashville,3/24/2022 10:11:00 PM,1,0,0,36.063700,-86.683740,I 24,,,,0.00,,,,,,,57.50,N,Not at Intersection, ,Non-Junction,Construction Zone,,,         ,Eric,Laury,Clear,Not Collision with Motor Vehicle in Transport,no,no,no,no,no,False
103254052,METROPOLITAN NASHVILLE POLICE DEPT,20220139611,Davidson,Not in City Limit,3/24/2022 10:25:00 PM,2,0,0,36.262330,-86.716810,PEGGY ST,,,,450.00,Feet,South,OLD HICKORY BLVDW,,,,0.00,N,Not at Intersection,N,Non-Junction,None,,,         ,Matthew,Herod,Clear,Angle,no,no,no,yes,yes,False
103254056,METROPOLITAN NASHVILLE POLICE DEPT,20220139604,Davidson,Nashville,3/24/2022 9:50:00 PM,2,0,0,36.104480,-86.720990,GLENCLIFF RD,,,,133.00,Feet,North,TWIN OAKS DR,,,,0.00,N,Not at Intersection,N,Non-Junction,None,,,         ,John,Braxton,Clear,"Sideswipe, Same Direction",no,no,no,no,yes,False
103254068,METROPOLITAN NASHVILLE POLICE DEPT,20220139446,Davidson,Not in City Limit,3/24/2022 9:10:00 PM,2,1,0,36.273860,-86.865130,CLARKSVILLE PKE,,,,452.00,Feet,South,DRY FORK RD,,,,0.00,N,Not at Intersection,N,Non-Junction,None,,,         ,Eric,Ziegler,Clear,HeadOn,no,no,no,no,yes,False
103254084,METROPOLITAN NASHVILLE POLICE DEPT,20220139475,Davidson,Nashville,3/24/2022 9:30:00 PM,2,2,0,36.079490,-86.644600,MURFREESBORO PKE,,,,0.00,,,EDGE O LAKE DR,,,,0.00,Y,Four-Way,N,Intersection,None,,,         ,Phillip,Burke,Clear,Angle,no,no,no,no,no,False
103254087,METROPOLITAN NASHVILLE POLICE DEPT,20220139742,Davidson,Nashville,3/24/2022 11:47:00 PM,2,3,0,36.160970,-86.769410,KOREAN VETERANS BLVD,,,,552.00,Feet,West,EAST BANK GRNWY,,,,0.00,N,Not at Intersection,N,Non-Junction,None,,,         ,Brenton,Adcox,Clear,Angle,no,no,no,no,no,False
103254088,METROPOLITAN NASHVILLE POLICE DEPT,20220139842,Davidson,Nashville,3/24/2022 10:30:00 PM,3,0,0,36.074020,-86.689490,RADER DR,,,,36.00,Feet,East,BAKERTOWN RD,,,,0.00,N,Not at Intersection,N,Non-Junction,None,,,         ,Eric,Laury,Clear,Angle,no,no,no,yes,yes,False
103254103,METROPOLITAN NASHVILLE POLICE DEPT,20220139896,Davidson,Nashville,3/24/2022 4:00:00 PM,2,0,0,36.081510,-86.702280,WALLACE RD,,,,171.00,Feet,South,LINBAR DR,,,,0.00,N,Not at Intersection,N,Non-Junction,None,,,         ,Robert,Leverick,Clear,Angle,no,no,no,yes,yes,False
103254105,METROPOLITAN NASHVILLE POLICE DEPT,20220139836,Davidson,Nashville,3/25/2022 12:30:00 AM,1,0,0,36.244050,-86.722700,GALLATIN PKES,,,,187.00,Feet,South,LAKEWOOD DR,,,,0.00,N,Not at Intersection,N,Non-Junction,None,,,         ,Matthew,Herod,Clear,Not Collision with Motor Vehicle in Transport,no,no,no,no,no,False
103254123,METROPOLITAN NASHVILLE POLICE DEPT,20220140006,Davidson,Nashville,3/25/2022 4:00:00 AM,2,1,0,36.150860,-86.758070,LEWIS ST,,,,85.00,Feet,North,CANNON ST,,,,0.00,N,Not at Intersection,N,Non-Junction,None,,,         ,Mario,Diaz,Clear,"Sideswipe, Opposite Direction",no,no,no,no,yes,False
103254125,METROPOLITAN NASHVILLE POLICE DEPT,20220140021,Davidson,Nashville,3/25/2022 12:00:00 AM,1,0,0,36.182890,-86.797810,ROSA L PARKS BLVD,,,,80.00,Feet,South,I65 N EXT RAMP,,,,0.00,N,Not at Intersection,N,Non-Junction,None,,,         ,Jacob,Ross,Clear,Not Collision with Motor Vehicle in Transport,no,no,no,yes,yes,False
103254172,METROPOLITAN NASHVILLE POLICE DEPT,20220139939,Davidson,Nashville,3/25/2022 2:00:00 AM,2,1,0,36.176770,-86.772700,I 24,,,,0.00,,,,,,,47.90,N,Not at Intersection,N,Non-Junction,None,,,         ,Damon,Hutcheson,Cloudy,"Sideswipe, Same Direction",no,no,no,no,yes,False
103254196,METROPOLITAN NASHVILLE POLICE DEPT,20220140078,Davidson,Nashville,3/25/2022 5:37:00 AM,2,0,0,36.130290,-86.899940,CHARLOTTE PKE,,,,0.00,,,I40 W EXT RAMP,,,,0.00,Y,T-Intersection,N,Intersection,None,,,         ,David,Moser,Rain,Front to Rear,no,no,no,no,no,False
103254201,METROPOLITAN NASHVILLE POLICE DEPT,20220138465,Davidson,Nashville,3/24/2022 11:30:00 AM,2,2,0,36.037470,-86.790980,OLD HICKORY BLVD,,,,0.00,Feet,,S HILLVIEW DR,,,,0.00,Y,Four-Way,Y,Intersection,None,,,         ,Scott,St. John,Clear,Angle,no,no,no,no,no,False
103254227,METROPOLITAN NASHVILLE POLICE DEPT,20220140172,Davidson,Nashville,3/25/2022 6:48:00 AM,2,0,0,36.116010,-86.704470,BRILEY PKWYS,,,,424.00,Feet,East,BRILEY PKWYN,,,,0.00,N,Not at Intersection, ,Non-Junction,None,,,         ,Tyler,Jordan,Cloudy,Front to Rear,no,no,no,no,no,False
103254232,METROPOLITAN NASHVILLE POLICE DEPT,20220140152,Davidson,Not in City Limit,3/25/2022 6:40:00 AM,1,0,0,36.065720,-86.937470,BELLEVUE RDN,,,,0.00,,,OLD HARDING PKE,,,,0.00,Y,T-Intersection,N,Intersection,None,,,         ,Jackson,Smythe,Cloudy,Not Collision with Motor Vehicle in Transport,no,no,no,no,no,False
103254237,METROPOLITAN NASHVILLE POLICE DEPT,202220140160,Davidson,Nashville,3/25/2022 6:32:00 AM,2,0,0,36.077640,-86.766370,I 65,,,,0.00,,,,,,,77.50,N,Not at Intersection, ,Non-Junction,None,,,         ,Scott,St. John,Clear,"Sideswipe, Same Direction",no,no,no,no,no,False
103254254,METROPOLITAN NASHVILLE POLICE DEPT,20220140266,Davidson,Nashville,3/25/2022 7:50:00 AM,2,0,0,36.029920,-86.637660,I 24,,,,0.00,,,,,,,61.00,N,Not at Intersection, ,,None,,,         ,Patrick,Martin,,,no,no,no,no,no,False
103254255,Nashville Airport Police,202201059,Davidson,Nashville,3/22/2022 12:14:00 PM,2,0,0,36.138020,-86.665150,DONELSON,PIKE,SR255,,0.00,,,SATELLITE,WAY,,,0.00,Y,T-Intersection,N,Intersection,None,,,         ,Dylan,Bollinger,Clear,Front to Rear,no,no,no,no,no,False
103254270,METROPOLITAN NASHVILLE POLICE DEPT,20220140290,Davidson,Nashville,3/25/2022 7:45:00 AM,1,0,0,36.144480,-86.714550,ELM HILL PKE,,,,785.00,Feet,West,WRIGHT INDUSTRIES PVTDR,,,,0.00,N,Not at Intersection,N,Non-Junction,None,,,         ,Patrick,Lancaster,Cloudy,Not Collision with Motor Vehicle in Transport,no,no,no,no,no,False
103254279,METROPOLITAN NASHVILLE POLICE DEPT,20220140353,Davidson,Not in City Limit,3/25/2022 8:55:00 AM,2,0,0,36.262190,-86.712210,GALLATIN PKES,,,,7.00,Feet,South,E OLD HICKORY BLVD,,,,0.00,N,Not at Intersection, ,,None,,,         ,Brian,Otto,,,no,no,no,no,no,False
103254281,METROPOLITAN NASHVILLE POLICE DEPT,20220140296,Davidson,Nashville,3/25/2022 8:11:00 AM,2,1,0,36.082990,-86.702080,WALLACE RD,,,,227.00,Feet,North,LINBAR DR,,,,0.00,N,Not at Intersection,N,Non-Junction,None,,,         ,Tyler,Jordan,Cloudy,Other,no,no,no,no,no,False
103254286,VANDERBILT UNIVERSITY POLICE,20220140240,Davidson,Nashville,3/3/2022 8:30:00 AM,2,0,0,36.138990,-86.804160,CHILDRENS WAY,,,,271.00,Feet,East,24TH AVS,,,,0.00,N,Not at Intersection, ,Unknown,None,,,         ,Harlan,Jones,Clear,Front to Rear,no,no,no,yes,no,Campus
103254328,METROPOLITAN NASHVILLE POLICE DEPT,20220140480,Davidson,Nashville,3/25/2022 8:45:00 AM,2,0,0,36.243350,-86.722930,GALLATIN PKES,,,,449.00,Feet,South,LAKEWOOD DR,,,,0.00,N,Not at Intersection,N,Non-Junction,None,,,         ,Brian,Otto,Cloudy,Angle,no,no,no,no,yes,False
103254330,METROPOLITAN NASHVILLE POLICE DEPT,20220140386,Davidson,Nashville,3/25/2022 8:07:00 AM,3,1,0,36.038930,-86.602460,MURFREESBORO PKE,,,,140.00,Feet,South,OLD HICKORY BLVD,,,,0.00,N,Not at Intersection,N,Non-Junction,None,,,         ,Tavin,Emlund,Cloudy,Angle,no,no,no,no,no,False
103254363,GOODLETTSVILLE POLICE DEPT,22-09127,Davidson,Goodlettsville,3/25/2022 11:27:00 AM,1,0,0,36.338810,-86.720060,HITT LN,,,,254.00,Feet,South,OLD SPRINGFIELD PKE,,,,0.00,N,Not at Intersection,N,Non-Junction,None,,,         ,Daniel,Knalls,Clear,Not Collision with Motor Vehicle in Transport,no,no,no,no,no,False
103254419,METROPOLITAN NASHVILLE POLICE DEPT,20220140254,Davidson,Nashville,3/25/2022 7:40:00 AM,2,2,0,36.055010,-86.642410,ZELIDA AV,,,,0.00,,,BELL RD,,,,0.00,Y,Four-Way,N,Intersection,None,,,         ,Benjamin,Tasto,Cloudy,Other,no,no,no,no,no,False
103254478,METROPOLITAN NASHVILLE POLICE DEPT,20220140593,Davidson,Nashville,3/25/2022 11:21:00 AM,2,0,0,36.139340,-86.726970,I24E,,,,402.00,Feet,North,I24 W ENT RAMP,,,,0.00,N,Not at Intersection,N,Non-Junction,None,,,         ,Kaytlin,huyler,Clear,"Sideswipe, Same Direction",no,no,no,no,no,False
103254491,METROPOLITAN NASHVILLE POLICE DEPT,20220140655,Davidson,Not in City Limit,3/25/2022 12:10:00 PM,2,1,0,35.996870,-86.689890,NOLENSVILLE PKE,,,,0.00,Feet,,CONCORD RD,,,,0.00,Y,Four-Way,N,Intersection,None,,,         ,Justin,Pinkelton,Cloudy,Angle,no,no,no,no,no,False
103254537,METROPOLITAN NASHVILLE POLICE DEPT,20220140701,Davidson,Not in City Limit,3/25/2022 12:42:00 PM,1,0,0,36.007720,-86.665560,OLD HICKORY BLVD,,,,125.00,Feet,East,PETTUS RD,,,,0.00,N,Not at Intersection,N,Non-Junction,None,,,         ,Darrin,Hardin,Clear,Not Collision with Motor Vehicle in Transport,no,no,no,no,no,False
103254562,METROPOLITAN NASHVILLE POLICE DEPT,20220140503,Davidson,Nashville,3/25/2022 6:00:00 AM,2,0,0,36.172490,-86.796960,REV DR ENOCH JONES BLVD,,,,555.00,Feet,West,10TH AVN,,,,0.00,N,Not at Intersection,N,Non-Junction,None,,,         ,Kiana,Perry,Clear,Rear to Side,no,no,no,no,yes,False
103254579,METROPOLITAN NASHVILLE POLICE DEPT,20220140737,Davidson,Nashville,3/25/2022 11:20:00 AM,2,1,0,36.049280,-86.651730,BELL RD,,,,0.00,,,HICKORY HOLLOW MALL PVTDR PL,,,,0.00,Y,Four-Way,N,Intersection-Related,None,,,         ,Benjamin,Tasto,Cloudy,Front to Rear,no,no,no,no,yes,False
103254580,METROPOLITAN NASHVILLE POLICE DEPT,20220140741,Davidson,Nashville,3/25/2022 1:00:00 PM,2,0,0,36.117100,-86.914920,I 40,,,,0.00,,,,,,,199.80,N,Not at Intersection, ,,Work Zone,,,         ,Wesley,Tilley,,,no,no,no,no,no,False
103254583,METROPOLITAN NASHVILLE POLICE DEPT,20220140518,Davidson,Not in City Limit,3/25/2022 10:33:00 AM,2,1,0,36.335780,-86.909250,I 24,,,,0.00,,,,,,,32.50,N,Not at Intersection,N,Non-Junction,None,,,         ,Jeanine,Sarno,Cloudy,"Sideswipe, Same Direction",no,no,no,no,no,False
103254597,METROPOLITAN NASHVILLE POLICE DEPT,20220140717,Davidson,Nashville,3/25/2022 12:00:00 PM,3,0,0,36.150710,-86.857850,WHITE BRIDGE PKE,,,,0.00,,,OBRIEN AV,,,,0.00,Y,OTHER,N,Non-Junction,None,,,         ,George,Spencer,Clear,"Sideswipe, Same Direction",no,no,no,no,no,False
103254598,METROPOLITAN NASHVILLE POLICE DEPT,20220140738,Davidson,Nashville,3/25/2022 12:51:00 PM,2,0,0,36.037970,-86.797770,OLD HICKORY BLVD,,,,0.00,,,WOODWARD HILLS PL,,,,0.00,Y,Four-Way,N,Intersection,None,,,         ,Scott,St. John,Cloudy,"Sideswipe, Same Direction",no,no,no,no,no,False
103254605,METROPOLITAN NASHVILLE POLICE DEPT,20220140606,Davidson,Nashville,3/25/2022 11:00:00 AM,2,0,0,36.103140,-86.815800,WARFIELD DR,,,,116.00,Feet,East,HILLSBORO PKE,,,,0.00,N,Not at Intersection, ,Non-Junction,None,,,         ,Tony,Folad,Cloudy,Angle,no,no,no,no,no,False
103254619,METROPOLITAN NASHVILLE POLICE DEPT,20220140822,Davidson,Not in City Limit,3/25/2022 1:05:00 PM,2,0,0,36.264100,-86.724180,OLD HICKORY BLVDW,,,,0.00,Feet,East,HERITAGE DR,,,,0.00,N,Not at Intersection, ,Non-Junction,None,,,         ,Justan,Vance,Cloudy,Front to Rear,no,no,no,no,no,False
103254630,METROPOLITAN NASHVILLE POLICE DEPT,20220140748,Davidson,Nashville,3/25/2022 1:08:00 PM,2,0,0,36.217110,-86.693310,MCGAVOCK PKE WB ENT RAMP,,,,0.00,Feet,East,MCGAVOCK PKE EB ENT RAMP,,,,0.00,N,Not at Intersection, ,Entrance/Exit Ramp Related,None,,,         ,Cameron,Fritschie,Cloudy,Front to Rear,no,no,no,no,no,False
103254648,TENNESSEE STATE UNIVERSITY ,22-TSU-09588,Davidson,Nashville,3/25/2022 11:50:00 AM,2,0,0,36.166950,-86.828030,JOHN A MERRITT BLVD,,,,324.00,Feet,West,33RD AVN,,,,0.00,N,Not at Intersection, ,Non-Junction,None,,,         ,Inice,Wagner,Cloudy,Unknown,no,no,no,yes,yes,False
103254659,METROPOLITAN NASHVILLE POLICE DEPT,20220140798,Davidson,Nashville,3/25/2022 1:39:00 PM,2,1,0,36.116210,-86.798320,BELMONT BLVD,,,,0.00,,,STOKES LN,,,,0.00,Y,OTHER,N,Non-Junction,None,,,         ,Megan,Lamon,Clear,Unknown,no,no,no,no,no,False
103254679,METROPOLITAN NASHVILLE POLICE DEPT,20220140814,Davidson,Nashville,3/25/2022 1:53:00 PM,1,0,0,36.141340,-86.771730,GRAY ST,,,,0.00,,,HAGAN ST,,,,0.00,Y,T-Intersection, ,Intersection,Construction Zone,,,         ,Lee,Davis,Cloudy,Not Collision with Motor Vehicle in Transport,no,no,no,no,no,False
103254692,METROPOLITAN NASHVILLE POLICE DEPT,20220140863,Davidson,Nashville,3/25/2022 2:30:00 PM,2,0,0,36.145910,-86.870960,CHARLOTTE PKE,,,,98.00,Feet,West,WESTBORO DR,,,,0.00,N,Not at Intersection, ,Non-Junction,None,,,         ,George,Spencer,Cloudy,Front to Rear,no,no,no,no,yes,False
103254702,METROPOLITAN NASHVILLE POLICE DEPT,20220140686,Davidson,Nashville,3/24/2022 11:24:00 AM,2,0,0,36.255670,-86.757890,DICKERSON PKE,,,,0.00,,,,,,,0.00,,,N,Intersection-Related,None,,,         ,Patrick,McGinnis,Clear,Front to Rear,no,no,no,no,no,False
103254717,METROPOLITAN NASHVILLE POLICE DEPT,20220140809,Davidson,Nashville,3/25/2022 12:30:00 PM,2,0,0,36.264260,-86.736130,I65 N EXT RAMP,,,,0.00,,,I 65,,,,0.00,Y,Y-Intersection,N,Entrance/Exit Ramp Related,None,,,         ,Michael,Reid,Clear,Front to Rear,no,no,no,no,yes,False
103254740,METROPOLITAN NASHVILLE POLICE DEPT,20220140623,Davidson,Nashville,3/25/2022 11:45:00 AM,1,0,0,36.144550,-86.881370,I 40,,,,0.00,,,,,,,202.45,N,Not at Intersection,N,Non-Junction,None,,,         ,Allison,Zornes,Clear,Not Collision with Motor Vehicle in Transport,no,no,no,no,no,False
103254753,METROPOLITAN NASHVILLE POLICE DEPT,202201409442022,Davidson,Nashville,3/25/2022 3:04:00 PM,2,0,0,36.168450,-86.780440,3RD AVE N,,,,50.00,Feet,South,,,,,0.01,N,Not at Intersection, ,Non-Junction,None,,,         ,Daniel,Russett,Clear,Front to Rear,no,no,no,no,no,False
103254763,METROPOLITAN NASHVILLE POLICE DEPT,20220140938,Davidson,Nashville,3/25/2022 3:00:00 PM,2,0,0,36.163140,-86.761620,I 24,,,,0.00,,,,,,,49.25,N,Not at Intersection,N,Non-Junction,None,,,         ,Joao,Pinho,Clear,Front to Rear,no,no,no,no,yes,False
103254777,METROPOLITAN NASHVILLE POLICE DEPT,20220140802,Davidson,Nashville,3/25/2022 1:40:00 PM,4,0,0,36.142290,-86.709980,I 40,,,,0.00,,,,,,,214.20,N,Not at Intersection,N,Non-Junction,None,,,         ,Kaitlyn,Qualls,Clear,Front to Rear,no,no,no,no,yes,False
103254778,METROPOLITAN NASHVILLE POLICE DEPT,20220141010,Davidson,Nashville,3/25/2022 3:45:00 PM,2,0,0,36.087880,-86.920690,THE RESERVE PVTDR,,,,11.00,Feet,East,OLD HICKORY BLVD,,,,0.00,N,Not at Intersection,N,OtherLocation,None,,,         ,George,Spencer,Cloudy,Angle,no,no,no,no,no,False
103254822,METROPOLITAN NASHVILLE POLICE DEPT,20220141030,Davidson,Nashville,3/25/2022 4:05:00 PM,2,0,0,36.188290,-86.821320,ROSA L PARKS BLVD,,,,131.00,Feet,North,CLARKSVILLE PKE,,,,0.00,N,Not at Intersection, ,Non-Junction,None,,,         ,Lucas,Thomas,Clear,Angle,no,no,no,no,no,False
103254847,METROPOLITAN NASHVILLE POLICE DEPT,20220127398,Davidson,Nashville,3/18/2022 8:30:00 PM,2,1,0,36.237350,-86.770190,QUALYNN DR,,,,0.00,Feet,East,VAILVIEW DR,,,,0.00,N,Not at Intersection,N,Non-Junction,None,,,         ,Philip,Claibourne,Rain,Not Collision with Motor Vehicle in Transport,no,no,no,no,no,False
103254848,METROPOLITAN NASHVILLE POLICE DEPT,20220140945,Davidson,Not in City Limit,3/25/2022 3:00:00 PM,3,0,0,36.264210,-86.735000,OLD HICKORY BLVDW,,,,55.00,Feet,East,BOYDS HILLTOP DR,,,,0.00,N,Not at Intersection, ,,None,,,         ,Philip,Claibourne,,,no,no,no,no,no,False
103254855,METROPOLITAN NASHVILLE POLICE DEPT,20220141071,Davidson,Antioch,3/25/2022 4:38:00 PM,2,0,0,36.047840,-86.612050,MURFREESBORO PKE,,,,1284.00,Feet,North,MOUNTAIN SPRINGS RD,,,,0.00,N,Not at Intersection,N,Non-Junction,None,,,         ,Nadine,Klemenz,Clear,Angle,no,no,no,no,no,False
103254856,METROPOLITAN NASHVILLE POLICE DEPT,20220141052,Davidson,Nashville,3/25/2022 12:00:00 AM,2,0,0,36.249130,-86.719600,GALLATIN PKES,,,,111.00,Feet,South,E PALESTINE AV,,,,0.00,N,Not at Intersection,N,Non-Junction,None,,,         ,Amanda,Topping,Clear,Angle,no,no,no,yes,yes,False
103254862,METROPOLITAN NASHVILLE POLICE DEPT,20220141031,Davidson,Nashville,3/25/2022 4:00:00 PM,2,0,0,36.167890,-86.777960,JAMES ROBERTSON PKWY,,,,0.00,Feet,,PUBLIC SQ,,,,0.00,Y,T-Intersection,N,Intersection-Related,None,,,         ,Russell,Freeman,Clear,"Sideswipe, Same Direction",no,no,no,no,yes,False
103254877,METROPOLITAN NASHVILLE POLICE DEPT,20220141101,Davidson,Nashville,3/25/2022 3:06:00 PM,2,0,0,36.150660,-86.864850,I 40,,,,0.00,,,,,,,203.50,N,Not at Intersection,N,Non-Junction,None,,,         ,Robert,Higgins,Clear,Angle,no,no,no,no,yes,False
103254886,GOODLETTSVILLE POLICE DEPT,22-09157,Davidson,Goodlettsville,3/25/2022 5:10:00 PM,2,0,0,36.328100,-86.714590,N MAIN ST,,,,0.00,Feet,,LINDBERG AV,,,,0.00,Y,Four-Way,N,Non-Junction,None,,,         ,Thomas,Eisenbraun,Clear,"Sideswipe, Opposite Direction",no,no,no,no,yes,False
103254887,METROPOLITAN NASHVILLE POLICE DEPT,20220141009,Davidson,Not in City Limit,3/25/2022 3:30:00 PM,2,0,0,36.263700,-86.704830,STATE RT 45,,,,104.00,Feet,West,DELAWARE AV,,,,0.00,N,Not at Intersection,N,Non-Junction,None,,,         ,Dylan,Bradley,Clear,Front to Rear,no,no,no,no,no,False
103254888,METROPOLITAN NASHVILLE POLICE DEPT,20220141008,Davidson,Not in City Limit,3/25/2022 3:10:00 PM,3,0,0,36.263700,-86.704830,STATE RT 45,,,,104.00,Feet,West,DELAWARE AV,,,,0.00,N,Not at Intersection,N,Non-Junction,None,,,         ,Dylan,Bradley,Clear,Front to Rear,no,no,no,no,yes,False
103254892,METROPOLITAN NASHVILLE POLICE DEPT,20220141076,Davidson,Nashville,3/25/2022 4:42:00 PM,3,1,0,36.105850,-86.718080,I 24,,,,0.00,,,,,,,54.00,N,Not at Intersection,N,Non-Junction,None,,,         ,Austin,Binner,Clear,Angle,no,no,no,no,no,False
103254897,METROPOLITAN NASHVILLE POLICE DEPT,20220141117,Davidson,Nashville,3/25/2022 5:20:00 PM,2,1,0,36.109840,-86.733520,HARTFORD DR,,,,3.00,Feet,North,THOMPSON LN,,,,0.00,N,Not at Intersection,N,Non-Junction,None,,,         ,Michael,Hones,Clear,Front to Rear,no,no,no,no,no,False
103254916,METROPOLITAN NASHVILLE POLICE DEPT,20220141057,Davidson,Nashville,3/25/2022 4:20:00 PM,2,1,0,36.137960,-86.727380,I24E,,,,270.00,Feet,North,I24 E ENT RAMP,,,,0.00,N,Not at Intersection,Y,Non-Junction,None,,,         ,Zaire,Murray,Clear,"Sideswipe, Same Direction",no,no,no,no,no,False
103254924,METROPOLITAN NASHVILLE POLICE DEPT,20220141155,Davidson,Nashville,3/25/2022 5:35:00 PM,2,0,0,36.167060,-86.779560,3RD AVN,,,,0.00,,,JAMES ROBERTSON PKWY,,,,0.00,Y,Four-Way, ,,None,,,         ,Russell,Freeman,,,no,no,no,no,no,False
103254925,METROPOLITAN NASHVILLE POLICE DEPT,20220141171,Davidson,Nashville,3/25/2022 5:50:00 PM,2,0,0,36.162890,-86.761390,I 24,,,,0.00,,,,,,,49.25,N,Not at Intersection,N,Non-Junction,None,,,         ,Joao,Pinho,Clear,"Sideswipe, Same Direction",no,no,no,no,yes,False
103254965,METROPOLITAN NASHVILLE POLICE DEPT,20220141023,Davidson,Nashville,3/25/2022 3:50:00 PM,2,0,0,36.140580,-86.724100,I 40,,,,0.00,,,,,,,213.60,N,Not at Intersection,N,Non-Junction,None,,,         ,Donovan,Coble,Clear,Front to Rear,no,no,no,no,no,False
103254966,METROPOLITAN NASHVILLE POLICE DEPT,20220141263,Davidson,Nashville,3/25/2022 6:55:00 PM,2,0,0,36.150630,-86.800920,WEST END AV,,,,103.00,Feet,East,21ST AVN,,,,0.00,N,Not at Intersection, ,Non-Junction,None,,,         ,Cory,Stratton,Clear,Angle,no,no,no,no,no,Campus
103254975,METROPOLITAN NASHVILLE POLICE DEPT,20220140820,Davidson,Nashville,3/25/2022 1:50:00 PM,3,1,0,36.119020,-86.809170,HILLSBORO PKE,,,,238.00,Feet,South,STOKES LN,,,,0.00,N,Not at Intersection,N,Non-Junction,None,,,         ,Allison,Zornes,Clear,HeadOn,no,no,no,no,no,False
103254976,METROPOLITAN NASHVILLE POLICE DEPT,20220141246,Davidson,Antioch,3/25/2022 6:42:00 PM,2,1,0,36.028460,-86.590590,MURFREESBORO PKE,,,,51.00,Feet,North,LAVERGNE COUCHVILLE PKE,,,,0.00,N,Not at Intersection,N,Non-Junction,None,,,         ,Brandon,Simpkins,Clear,Front to Rear,no,no,no,no,no,False
103255034,METROPOLITAN NASHVILLE POLICE DEPT,20220141349,Davidson,Nashville,3/25/2022 8:17:00 PM,2,1,0,36.110790,-86.742960,THOMPSON LN,,,,0.00,Feet,,FOSTER AV,,,,0.00,Y,T-Intersection,N,Non-Junction,None,,,         ,Austin,Binner,Clear,HeadOn,no,no,no,no,yes,False