master_record_number,agency,agency_tracking_number,county,city,collision_date,vehicles_involved,number_injured,number_dead,latitude,longitude,roadway_name,roadway_suffix,roadway_number,roadway_local_id,distance_from_reference,miles-feet_indicator,direction_from_reference,intersection_road_name,intersection_road_name_suffix,intersection_road_number,intersection_local_id,mile_marker,intersection_indicator,intersect_type,interchange_related_indicator,relation_to_junction,work_zone_type,construction_maintenance_zone,construction_maintenance_zone_location,fatal_case_number,officer_first_name,officer_last_name,weather_condition(s),manner_of_crash,pedestrian,bicycle,scooter,parking,hitrun,mou
103257941,METROPOLITAN NASHVILLE POLICE DEPT,20220147240,Davidson,Nashville,3/29/2022 12:00:00 AM,1,1,0,36.036400,-86.782890,I 65,,,,0.00,,,,,,,74.40,N,Not at Intersection,N,Non-Junction,None,,,         ,Aaron,Brumley,Clear,Not Collision with Motor Vehicle in Transport,no,no,no,no,no,False
103258015,METROPOLITAN NASHVILLE POLICE DEPT,20220147420,Davidson,Nashville,3/29/2022 5:27:00 AM,1,0,0,36.229700,-86.759220,DICKERSON PKE,,,,118.00,Feet,North,BROADMOOR DR,,,,0.00,N,Not at Intersection,N,Non-Junction,None,,,         ,Samantha,Held,Clear,Not Collision with Motor Vehicle in Transport,no,no,no,no,no,False
103258053,METROPOLITAN NASHVILLE POLICE DEPT,20220147631,Davidson,Nashville,3/29/2022 7:58:00 AM,2,0,0,36.271820,-86.761480,OLD HICKORY BLVD,,,,0.00,,,MARYDALE DR,,,,0.00,Y,Four-Way, ,Intersection,None,,,         ,Christopher,Littles,Clear,Angle,no,no,no,no,no,False
103258062,METROPOLITAN NASHVILLE POLICE DEPT,20220147625,Davidson,Nashville,3/29/2022 12:00:00 AM,2,2,0,36.136000,-86.791940,WEDGEWOOD AV,,,,0.00,Feet,East,15TH AVS,,,,0.00,N,Not at Intersection,N,Non-Junction,None,,,         ,Paxton,Montgomery,Clear,Angle,no,no,no,no,no,False
103258067,METROPOLITAN NASHVILLE POLICE DEPT,20220147567,Davidson,Nashville,3/29/2022 6:45:00 AM,1,0,0,36.076520,-86.838820,HILLSBORO PKE,,,,983.00,Feet,South,TYNE BLVD,,,,0.00,N,Not at Intersection,N,Non-Junction,None,,,         ,Scott,St. John,Clear,Not Collision with Motor Vehicle in Transport,no,no,no,no,no,False
103258102,METROPOLITAN NASHVILLE POLICE DEPT,20220146218,Davidson,Nashville,3/28/2022 3:58:00 PM,3,0,0,36.110620,-86.741360,THOMPSON LN,,,,162.00,Feet,East,LOGAN ST,,,,0.00,N,Not at Intersection, ,Non-Junction,None,,,         ,Todd,Watson,Clear,Front to Rear,no,no,no,no,no,False
103258113,METROPOLITAN NASHVILLE POLICE DEPT,20220147710,Davidson,Nashville,3/29/2022 7:50:00 AM,2,0,0,36.074860,-86.919750,HIGHWAY 70S,,,,45.00,Feet,West,BELLEVUE VALLEY PLAZA PVTDR,,,,0.00,N,Not at Intersection, ,,None,,,         ,John,Walden,,,no,no,no,no,no,False
103258127,METROPOLITAN NASHVILLE POLICE DEPT,20220147616,Davidson,Nashville,3/29/2022 7:47:00 AM,4,0,0,36.188860,-86.863060,BRILEY PKWYS,,,,93.00,Feet,South,BRILEY PKWYN,,,,0.00,N,Not at Intersection, ,Non-Junction,None,,,         ,Aleksandra,Kawicka,Cloudy,Front to Rear,no,no,no,no,no,False
103258140,GOODLETTSVILLE POLICE DEPT,22-09530,Davidson,Goodlettsville,3/29/2022 8:29:00 AM,2,0,0,36.308750,-86.691110,VIETNAM VETERANS BLVDS,,,,81.00,Feet,East,LIBERTY LN,,,,0.00,N,Not at Intersection,N,Non-Junction,None,,,         ,Alexander,Bardill,Clear,"Sideswipe, Same Direction",no,no,no,no,no,False
103258147,METROPOLITAN NASHVILLE POLICE DEPT,20220147733,Davidson,Nashville,3/29/2022 7:50:00 AM,2,0,0,36.184870,-86.803390,CLAY ST,,,,0.00,,,9TH AVN,,,,0.00,Y,Four-Way, ,Intersection,None,,,         ,Jean,McCormack,Cloudy,Angle,no,no,no,no,no,False
103258149,METROPOLITAN NASHVILLE POLICE DEPT,20220147552,Davidson,Nashville,3/29/2022 6:50:00 AM,2,1,0,36.138010,-86.729850,MURFREESBORO PKE,,,,0.00,,,CRUTCHFIELD AV,,,,0.00,Y,T-Intersection,Y,Intersection,None,,,         ,Todd,Watson,Clear,Angle,no,no,no,no,no,False
103258151,METROPOLITAN NASHVILLE POLICE DEPT,20220147808,Davidson,Nashville,3/29/2022 9:21:00 AM,1,0,0,36.192160,-86.717320,ROSECLIFF DR,,,,0.00,Feet,,PRESTON DR,,,,0.00,Y,T-Intersection, ,,None,,,         ,William,Clemons,,,no,no,no,no,no,False
103258156,METROPOLITAN NASHVILLE POLICE DEPT,20220147596,Davidson,Nashville,3/29/2022 6:50:00 AM,2,0,0,36.152140,-86.753170,I 40,,,,0.00,,,,,,,211.40,N,Not at Intersection,N,Non-Junction,None,,,         ,Eric,Hall,Clear,Front to Rear,no,no,no,no,yes,False
103258184,METROPOLITAN NASHVILLE POLICE DEPT,20220147927,Davidson,Nashville,3/29/2022 10:40:00 AM,2,1,0,36.258480,-86.738450,I 65,,,,0.00,,,,,,,91.80,N,Not at Intersection,N,Non-Junction,None,,,         ,Christopher,Littles,Clear,Not Collision with Motor Vehicle in Transport,no,no,no,no,yes,False
103258185,METROPOLITAN NASHVILLE POLICE DEPT,20220147735,Davidson,Nashville,3/29/2022 9:02:00 AM,2,0,0,36.040570,-86.770890,OLD HICKORY BLVD,,,,56.00,Feet,East,SEVEN SPRINGS WAY PVTDR,,,,0.00,N,Not at Intersection, ,,None,,,         ,Scott,St. John,,,no,no,no,no,no,False
103258228,METROPOLITAN NASHVILLE POLICE DEPT,20220147853,Davidson,Nashville,3/29/2022 9:00:00 AM,2,0,0,36.144150,-86.692040,I40 W EXT RAMP,,,,0.00,Feet,East,I 40,,,,0.00,N,Not at Intersection, ,Non-Junction,None,,,         ,Aimee,Ortiz,Cloudy,"Sideswipe, Same Direction",no,no,no,no,no,False
103258241,METROPOLITAN NASHVILLE POLICE DEPT,20220147807,Davidson,Nashville,3/29/2022 9:49:00 AM,2,0,0,36.073460,-86.769300,I 65,,,,0.00,,,,,,,77.20,N,Not at Intersection,N,Non-Junction,None,,,         ,Scott,St. John,Clear,"Sideswipe, Same Direction",no,no,no,no,no,False
103258242,METROPOLITAN NASHVILLE POLICE DEPT,20220148013,Davidson,Nashville,3/29/2022 12:10:00 PM,2,0,0,36.151670,-86.751950,I 40,,,,0.00,,,,,,,211.45,N,Not at Intersection, ,Non-Junction,None,,,         ,Patrick,Lancaster,Cloudy,"Sideswipe, Same Direction",no,no,no,no,no,False
103258259,METROPOLITAN NASHVILLE POLICE DEPT,20220147974,Davidson,Nashville,3/29/2022 11:45:00 AM,2,0,0,36.223300,-86.725740,GALLATIN PKE,,,,163.00,Feet,South,MCMAHAN AV,,,,0.00,N,Not at Intersection, ,Non-Junction,None,,,         ,Michael,Agee,Cloudy,Angle,no,no,no,no,no,False
103258372,METROPOLITAN NASHVILLE POLICE DEPT,20220148063,Davidson,Nashville,3/29/2022 12:43:00 PM,1,1,0,36.112890,-86.746260,NOLENSVILLE PKE,,,,70.00,Feet,North,MCCLAIN AV,,,,0.00,N,Not at Intersection,N,Non-Junction,None,,,         ,Stanley,Collins,Clear,Not Collision with Motor Vehicle in Transport,yes,no,no,yes,no,False
103258373,METROPOLITAN NASHVILLE POLICE DEPT,20220147972,Davidson,Nashville,3/29/2022 11:40:00 AM,2,1,0,36.086860,-86.695950,HARDING PL,,,,0.00,Feet,,METROPLEX DR,,,,0.00,Y,Four-Way,Y,Intersection,None,,,         ,Tyler,Jordan,Cloudy,Angle,no,no,no,no,no,False
103258393,METROPOLITAN NASHVILLE POLICE DEPT,20220148124,Davidson,Nashville,3/29/2022 1:23:00 PM,2,0,0,36.161200,-86.792680,GEORGE L DAVIS BLVD,,,,0.00,,,CHARLOTTE AV,,,,0.00,Y,Four-Way, ,Intersection,None,,,         ,Joshua,Reece,Clear,Angle,no,no,no,no,no,False
103258420,METROPOLITAN NASHVILLE POLICE DEPT,20220148082,Davidson,Nashville,3/29/2022 12:57:00 PM,2,2,0,36.219550,-86.762440,DICKERSON PKE,,,,158.00,Feet,South,ALHAMBRA CIR,,,,0.00,N,Not at Intersection,N,Non-Junction,None,,,         ,Jarret,Sonnenberg,Clear,HeadOn,no,no,no,no,no,False
103258422,METROPOLITAN NASHVILLE POLICE DEPT,20220148143,Davidson,Not in City Limit,3/29/2022 12:55:00 PM,2,0,0,36.263740,-86.718570,OLD HICKORY BLVDW,,,,266.00,Feet,East,WALKER ST,,,,0.00,N,Not at Intersection, ,Non-Junction,Construction Zone,,,         ,Mark,Iovine,Clear,Front to Rear,no,no,no,no,no,False
103258435,METROPOLITAN NASHVILLE POLICE DEPT,20220148130,Davidson,Antioch,3/29/2022 1:20:00 PM,2,0,0,36.013500,-86.621030,I24 E EXT RAMP,,,,0.00,Feet,East,I 24,,,,0.00,N,Not at Intersection,N,Non-Junction,None,,,         ,Timothy,Ward,Clear,"Sideswipe, Same Direction",no,no,no,no,no,False
103258438,METROPOLITAN NASHVILLE POLICE DEPT,20220148092,Davidson,Nashville,3/29/2022 12:00:00 AM,2,0,0,36.131930,-86.714180,MILLWOOD DR,,,,0.00,,,,,,,0.00,,,N,Non-Junction,None,,,         ,Bryant,Howland,Clear,Unknown,no,no,no,yes,yes,False
103258445,METROPOLITAN NASHVILLE POLICE DEPT,20220148072,Davidson,Not in City Limit,3/29/2022 12:28:00 PM,2,0,0,36.282970,-86.805220,I 24,,,,0.00,,,,,,,40.00,N,Not at Intersection,N,Non-Junction,None,,,         ,Christopher,Littles,Cloudy,Angle,no,no,no,no,yes,False
103258446,METROPOLITAN NASHVILLE POLICE DEPT,20220148115,Davidson,Not in City Limit,3/29/2022 1:19:00 PM,2,0,0,36.282970,-86.805220,I 24,,,,0.00,,,,,,,40.00,N,Not at Intersection,N,Non-Junction,None,,,         ,Christopher,Littles,Cloudy,Front to Rear,no,no,no,no,no,False
103258447,METROPOLITAN NASHVILLE POLICE DEPT,20220148194,Davidson,Nashville,3/29/2022 2:00:00 PM,2,0,0,36.213470,-86.764560,DICKERSON PKE,,,,40.00,Feet,South,DELLWAY VILLA RD,,,,0.00,N,Not at Intersection, ,Non-Junction,None,,,         ,Steven,Meador,Clear,"Sideswipe, Same Direction",no,no,no,no,no,False
103258480,METROPOLITAN NASHVILLE POLICE DEPT,20220148268,Davidson,Goodlettsville,3/29/2022 2:45:00 PM,2,1,0,36.369080,-86.739060,SPRINGFIELD HWY,,,,25.00,Feet,East,TINNIN RD,,,,0.00,N,Not at Intersection,N,Non-Junction,None,,,         ,Travis,Baxter,Clear,Front to Rear,no,no,no,no,no,False
103258499,METROPOLITAN NASHVILLE POLICE DEPT,20220148276,Davidson,Nashville,3/29/2022 2:54:00 PM,2,0,0,36.134300,-86.779460,WEDGEWOOD AV,,,,0.00,,,,,,,0.00,,,N,Non-Junction,None,,,         ,Dakota,Davis,Clear,Angle,no,no,no,no,no,False
103258526,METROPOLITAN NASHVILLE POLICE DEPT,20220148375,Davidson,Nashville,3/29/2022 3:41:00 PM,2,0,0,36.178420,-86.763590,ELLINGTON PKWYS,,,,139.00,Feet,North,SPRING ST ENT RAMP,,,,0.00,N,Not at Intersection, ,Non-Junction,None,,,         ,Lemandries,Hawes,Clear,Angle,no,no,no,no,no,False
103258536,METROPOLITAN NASHVILLE POLICE DEPT,20220148371,Davidson,Nashville,3/29/2022 2:43:00 PM,2,0,0,36.153770,-86.847020,I 40,,,,0.00,,,,,,,204.50,N,Not at Intersection, ,Non-Junction,None,,,         ,Jared,Dick,Clear,Angle,no,no,no,no,no,False
103258542,METROPOLITAN NASHVILLE POLICE DEPT,20220148358,Davidson,Nashville,3/29/2022 1:26:00 PM,2,1,0,36.081520,-86.714110,HARDING PL,,,,324.00,Feet,East,HUMBER DR,,,,0.00,N,Not at Intersection,N,Non-Junction,Work Zone,Laneclosure,Before First Warning Area,         ,Keith,Parlato,Clear,Front to Rear,no,no,no,no,no,False
103258547,METROPOLITAN NASHVILLE POLICE DEPT,20220148409,Davidson,Nashville,3/29/2022 3:43:00 PM,2,0,0,36.177280,-86.773020,I 24,,,,0.00,,,,,,,47.85,N,Not at Intersection, ,Non-Junction,None,,,         ,David,Snowden,Clear,Front to Rear,no,no,no,no,no,False
103258553,METROPOLITAN NASHVILLE POLICE DEPT,20220148486,Davidson,Nashville,3/29/2022 4:50:00 PM,2,0,0,36.152740,-86.828190,CHARLOTTE AV,,,,0.00,,,37TH AVN,,,,0.00,Y,T-Intersection,N,Intersection,None,,,         ,Jared,Dick,Clear,Angle,no,no,no,no,no,False
103258555,METROPOLITAN NASHVILLE POLICE DEPT,20220148431,Davidson,Nashville,3/29/2022 12:00:00 AM,3,0,0,36.192240,-86.740720,DOUGLAS AV,,,,224.00,Feet,East,N 14TH ST,,,,0.00,N,Not at Intersection,N,Non-Junction,None,,,         ,McKenzie,Harper,Clear,"Sideswipe, Same Direction",no,no,no,no,no,False
103258574,METROPOLITAN NASHVILLE POLICE DEPT,20220148319,Davidson,Nashville,3/29/2022 3:17:00 PM,2,2,0,36.267340,-86.746260,OLD HICKORY BLVDW,,,,0.00,,,ARTA DR,,,,0.00,Y,T-Intersection,N,Intersection,None,,,         ,DuJuan,Kendrick,Clear,"Sideswipe, Same Direction",no,no,no,no,no,False
103258600,METROPOLITAN NASHVILLE POLICE DEPT,20220148433,Davidson,Goodlettsville,3/29/2022 4:11:00 PM,2,0,0,36.293110,-86.719330,I 65,,,,0.00,,,,,,,94.50,N,Not at Intersection,N,Non-Junction,None,,,         ,Miles,Posey,Clear,Front to Rear,no,no,no,no,yes,False
103258601,METROPOLITAN NASHVILLE POLICE DEPT,20220148183,Davidson,Nashville,3/28/2022 5:00:00 PM,2,0,0,36.116230,-86.866480,DAVIDSON RD,,,,0.00,,,,,,,0.00,,,N,Non-Junction,None,,,         ,Eric,Westbrook,Clear,Front to Rear,no,no,no,yes,yes,False
103258613,METROPOLITAN NASHVILLE POLICE DEPT,20220148531,Davidson,Nashville,3/29/2022 4:45:00 PM,2,0,0,36.149960,-86.779190,8TH AVS,,,,97.00,Feet,North,DIVISION ST,,,,0.00,N,Not at Intersection, ,Non-Junction,None,,,         ,Brady,Reynolds,Clear,"Sideswipe, Same Direction",no,no,no,no,no,False
103258625,METROPOLITAN NASHVILLE POLICE DEPT,20220148469,Davidson,Nashville,3/29/2022 4:44:00 PM,2,0,0,36.142350,-86.734980,I 40,,,,0.00,,,,,,,212.60,N,Not at Intersection, ,Non-Junction,None,,,         ,William,Boler,Clear,Angle,no,no,no,no,no,False
103258634,METROPOLITAN NASHVILLE POLICE DEPT,20220148533,Davidson,Nashville,3/29/2022 5:30:00 PM,2,0,0,36.068510,-86.693870,APACHE TRL,,,,0.00,,,HAYWOOD SQUARE PVTDR,,,,0.00,Y,T-Intersection,N,Intersection,None,,,         ,Stacia,Getz,Clear,Angle,no,no,no,no,no,False
103258647,METROPOLITAN NASHVILLE POLICE DEPT,20220148587,Davidson,Nashville,3/29/2022 6:05:00 PM,1,1,0,36.181340,-86.606890,OLD HICKORY BLVD,,,,1002.00,Feet,West,BARNWELL CT,,,,0.00,N,Not at Intersection,N,Non-Junction,None,,,         ,Theodore,Flick,,Not Collision with Motor Vehicle in Transport,yes,no,no,yes,no,False
103258682,GOODLETTSVILLE POLICE DEPT,22-09558,Davidson,Goodlettsville,3/29/2022 6:55:00 PM,1,0,0,36.324190,-86.709170,E CEDAR ST,,,,470.00,Feet,East,CHURCH ST,,,,0.00,N,Not at Intersection, ,Unknown,None,,,         ,Austin,Herendeen,Clear,Not Collision with Motor Vehicle in Transport,no,no,no,no,no,False
103258829,METROPOLITAN NASHVILLE POLICE DEPT,20220148994,Davidson,Nashville,3/29/2022 10:18:00 PM,1,0,0,36.202630,-86.820670,BUENA VISTA PKE,,,,74.00,Feet,West,W TRINITY LN,,,,0.00,N,Not at Intersection,N,Non-Junction,None,,,         ,Craig,Paschetti,Clear,Not Collision with Motor Vehicle in Transport,no,no,no,no,no,False
103258840,METROPOLITAN NASHVILLE POLICE DEPT,20220148871,Davidson,Nashville,3/29/2022 6:27:00 PM,2,0,0,36.147010,-86.693600,BRILEY PKWYN,,,,262.00,Feet,North,I40 W EXT RAMP,,,,0.00,N,Not at Intersection, ,Non-Junction,None,,,         ,Ryan,Thomas,Clear,Not Collision with Motor Vehicle in Transport,no,no,no,no,no,False
103258841,METROPOLITAN NASHVILLE POLICE DEPT,20220148650,Davidson,Nashville,3/29/2022 5:00:00 PM,2,0,0,36.077600,-86.695620,LINBAR DR,,,,864.00,Feet,West,LALLEMAND CT,,,,0.00,N,Not at Intersection,N,Non-Junction,None,,,         ,Laura,Williams,Clear,"Sideswipe, Opposite Direction",no,no,no,yes,yes,False
103258845,METROPOLITAN NASHVILLE POLICE DEPT,20220148903,Davidson,Not in City Limit,3/29/2022 8:55:00 PM,2,0,0,36.020950,-87.027320,HESTER BEASLEY RD,,,,0.00,,,HIGHWAY 100,,,,0.00,Y,T-Intersection,N,Intersection-Related,None,,,         ,David,Moser,Clear,Front to Rear,no,no,no,no,no,False
103258849,METROPOLITAN NASHVILLE POLICE DEPT,20220149078,Davidson,Nashville,3/29/2022 10:47:00 PM,2,0,0,36.144940,-86.766640,CHESTNUT ST,,,,8.00,Feet,East,4TH AVS,,,,0.00,N,Not at Intersection,N,Non-Junction,None,,,         ,Garrett,Reingardt,Clear,Front to Rear,no,no,no,no,no,False
103258858,METROPOLITAN NASHVILLE POLICE DEPT,20220148980,Davidson,Nashville,3/29/2022 10:05:00 PM,1,0,0,36.255850,-86.767280,PINEVIEW DR,,,,0.00,,,,,,,0.00,,,N,Non-Junction,None,,,         ,Coleman,McKellar,Clear,Not Collision with Motor Vehicle in Transport,no,no,no,no,no,False
103258859,METROPOLITAN NASHVILLE POLICE DEPT,20220149163,Davidson,Nashville,3/29/2022 10:40:00 PM,1,0,0,36.155900,-86.826870,I40 E EXT RAMP,,,,0.00,Feet,East,I 40,,,,0.00,N,Not at Intersection, ,Non-Junction,None,,,         ,William,Vanbergen,Clear,Not Collision with Motor Vehicle in Transport,no,no,no,no,no,False
103258869,METROPOLITAN NASHVILLE POLICE DEPT,2022-0149279,Davidson,Nashville,3/30/2022 12:00:00 AM,1,0,0,36.217080,-86.696380,OPRYLAND DR,,,,0.00,,,MUSIC VALLEY DR,,,,0.00,Y,Four-Way,N,Intersection,None,,,         ,Joshua,McGarvey,,Not Collision with Motor Vehicle in Transport,no,no,no,no,no,False
103258890,METROPOLITAN NASHVILLE POLICE DEPT,20220149278,Davidson,Nashville,3/30/2022 1:28:00 AM,1,1,0,36.131780,-86.833100,WEST END AV,,,,144.00,Feet,East,WILSON BLVDN,,,,0.00,N,Not at Intersection,N,Non-Junction,None,,,         ,David,Moser,Clear,Not Collision with Motor Vehicle in Transport,no,no,no,no,no,False
103258955,METROPOLITAN NASHVILLE POLICE DEPT,20220149458,Davidson,Nashville,3/30/2022 5:19:00 AM,2,1,0,36.055270,-86.642320,BELL RD,,,,98.00,Feet,North,THE OVERLOOK PVTDR,,,,0.00,N,Not at Intersection,N,Non-Junction,None,,,         ,William,Williams,Clear,Angle,no,no,no,no,yes,False
103258990,METROPOLITAN NASHVILLE POLICE DEPT,20220149637,Davidson,Nashville,3/30/2022 6:13:00 AM,2,0,0,36.152920,-86.765560,I 40,,,,0.00,,,,,,,210.60,N,Not at Intersection, ,Non-Junction,None,,,         ,Rachael,Robinson,Clear,Front to Rear,no,no,no,no,no,False
103259001,GOODLETTSVILLE POLICE DEPT,22-09608,Davidson,Goodlettsville,3/30/2022 6:37:00 AM,1,0,0,36.306630,-86.699820,VIETNAM VETERANS BLVD SB ENT R,,,,0.00,,East,VIETNAM VETERANS BLVDS,,,,0.00,N,Not at Intersection, ,Entrance/Exit Ramp Related,None,,,         ,Rico,Jones,Cloudy,Not Collision with Motor Vehicle in Transport,no,no,no,no,no,False
103259008,METROPOLITAN NASHVILLE POLICE DEPT,20220149678,Davidson,Madison,3/30/2022 7:57:00 AM,2,0,0,36.263850,-86.689580,STATE RT 45,,,,212.00,Feet,East,MYATT DR,,,,0.00,N,Not at Intersection, ,Non-Junction,None,,,         ,Michelle,Steidl,Clear,Front to Rear,no,no,no,no,no,False
103259009,GOODLETTSVILLE POLICE DEPT,22-09616,Davidson,Goodlettsville,3/30/2022 7:44:00 AM,2,0,0,36.300580,-86.711330,I 65,,,,0.00,,,,,,,95.15,N,Not at Intersection, ,Non-Junction,None,,,         ,Daniel,Knalls,Clear,Front to Rear,no,no,no,no,no,False
103259022,METROPOLITAN NASHVILLE POLICE DEPT,20220149672,Davidson,Nashville,3/30/2022 12:00:00 AM,1,0,0,36.123220,-86.717330,EAST THOMPSON LN,,,,334.00,Feet,North,LAWNDALE DR,,,,0.00,N,Not at Intersection,N,Non-Junction,None,,,         ,Eric,Burford,Clear,Not Collision with Motor Vehicle in Transport,no,no,no,no,yes,False
103259052,METROPOLITAN NASHVILLE POLICE DEPT,20220149767,Davidson,Nashville,3/30/2022 8:40:00 AM,2,0,0,36.106310,-86.768130,I 65,,,,0.00,,,,,,,79.50,N,Not at Intersection, ,Non-Junction,None,,,         ,William,McDaniel,Clear,"Sideswipe, Same Direction",no,no,no,no,no,False
103259053,METROPOLITAN NASHVILLE POLICE DEPT,20220149667,Davidson,Nashville,3/30/2022 12:00:00 AM,2,0,0,36.067110,-86.724390,NORTHCREST DR,,,,0.00,,,COTTON LN,,,,0.00,Y,T-Intersection, ,Intersection,None,,,         ,Bianca,Crawford,Clear,"Sideswipe, Opposite Direction",no,no,no,no,no,False
103259071,METROPOLITAN NASHVILLE POLICE DEPT,20220149665,Davidson,Nashville,3/30/2022 7:48:00 AM,4,2,0,36.143910,-86.690430,I 40,,,,0.00,,,,,,,215.25,N,Not at Intersection,N,Non-Junction,None,,,         ,Jason,Lyons,Clear,Front to Rear,no,no,no,no,no,False
103259089,METROPOLITAN NASHVILLE POLICE DEPT,20220149825,Davidson,Nashville,3/30/2022 9:38:00 AM,2,0,0,36.142380,-86.735040,I 40,,,,0.00,,,,,,,212.60,N,Not at Intersection,N,Non-Junction,None,,,         ,Cameron,Fritschie,Clear,Front to Rear,no,no,no,no,yes,False
103259094,METROPOLITAN NASHVILLE POLICE DEPT,20220149835,Davidson,Nashville,3/30/2022 7:36:00 AM,2,0,0,36.084350,-86.705290,HARDING PL,,,,200.00,Feet,East,LINBAR DR,,,,0.00,N,Not at Intersection, ,Non-Junction,None,,,         ,Andrew,Campbell,Clear,Front to Rear,no,no,no,no,no,False
103259104,METROPOLITAN NASHVILLE POLICE DEPT,20220149664,Davidson,Nashville,3/30/2022 7:45:00 AM,3,2,0,36.209850,-86.839220,CLARKSVILLE PKE,,,,425.00,Feet,South,NORTHSIDE STATION PVTDR,,,,0.00,N,Not at Intersection,N,Non-Junction,None,,,         ,Rachel,Susee,Cloudy,Front to Rear,no,no,no,no,no,False
103259110,METROPOLITAN NASHVILLE POLICE DEPT,20220149840,Davidson,Nashville,3/30/2022 9:33:00 AM,2,0,0,36.156150,-86.789260,I40 W EXT RAMP,,,,0.00,Feet,East,I 40,,,,0.00,N,Not at Intersection, ,,None,,,         ,Zachary,Nichols,,,no,no,no,no,no,False
103259132,METROPOLITAN NASHVILLE POLICE DEPT,20220149816,Davidson,Not in City Limit,3/29/2022 10:20:00 PM,1,1,0,36.276670,-86.806000,OLD HICKORY BLVD,,,,818.00,Feet,West,BLEVINS RD,,,,0.00,N,Not at Intersection,N,Non-Junction,None,,,         ,Jeanine,Sarno,Clear,Not Collision with Motor Vehicle in Transport,no,no,no,no,no,False
103259135,METROPOLITAN NASHVILLE POLICE DEPT,20220149882,Davidson,Nashville,3/30/2022 10:15:00 AM,2,0,0,36.150380,-86.857000,CHARLOTTE PKE,,,,115.00,Feet,East,ORLANDO AV,,,,0.00,N,Not at Intersection, ,Non-Junction,None,,,         ,George,Spencer,Clear,"Sideswipe, Same Direction",no,no,no,no,no,False
103259136,METROPOLITAN NASHVILLE POLICE DEPT,20220149891,Davidson,Nashville,3/30/2022 9:25:00 AM,1,0,0,36.223550,-86.788280,BRICK CHURCH PARK DR,,,,0.00,,,FERNCO DR,,,,0.00,Y,OTHER, ,Non-Junction,None,,,         ,James,Wray,Clear,Not Collision with Motor Vehicle in Transport,no,no,no,no,no,False
103259137,METROPOLITAN NASHVILLE POLICE DEPT,2022-0149661,Davidson,Nashville,3/30/2022 7:40:00 AM,2,1,0,36.142200,-86.666600,I40 W EXT RAMP,,,,0.00,Feet,,I 40,,,,0.00,Y,T-Intersection,N,Intersection,None,,,         ,Russell,Ward,Clear,Angle,no,no,no,no,no,False
103259141,METROPOLITAN NASHVILLE POLICE DEPT,20220149733,Davidson,Nashville,3/30/2022 8:37:00 AM,2,1,0,36.104310,-86.668570,MURFREESBORO PKE,,,,61.00,Feet,West,OLD MURFREESBORO PKE,,,,0.00,N,Not at Intersection,N,Non-Junction,None,,,         ,Ian,Pearce,Clear,Front to Rear,no,no,no,no,no,False
103259168,METROPOLITAN NASHVILLE POLICE DEPT,20220149736,Davidson,Nashville,3/30/2022 8:16:00 AM,2,1,0,36.267470,-86.668630,ROBINSON RD,,,,52.00,Feet,East,BRIDGEWAY AV,,,,0.00,N,Not at Intersection,N,Non-Junction,None,,,         ,Alexandra,Herring,Clear,Angle,no,no,no,no,no,False
103259171,METROPOLITAN NASHVILLE POLICE DEPT,20220149860,Davidson,Nashville,3/30/2022 9:29:00 AM,2,0,0,36.188170,-86.821420,ROSA L PARKS BLVD,,,,77.00,Feet,North,CLARKSVILLE PKE,,,,0.00,N,Not at Intersection, ,,None,,,         ,Aleksandra,Kawicka,,,no,no,no,no,no,False
103259181,METROPOLITAN NASHVILLE POLICE DEPT,20220149995,Davidson,Nashville,3/30/2022 11:20:00 AM,2,0,0,36.083120,-86.766640,I65 S ENT RAMP,,,,0.00,Feet,,I 65,,,,0.00,Y,T-Intersection, ,Intersection-Related,None,,,         ,Scott,St. John,Clear,Front to Rear,no,no,no,no,no,False
103259221,METROPOLITAN NASHVILLE POLICE DEPT,20220150111,Davidson,Madison,3/30/2022 12:08:00 PM,3,0,0,36.263910,-86.688310,STATE RT 45,,,,164.00,Feet,South,ARCHWOOD DR,,,,0.00,N,Not at Intersection,N,Non-Junction,None,,,         ,Michelle,Steidl,Clear,Front to Rear,no,no,no,no,no,False
103259247,METROPOLITAN NASHVILLE POLICE DEPT,20220150019,Davidson,Nashville,3/30/2022 11:45:00 AM,2,0,0,36.130380,-86.916710,RIVER RD,,,,0.55,Miles,East,GOWER RD,,,,0.00,N,Not at Intersection,N,Non-Junction,None,,,         ,Wesley,Tilley,Clear,Front to Rear,no,no,no,yes,no,False
103259254,METROPOLITAN NASHVILLE POLICE DEPT,20220149909,Davidson,Nashville,3/30/2022 12:00:00 AM,2,0,0,36.150850,-86.760640,CANNON ST,,,,60.00,Feet,East,CLAIBORNE ST,,,,0.00,N,Not at Intersection,N,Non-Junction,None,,,         ,Jeremy,Smith,Clear,Unknown,no,no,no,no,yes,False
103259320,METROPOLITAN NASHVILLE POLICE DEPT,20220150040,Davidson,Nashville,3/30/2022 11:37:00 AM,2,0,0,36.134570,-86.825280,BOWLING AV,,,,0.00,,,WEST END AV,,,,0.00,Y,OTHER,N,OtherLocation,None,,,         ,George,Spencer,Clear,Front to Rear,no,no,no,no,no,False
103259336,METROPOLITAN NASHVILLE POLICE DEPT,20220150195,Davidson,Nashville,3/30/2022 1:23:00 PM,2,0,0,36.141220,-86.731660,I 40,,,,0.00,,,,,,,212.80,N,Not at Intersection,N,Non-Junction,None,,,         ,Patrick,Lancaster,Cloudy,Front to Rear,no,no,no,no,no,False